age_group,club_member_status,fashion_news_frequency,product_group_name,price,clusters
Young Adult,ACTIVE,NONE,Underwear,186.75,1
Young Adult,ACTIVE,Regularly,Accessories,103.09,3
Young Adult,ACTIVE,NONE,Shoes,239.04,1
Young Adult,ACTIVE,NONE,Garment Lower body,134.46,1
Young Adult,LEFT CLUB,NONE,Garment Upper body,134.46,4
Young Adult,ACTIVE,NONE,Shoes,249.5,1
Young Adult,ACTIVE,NONE,Garment Upper body,76.94,1
Adult,ACTIVE,Regularly,Garment Upper body,186.75,0
Young Adult,ACTIVE,Regularly,Garment Full body,395.9,3
Young Adult,ACTIVE,Regularly,Garment Lower body,134.46,3
Young Adult,ACTIVE,NONE,Underwear,165.83,1
Young Adult,ACTIVE,Regularly,Garment Upper body,138.64,3
Adult,ACTIVE,Regularly,Garment Upper body,82.17,0
Elderly,ACTIVE,NONE,Garment Upper body,186.75,4
Adult,ACTIVE,NONE,Garment Upper body,197.21,4
Young Adult,ACTIVE,Regularly,Garment Lower body,237.16,3
Young Adult,ACTIVE,NONE,Underwear,186.75,1
Adult,ACTIVE,Regularly,Swimwear,134.46,0
Young Adult,ACTIVE,Regularly,Shoes,343.61,3
Young Adult,ACTIVE,Regularly,Garment Upper body,155.38,3
Young Adult,ACTIVE,Regularly,Underwear,134.46,3
Young Adult,ACTIVE,NONE,Underwear,218.12,1
Young Adult,ACTIVE,NONE,Garment Upper body,239.04,1
Young Adult,ACTIVE,Regularly,Garment Lower body,165.83,3
Adult,ACTIVE,Regularly,Garment Upper body,134.46,0
Elderly,ACTIVE,NONE,Garment Lower body,341,4
Young Adult,ACTIVE,NONE,Garment Lower body,218.12,1
Adult,ACTIVE,NONE,Garment Lower body,239.04,4
Young Adult,ACTIVE,Regularly,Swimwear,165.83,3
Young Adult,ACTIVE,NONE,Nightwear,291.33,1
Elderly,ACTIVE,Regularly,Garment Upper body,239.04,0
Elderly,ACTIVE,NONE,Garment Upper body,124,4
Young Adult,ACTIVE,NONE,Garment Upper body,249.5,1
Adult,ACTIVE,Regularly,Garment Full body,186.75,0
Young Adult,ACTIVE,Regularly,Swimwear,134.46,3
Young Adult,ACTIVE,Regularly,Swimwear,291.33,3
Young Adult,ACTIVE,NONE,Garment Full body,186.75,1
Young Adult,ACTIVE,Regularly,Garment Upper body,61.26,3
Adult,ACTIVE,NONE,Garment Upper body,395.9,4
Young Adult,ACTIVE,Regularly,Garment Upper body,343.61,3
Elderly,ACTIVE,NONE,Garment Upper body,186.75,4
Young Adult,ACTIVE,NONE,Garment Full body,291.33,1
Young Adult,ACTIVE,NONE,Garment Lower body,552.77,1
Adult,ACTIVE,NONE,Garment Upper body,134.46,4
Young Adult,ACTIVE,Regularly,Garment Full body,343.61,3
Young Adult,ACTIVE,Regularly,Garment Upper body,165.83,3
Young Adult,ACTIVE,NONE,Garment Upper body,312.24,1
Adult,ACTIVE,Regularly,Garment Upper body,134.46,0
Adult,ACTIVE,Regularly,Garment Upper body,134.46,0
Young Adult,ACTIVE,NONE,Garment Upper body,134.46,1
Young Adult,ACTIVE,Regularly,Socks & Tights,152.34,3
Adult,ACTIVE,Regularly,Swimwear,113.55,0
Adult,ACTIVE,NONE,Garment Lower body,239.04,4
Young Adult,ACTIVE,NONE,Underwear,113.55,1
Adult,PRE-CREATE,NONE,Garment Upper body,103.09,2
Young Adult,ACTIVE,NONE,Underwear,265.18,1
Young Adult,ACTIVE,Regularly,Garment Lower body,239.04,3
Young Adult,ACTIVE,NONE,Accessories,98.8,1
Young Adult,ACTIVE,NONE,Accessories,103.09,1
Elderly,ACTIVE,Regularly,Accessories,118.78,0
Young Adult,ACTIVE,NONE,Underwear,134.46,1
Elderly,ACTIVE,Regularly,Garment Full body,239.04,0
Young Adult,ACTIVE,Regularly,Garment Lower body,218.12,3
Adult,ACTIVE,Regularly,Garment Lower body,176.29,0
Adult,ACTIVE,NONE,Garment Upper body,103.09,4
Young Adult,ACTIVE,Regularly,Underwear,239.04,3
Elderly,ACTIVE,NONE,Garment Full body,448.19,4
Adult,ACTIVE,Regularly,Garment Lower body,186.75,0
Adult,ACTIVE,Regularly,Accessories,134.46,0
Young Adult,ACTIVE,Regularly,Garment Full body,291.33,3
Adult,ACTIVE,NONE,Garment Upper body,343.61,4
Young Adult,ACTIVE,NONE,Garment Upper body,113.55,1
Young Adult,ACTIVE,NONE,Socks & Tights,103.09,1
Adult,ACTIVE,Regularly,Garment Upper body,186.75,0
Adult,ACTIVE,Regularly,Garment Lower body,343.61,0
Young Adult,ACTIVE,Regularly,Garment Full body,186.75,3
Adult,ACTIVE,NONE,Underwear,92.63,4
Elderly,ACTIVE,NONE,Garment Full body,186.75,4
Young Adult,ACTIVE,NONE,Garment Lower body,448.19,1
Elderly,ACTIVE,NONE,Underwear,291.33,4
Elderly,ACTIVE,Regularly,Garment Lower body,225.34,0
Young Adult,ACTIVE,NONE,Underwear,155.38,1
Young Adult,ACTIVE,NONE,Garment Upper body,92.63,1
Young Adult,ACTIVE,NONE,Garment Upper body,113.55,1
Elderly,ACTIVE,Regularly,Garment Upper body,69.1,0
Young Adult,ACTIVE,NONE,Garment Upper body,343.61,1
Young Adult,ACTIVE,Regularly,Garment Upper body,291.33,3
Young Adult,ACTIVE,Regularly,Swimwear,165.83,3
Adult,ACTIVE,NONE,Garment Upper body,239.04,4
Adult,ACTIVE,Regularly,Garment Upper body,186.75,0
Young Adult,ACTIVE,NONE,Garment Full body,395.9,1
Young Adult,ACTIVE,Regularly,Garment Upper body,239.04,3
Adult,ACTIVE,Regularly,Accessories,113.55,0
Adult,ACTIVE,NONE,Garment Upper body,165.83,4
Adult,ACTIVE,NONE,Garment Upper body,186.75,4
Adult,ACTIVE,NONE,Underwear,186.75,4
Young Adult,ACTIVE,Regularly,Garment Lower body,165.83,3
Elderly,ACTIVE,NONE,Garment Lower body,197.21,4
Young Adult,ACTIVE,NONE,Garment Upper body,657.34,1
Young Adult,ACTIVE,Regularly,Garment Upper body,448.19,3
Young Adult,ACTIVE,Regularly,Garment Full body,657.34,3
Young Adult,ACTIVE,NONE,Garment Full body,124,1
Young Adult,ACTIVE,NONE,Swimwear,124,1
Young Adult,ACTIVE,Regularly,Nightwear,343.61,3
Young Adult,ACTIVE,NONE,Garment Full body,218.12,1
Adult,ACTIVE,NONE,Garment Upper body,343.61,4
Young Adult,ACTIVE,NONE,Swimwear,138.64,1
Adult,ACTIVE,NONE,Swimwear,171.06,4
Young Adult,ACTIVE,NONE,Swimwear,134.46,1
Adult,ACTIVE,NONE,Swimwear,134.46,4
Adult,ACTIVE,Regularly,Socks & Tights,51.85,0
Young Adult,ACTIVE,Regularly,Swimwear,171.06,3
Young Adult,ACTIVE,Regularly,Underwear,186.75,3
Young Adult,ACTIVE,Regularly,Swimwear,134.46,3
Adult,ACTIVE,NONE,Garment Upper body,372.58,4
Adult,ACTIVE,NONE,Garment Full body,291.33,4
Adult,ACTIVE,NONE,Garment Upper body,343.61,4
Young Adult,ACTIVE,Regularly,Garment Upper body,82.17,3
Young Adult,ACTIVE,NONE,Garment Lower body,448.19,1
Elderly,ACTIVE,Regularly,Garment Upper body,134.46,0
Elderly,ACTIVE,Regularly,Garment Upper body,239.04,0
Adult,ACTIVE,Regularly,Accessories,61.26,0
Young Adult,ACTIVE,NONE,Swimwear,165.83,1
Young Adult,ACTIVE,NONE,Swimwear,343.61,1
Young Adult,ACTIVE,NONE,Swimwear,124,1
Adult,ACTIVE,NONE,Underwear,85.21,4
Adult,ACTIVE,Regularly,Garment Upper body,291.33,0
Young Adult,ACTIVE,NONE,Shoes,76.94,1
Adult,PRE-CREATE,NONE,Garment Lower body,82.17,2
Adult,ACTIVE,Regularly,Garment Upper body,134.46,0
Elderly,ACTIVE,NONE,Swimwear,186.75,4
Elderly,ACTIVE,Regularly,Garment Full body,239.04,0
Adult,PRE-CREATE,NONE,Swimwear,186.75,2
Young Adult,ACTIVE,NONE,Garment Lower body,291.33,1
Young Adult,ACTIVE,Regularly,Garment Lower body,252.11,3
Young Adult,ACTIVE,Regularly,Socks & Tights,89.49,3
Young Adult,ACTIVE,Regularly,Garment Lower body,343.61,3
Adult,ACTIVE,Regularly,Garment Lower body,134.46,0
Young Adult,ACTIVE,Regularly,Garment Upper body,288.19,3
Young Adult,ACTIVE,NONE,Garment Full body,124,1
Young Adult,ACTIVE,NONE,Garment Upper body,186.75,1
Adult,ACTIVE,Regularly,Garment Upper body,186.75,0
Young Adult,ACTIVE,Regularly,Accessories,86.78,3
Young Adult,ACTIVE,Regularly,Garment Upper body,186.75,3
Young Adult,ACTIVE,NONE,Garment Upper body,181.73,1
Adult,ACTIVE,Regularly,Garment Upper body,239.04,0
Young Adult,ACTIVE,Regularly,Garment Lower body,82.17,3
Young Adult,ACTIVE,Regularly,Garment Upper body,186.75,3
Adult,ACTIVE,NONE,Swimwear,163.22,4
Elderly,PRE-CREATE,NONE,Garment Lower body,239.04,2
Adult,ACTIVE,NONE,Garment Upper body,218.12,4
Young Adult,ACTIVE,Regularly,Garment Full body,239.04,3
Adult,ACTIVE,Regularly,Garment Upper body,186.75,0
Young Adult,ACTIVE,NONE,Garment Upper body,56.66,1
Elderly,ACTIVE,NONE,Garment Upper body,291.33,4
Young Adult,ACTIVE,Regularly,Garment Upper body,329.71,3
Young Adult,ACTIVE,NONE,Garment Upper body,113.55,1
Adult,ACTIVE,NONE,Garment Upper body,186.75,4
Adult,ACTIVE,NONE,Nightwear,103.09,4
Adult,ACTIVE,Regularly,Garment Full body,255.14,0
Adult,ACTIVE,Regularly,Garment Lower body,239.04,0
Young Adult,ACTIVE,Regularly,Garment Upper body,249.5,3
Young Adult,ACTIVE,NONE,Swimwear,186.75,1
Adult,ACTIVE,Regularly,Garment Upper body,134.46,0
Young Adult,ACTIVE,NONE,Garment Upper body,100.89,1
Adult,ACTIVE,Regularly,Garment Lower body,239.04,0
Adult,ACTIVE,Regularly,Garment Upper body,134.46,0
Young Adult,ACTIVE,NONE,Accessories,61.26,1
Young Adult,ACTIVE,NONE,Swimwear,134.46,1
Adult,ACTIVE,NONE,Garment Upper body,741.01,4
Young Adult,ACTIVE,NONE,Garment Upper body,239.04,1
Young Adult,ACTIVE,Regularly,Garment Upper body,186.75,3
Young Adult,ACTIVE,NONE,Garment Lower body,165.83,1
Adult,ACTIVE,Regularly,Garment Lower body,343.61,0
Young Adult,ACTIVE,Regularly,Garment Full body,239.04,3
Elderly,ACTIVE,NONE,Garment Lower body,291.33,4
Young Adult,ACTIVE,Regularly,Swimwear,165.83,3
Adult,ACTIVE,Regularly,Garment Lower body,113.55,0
Adult,ACTIVE,Regularly,Underwear,186.75,0
Adult,ACTIVE,NONE,Garment Lower body,186.75,4
Young Adult,ACTIVE,NONE,Accessories,82.17,1
Adult,ACTIVE,Regularly,Garment Upper body,186.75,0
Young Adult,ACTIVE,Regularly,Garment Upper body,61.26,3
Young Adult,ACTIVE,Regularly,Garment Upper body,61.26,3
Young Adult,ACTIVE,Regularly,Garment Upper body,118.78,3
Young Adult,ACTIVE,NONE,Garment Upper body,76.94,1
Young Adult,ACTIVE,NONE,Underwear,207.67,1
Adult,ACTIVE,NONE,Garment Lower body,218.12,4
Elderly,ACTIVE,Regularly,Garment Full body,135.72,0
Elderly,ACTIVE,NONE,Garment Lower body,448.19,4
Young Adult,ACTIVE,Regularly,Garment Lower body,281.5,3
Adult,ACTIVE,NONE,Garment Full body,343.61,4
Young Adult,ACTIVE,Regularly,Garment Upper body,82.17,3
Adult,ACTIVE,Regularly,Underwear,71.72,0
Young Adult,ACTIVE,Regularly,Garment Upper body,79.35,3
Young Adult,ACTIVE,Regularly,Garment Upper body,249.5,3
Young Adult,ACTIVE,Regularly,Garment Upper body,291.33,3
Adult,ACTIVE,NONE,Garment Lower body,406.36,4
Young Adult,ACTIVE,NONE,Garment Upper body,186.75,1
Young Adult,ACTIVE,Regularly,Garment Full body,134.46,3
Adult,ACTIVE,NONE,Garment Lower body,186.75,4
Young Adult,ACTIVE,NONE,Garment Upper body,134.46,1
Young Adult,ACTIVE,Regularly,Underwear,186.75,3
Elderly,ACTIVE,NONE,Swimwear,239.04,4
Young Adult,ACTIVE,NONE,Garment Upper body,82.17,1
Young Adult,ACTIVE,Regularly,Garment Lower body,239.04,3
Elderly,ACTIVE,Regularly,Garment Upper body,134.46,0
Young Adult,ACTIVE,NONE,Garment Upper body,197.21,1
Adult,ACTIVE,Regularly,Garment Upper body,752.61,0
Adult,ACTIVE,NONE,Garment Lower body,343.61,4
Young Adult,ACTIVE,NONE,Garment Upper body,82.17,1
Adult,ACTIVE,NONE,Garment Lower body,138.64,4
Elderly,ACTIVE,Regularly,Garment Upper body,343.61,0
Adult,ACTIVE,NONE,Garment Lower body,226.18,4
Young Adult,ACTIVE,Regularly,Garment Full body,186.75,3
Adult,ACTIVE,NONE,Garment Lower body,291.33,4
Adult,ACTIVE,Regularly,Garment Upper body,343.61,0
Young Adult,ACTIVE,NONE,Underwear,218.12,1
Adult,PRE-CREATE,NONE,Garment Full body,239.04,2
Teenager,ACTIVE,NONE,Socks & Tights,48.81,0
Young Adult,ACTIVE,NONE,Garment Lower body,239.04,1
Adult,ACTIVE,NONE,Garment Upper body,108.95,4
Young Adult,ACTIVE,Regularly,Swimwear,118.98,3
Young Adult,ACTIVE,Regularly,Underwear,144.92,3
Young Adult,ACTIVE,NONE,Accessories,59.27,1
Elderly,ACTIVE,Regularly,Garment Upper body,239.04,0
Adult,ACTIVE,Regularly,Garment Upper body,155.38,0
Adult,ACTIVE,NONE,Garment Upper body,291.33,4
Young Adult,ACTIVE,NONE,Accessories,105.18,1
Adult,ACTIVE,Regularly,Garment Upper body,134.46,0
Young Adult,ACTIVE,NONE,Garment Upper body,239.04,1
Adult,ACTIVE,NONE,Garment Lower body,186.75,4
Adult,ACTIVE,Regularly,Garment Upper body,134.46,0
Young Adult,ACTIVE,NONE,Underwear,178.91,1
Elderly,ACTIVE,NONE,Accessories,61.26,4
Adult,ACTIVE,Regularly,Underwear,165.83,0
Young Adult,ACTIVE,Regularly,Underwear,165.83,3
Young Adult,ACTIVE,NONE,Garment Upper body,144.92,1
Adult,ACTIVE,NONE,Garment Full body,291.33,4
Adult,ACTIVE,Regularly,Garment Lower body,80.71,0
Adult,ACTIVE,NONE,Garment Full body,239.04,4
Adult,ACTIVE,NONE,Garment Full body,144.92,4
Adult,ACTIVE,NONE,Garment Upper body,134.46,4
Adult,ACTIVE,NONE,Nightwear,239.04,4
Elderly,ACTIVE,Regularly,Garment Upper body,657.34,0
Young Adult,ACTIVE,Regularly,Garment Lower body,134.46,3
Adult,PRE-CREATE,NONE,Garment Upper body,239.04,2
Young Adult,ACTIVE,NONE,Garment Full body,197.21,1
Young Adult,ACTIVE,NONE,Underwear,134.46,1
Young Adult,ACTIVE,NONE,Garment Lower body,165.83,1
Young Adult,ACTIVE,NONE,Garment Upper body,124,1
Adult,ACTIVE,Regularly,Garment Lower body,84.79,0
Young Adult,ACTIVE,Regularly,Garment Lower body,291.33,3
Adult,ACTIVE,NONE,Garment Upper body,239.04,4
Young Adult,ACTIVE,NONE,Garment Upper body,113.55,1
Young Adult,ACTIVE,Regularly,Garment Upper body,542.31,3
Elderly,ACTIVE,NONE,Underwear,218.12,4
Adult,ACTIVE,Regularly,Garment Upper body,239.04,0
Adult,ACTIVE,NONE,Garment Upper body,239.04,4
Young Adult,ACTIVE,NONE,Garment Upper body,117.52,1
Young Adult,ACTIVE,NONE,Accessories,155.38,1
Young Adult,ACTIVE,NONE,Garment Lower body,239.04,1
Adult,ACTIVE,Regularly,Garment Upper body,127.87,0
Young Adult,ACTIVE,NONE,Swimwear,218.12,1
Adult,ACTIVE,Regularly,Garment Upper body,113.55,0
Adult,ACTIVE,NONE,Garment Lower body,552.77,4
Adult,ACTIVE,Regularly,Garment Lower body,385.45,0
Young Adult,ACTIVE,NONE,Garment Full body,239.04,1
Elderly,ACTIVE,Regularly,Garment Upper body,82.17,0
Young Adult,ACTIVE,NONE,Garment Lower body,280.87,1
Young Adult,ACTIVE,NONE,Garment Upper body,239.04,1
Adult,ACTIVE,Regularly,Garment Lower body,239.04,0
Elderly,ACTIVE,Regularly,Garment Lower body,186.75,0
Adult,ACTIVE,NONE,Garment Upper body,395.9,4
Young Adult,ACTIVE,NONE,Accessories,92.63,1
Young Adult,ACTIVE,Regularly,Garment Lower body,186.75,3
Young Adult,ACTIVE,NONE,Underwear,134.46,1
Young Adult,ACTIVE,Regularly,Garment Full body,186.75,3
Young Adult,ACTIVE,NONE,Garment Lower body,239.04,1
Young Adult,ACTIVE,NONE,Garment Lower body,343.61,1
Young Adult,ACTIVE,NONE,Garment Upper body,239.04,1
Young Adult,ACTIVE,Regularly,Garment Upper body,448.19,3
Adult,ACTIVE,NONE,Garment Upper body,186.75,4
Adult,ACTIVE,NONE,Accessories,82.17,4
Young Adult,ACTIVE,NONE,Garment Lower body,395.9,1
Young Adult,ACTIVE,NONE,Garment Lower body,103.09,1
Elderly,ACTIVE,Regularly,Garment Full body,239.04,0
Young Adult,ACTIVE,Regularly,Garment Upper body,71.72,3
Young Adult,ACTIVE,Regularly,Swimwear,134.46,3
Young Adult,ACTIVE,Regularly,Swimwear,134.46,3
Young Adult,ACTIVE,NONE,Garment Lower body,239.04,1
Young Adult,ACTIVE,Regularly,Underwear,197.21,3
Young Adult,ACTIVE,NONE,Accessories,239.04,1
Adult,ACTIVE,NONE,Swimwear,218.12,4
Adult,ACTIVE,Regularly,Garment Upper body,113.55,0
Young Adult,ACTIVE,NONE,Garment Lower body,121.39,1
Young Adult,ACTIVE,NONE,Garment Lower body,186.75,1
Adult,ACTIVE,NONE,Garment Upper body,134.46,4
Young Adult,ACTIVE,NONE,Garment Lower body,239.04,1
Adult,ACTIVE,Regularly,Garment Upper body,291.33,0
Young Adult,ACTIVE,NONE,Garment Full body,239.04,1
Adult,ACTIVE,NONE,Garment Lower body,197.21,4
Young Adult,ACTIVE,NONE,Garment Upper body,124,1
Elderly,ACTIVE,NONE,Garment Lower body,155.38,4
Adult,ACTIVE,NONE,Garment Upper body,120.55,4
Adult,ACTIVE,Regularly,Underwear,258.7,0
Young Adult,ACTIVE,NONE,Garment Upper body,134.46,1
Young Adult,ACTIVE,NONE,Garment Upper body,239.04,1
Young Adult,ACTIVE,Regularly,Garment Lower body,186.75,3
Adult,ACTIVE,Regularly,Garment Lower body,186.75,0
Young Adult,ACTIVE,NONE,Garment Upper body,280.87,1
Elderly,ACTIVE,Regularly,Garment Lower body,165.83,0
Elderly,ACTIVE,NONE,Garment Upper body,113.55,4
Young Adult,ACTIVE,Regularly,Garment Upper body,364.53,3
Adult,ACTIVE,NONE,Garment Upper body,291.33,4
Young Adult,ACTIVE,NONE,Garment Upper body,113.55,1
Young Adult,ACTIVE,NONE,Garment Lower body,134.46,1
Young Adult,ACTIVE,Regularly,Garment Upper body,343.61,3
Adult,ACTIVE,Regularly,Shoes,395.9,0
Adult,ACTIVE,Regularly,Garment Lower body,249.5,0
Young Adult,ACTIVE,NONE,Shoes,249.5,1
Young Adult,ACTIVE,Regularly,Shoes,239.04,3
Young Adult,ACTIVE,NONE,Swimwear,189.89,1
Young Adult,ACTIVE,NONE,Garment Lower body,165.83,1
Adult,ACTIVE,NONE,Garment Full body,186.75,4
Young Adult,ACTIVE,Regularly,Accessories,57.08,3
Young Adult,ACTIVE,Regularly,Shoes,552.77,3
Young Adult,ACTIVE,Regularly,Garment Lower body,176.29,3
Elderly,ACTIVE,Regularly,Garment Full body,186.75,0
Young Adult,ACTIVE,NONE,Swimwear,113.55,1
Young Adult,ACTIVE,Regularly,Swimwear,83.22,3
Young Adult,ACTIVE,NONE,Underwear,65.44,1
Young Adult,ACTIVE,Regularly,Garment Lower body,197.21,3
Adult,ACTIVE,Monthly,Underwear,186.75,0
Young Adult,ACTIVE,NONE,Garment Upper body,134.46,1
Adult,ACTIVE,NONE,Garment Lower body,186.75,4
Young Adult,ACTIVE,Regularly,Underwear,186.75,3
Young Adult,ACTIVE,NONE,Garment Upper body,113.55,1
Young Adult,ACTIVE,Regularly,Shoes,304.4,3
Young Adult,ACTIVE,NONE,Garment Upper body,82.17,1
Adult,ACTIVE,Regularly,Garment Upper body,312.24,0
Adult,ACTIVE,NONE,Garment Lower body,134.46,4
Young Adult,ACTIVE,NONE,Garment Lower body,422.05,1
Young Adult,ACTIVE,Regularly,Garment Full body,218.12,3
Young Adult,ACTIVE,NONE,Underwear,165.83,1
Adult,ACTIVE,NONE,Underwear,165.83,4
Adult,ACTIVE,NONE,Garment Lower body,124,4
Young Adult,ACTIVE,Regularly,Garment Upper body,63.35,3
Adult,ACTIVE,Regularly,Garment Full body,193.76,0
Adult,ACTIVE,NONE,Garment Upper body,134.46,4
Young Adult,ACTIVE,Regularly,Underwear,134.46,3
Young Adult,ACTIVE,NONE,Garment Upper body,124,1
Young Adult,ACTIVE,NONE,Garment Full body,147.64,1
Adult,ACTIVE,Regularly,Garment Upper body,165.83,0
Adult,ACTIVE,NONE,Garment Upper body,280.87,4
Adult,ACTIVE,Regularly,Garment Upper body,670.42,0
Elderly,ACTIVE,Regularly,Garment Upper body,134.46,0
Young Adult,ACTIVE,NONE,Garment Upper body,343.61,1
Young Adult,ACTIVE,Regularly,Garment Upper body,186.75,3
Young Adult,ACTIVE,Regularly,Garment Lower body,291.33,3
Adult,ACTIVE,NONE,Garment Lower body,291.33,4
Young Adult,ACTIVE,Regularly,Garment Lower body,215.09,3
Young Adult,ACTIVE,NONE,Garment Lower body,197.21,1
Adult,ACTIVE,Regularly,Garment Full body,239.04,0
Young Adult,ACTIVE,NONE,Garment Lower body,218.12,1
Adult,ACTIVE,Regularly,Garment Lower body,239.04,0
Young Adult,ACTIVE,Regularly,Garment Upper body,176.29,3
Adult,ACTIVE,Regularly,Garment Full body,866.5,0
Young Adult,ACTIVE,Regularly,Garment Upper body,222.31,3
Elderly,ACTIVE,Regularly,Garment Full body,761.92,0
Young Adult,ACTIVE,Regularly,Shoes,322.7,3
Young Adult,ACTIVE,Regularly,Unknown,218.12,3
Young Adult,ACTIVE,NONE,Garment Upper body,343.61,1
Young Adult,ACTIVE,NONE,Garment Full body,82.17,1
Young Adult,ACTIVE,NONE,Garment Lower body,239.04,1
Adult,PRE-CREATE,NONE,Garment Upper body,197.21,2
Elderly,ACTIVE,NONE,Garment Upper body,89.81,4
Young Adult,ACTIVE,NONE,Garment Full body,165.83,1
Young Adult,ACTIVE,Regularly,Accessories,61.26,3
Elderly,ACTIVE,NONE,Garment Upper body,239.04,4
Adult,ACTIVE,NONE,Garment Upper body,118.78,4
Young Adult,ACTIVE,NONE,Garment Upper body,448.19,1
Young Adult,ACTIVE,Regularly,Garment Full body,186.75,3
Young Adult,ACTIVE,Regularly,Garment Lower body,124,3
Adult,ACTIVE,Regularly,Socks & Tights,99.64,0
Young Adult,ACTIVE,NONE,Garment Lower body,249.5,1
Young Adult,ACTIVE,NONE,Socks & Tights,64.81,1
Adult,ACTIVE,Regularly,Garment Full body,252.11,0
Young Adult,ACTIVE,NONE,Garment Upper body,86.36,1
Young Adult,ACTIVE,NONE,Garment Upper body,124,1
Adult,ACTIVE,NONE,Garment Upper body,186.75,4
Adult,ACTIVE,Regularly,Garment Upper body,218.12,0
Adult,ACTIVE,Regularly,Garment Full body,197.21,0
Young Adult,ACTIVE,Regularly,Socks & Tights,83.74,3
Adult,ACTIVE,Regularly,Garment Upper body,291.33,0
Elderly,ACTIVE,Regularly,Garment Upper body,495.25,0
Young Adult,ACTIVE,NONE,Accessories,82.17,1
Young Adult,ACTIVE,NONE,Shoes,239.04,1
Young Adult,ACTIVE,NONE,Garment Lower body,239.04,1
Young Adult,ACTIVE,Regularly,Accessories,54.67,3
Elderly,ACTIVE,NONE,Garment Lower body,218.12,4
Young Adult,ACTIVE,Regularly,Garment Upper body,134.46,3
Young Adult,ACTIVE,Regularly,Garment Lower body,239.04,3
Young Adult,ACTIVE,Regularly,Accessories,50.8,3
Adult,ACTIVE,NONE,Garment Upper body,239.04,4
Young Adult,ACTIVE,Regularly,Underwear,101,3
Elderly,ACTIVE,Regularly,Garment Full body,291.33,0
Adult,ACTIVE,NONE,Garment Lower body,343.61,4
Young Adult,ACTIVE,NONE,Garment Full body,134.46,1
Elderly,ACTIVE,Regularly,Garment Full body,96.81,0
Young Adult,ACTIVE,NONE,Swimwear,186.75,1
Young Adult,ACTIVE,NONE,Garment Upper body,171.06,1
Adult,ACTIVE,NONE,Swimwear,134.46,4
Young Adult,ACTIVE,NONE,Garment Upper body,343.61,1
Young Adult,ACTIVE,NONE,Garment Full body,291.33,1
Adult,ACTIVE,Regularly,Garment Lower body,124.74,0
Young Adult,ACTIVE,NONE,Garment Upper body,130.38,1
Young Adult,ACTIVE,NONE,Garment Lower body,239.04,1
Young Adult,ACTIVE,Regularly,Swimwear,134.46,3
Adult,ACTIVE,Regularly,Garment Upper body,82.17,0
Young Adult,ACTIVE,Regularly,Garment Lower body,239.04,3
Adult,ACTIVE,Regularly,Garment Lower body,165.83,0
Young Adult,ACTIVE,NONE,Garment Upper body,296.56,1
Young Adult,ACTIVE,NONE,Garment Upper body,87.82,1
Young Adult,ACTIVE,NONE,Garment Upper body,70.46,1
Adult,ACTIVE,Regularly,Garment Full body,343.61,0
Young Adult,ACTIVE,NONE,Garment Lower body,239.04,1
Adult,ACTIVE,NONE,Garment Upper body,54.98,4
Young Adult,ACTIVE,Regularly,Swimwear,218.12,3
Elderly,ACTIVE,NONE,Garment Upper body,113.55,4
Adult,ACTIVE,Regularly,Garment Lower body,186.75,0
Elderly,ACTIVE,Regularly,Garment Lower body,92.63,0
Young Adult,ACTIVE,Regularly,Garment Upper body,186.75,3
Adult,ACTIVE,NONE,Garment Upper body,186.75,4
Adult,ACTIVE,Regularly,Garment Upper body,113.55,0
Adult,ACTIVE,Regularly,Garment Lower body,134.46,0
Adult,ACTIVE,Regularly,Garment Upper body,108.63,0
Young Adult,ACTIVE,NONE,Garment Upper body,239.04,1
Young Adult,ACTIVE,Regularly,Swimwear,134.46,3
Young Adult,ACTIVE,NONE,Swimwear,124,1
Young Adult,ACTIVE,NONE,Garment Upper body,134.46,1
Adult,ACTIVE,Regularly,Garment Upper body,291.33,0
Adult,ACTIVE,NONE,Garment Upper body,124,4
Young Adult,ACTIVE,NONE,Garment Upper body,239.04,1
Elderly,ACTIVE,Regularly,Garment Upper body,239.04,0
Adult,ACTIVE,NONE,Underwear,128.5,4
Adult,ACTIVE,NONE,Garment Upper body,134.46,4
Adult,ACTIVE,NONE,Garment Upper body,103.09,4
Adult,ACTIVE,NONE,Accessories,92.63,4
Adult,ACTIVE,Regularly,Garment Upper body,165.83,0
Adult,ACTIVE,NONE,Garment Lower body,138.64,4
Young Adult,ACTIVE,NONE,Garment Upper body,165.83,1
Young Adult,ACTIVE,Regularly,Garment Full body,218.12,3
Adult,ACTIVE,Regularly,Garment Full body,218.12,0
Young Adult,ACTIVE,NONE,Swimwear,103.09,1
Adult,ACTIVE,Regularly,Garment Full body,222.72,0
Adult,ACTIVE,NONE,Garment Upper body,186.75,4
Elderly,ACTIVE,NONE,Garment Lower body,134.46,4
Young Adult,ACTIVE,NONE,Underwear,156.21,1
Elderly,ACTIVE,NONE,Garment Upper body,103.09,4
Elderly,ACTIVE,Regularly,Garment Upper body,186.75,0
Adult,ACTIVE,Regularly,Garment Full body,291.33,0
Young Adult,ACTIVE,Regularly,Swimwear,186.75,3
Young Adult,ACTIVE,Regularly,Garment Upper body,186.75,3
Young Adult,ACTIVE,Regularly,Garment Lower body,291.33,3
Young Adult,ACTIVE,Regularly,Shoes,249.5,3
Adult,ACTIVE,NONE,Garment Lower body,165.83,4
Young Adult,ACTIVE,NONE,Garment Lower body,229.21,1
Young Adult,ACTIVE,NONE,Garment Upper body,448.19,1
Young Adult,ACTIVE,NONE,Accessories,134.46,1
Adult,ACTIVE,NONE,Swimwear,134.46,4
Young Adult,ACTIVE,Regularly,Garment Upper body,186.75,3
Young Adult,ACTIVE,NONE,Garment Upper body,343.61,1
Elderly,ACTIVE,NONE,Garment Lower body,239.04,4
Young Adult,ACTIVE,Regularly,Garment Upper body,103.4,3
Elderly,ACTIVE,NONE,Garment Lower body,239.04,4
Adult,ACTIVE,Regularly,Garment Lower body,343.61,0
Young Adult,ACTIVE,NONE,Garment Upper body,239.04,1
Young Adult,ACTIVE,NONE,Underwear,151.51,1
Young Adult,ACTIVE,NONE,Garment Full body,448.19,1
Adult,ACTIVE,NONE,Garment Upper body,134.46,4
Young Adult,ACTIVE,Regularly,Swimwear,155.38,3
Adult,ACTIVE,Regularly,Garment Full body,186.75,0
Adult,ACTIVE,NONE,Garment Lower body,134.46,4
Adult,ACTIVE,NONE,Accessories,180.48,4
Adult,ACTIVE,Regularly,Garment Lower body,239.04,0
Young Adult,ACTIVE,NONE,Garment Lower body,186.75,1
Elderly,ACTIVE,Regularly,Garment Full body,552.77,0
Young Adult,ACTIVE,NONE,Accessories,113.55,1
Young Adult,PRE-CREATE,NONE,Garment Lower body,218.12,2
Young Adult,ACTIVE,Regularly,Garment Upper body,218.12,3
Adult,ACTIVE,Regularly,Swimwear,113.55,0
Young Adult,ACTIVE,Regularly,Swimwear,186.75,3
Adult,ACTIVE,NONE,Garment Upper body,134.46,4
Young Adult,ACTIVE,NONE,Garment Upper body,197.21,1
Young Adult,ACTIVE,Regularly,Garment Lower body,82.17,3
Young Adult,ACTIVE,NONE,Swimwear,161.65,1
Elderly,ACTIVE,NONE,Garment Lower body,395.9,4
Young Adult,ACTIVE,NONE,Accessories,113.55,1
Young Adult,ACTIVE,NONE,Garment Upper body,124,1
Young Adult,ACTIVE,NONE,Garment Upper body,239.04,1
Young Adult,ACTIVE,NONE,Swimwear,91.69,1
Adult,ACTIVE,NONE,Shoes,481.45,4
Young Adult,ACTIVE,Regularly,Garment Upper body,113.55,3
Young Adult,ACTIVE,NONE,Garment Upper body,218.12,1
Adult,ACTIVE,NONE,Garment Full body,239.04,4
Young Adult,ACTIVE,NONE,Garment Lower body,239.04,1
Young Adult,ACTIVE,NONE,Garment Upper body,134.46,1
Young Adult,ACTIVE,Regularly,Garment Lower body,239.04,3
Young Adult,ACTIVE,NONE,Bags,239.04,1
Young Adult,ACTIVE,NONE,Underwear,218.12,1
Young Adult,ACTIVE,Regularly,Garment Lower body,239.04,3
Adult,ACTIVE,Regularly,Garment Upper body,155.38,0
Young Adult,ACTIVE,NONE,Garment Lower body,239.04,1
Adult,ACTIVE,Regularly,Garment Upper body,239.04,0
Elderly,ACTIVE,NONE,Underwear,291.33,4
Young Adult,ACTIVE,Regularly,Garment Upper body,435.54,3
Adult,ACTIVE,NONE,Garment Upper body,71.72,4
Young Adult,ACTIVE,Regularly,Accessories,61.26,3
Young Adult,ACTIVE,NONE,Garment Upper body,343.61,1
Adult,ACTIVE,NONE,Underwear,165.83,4
Adult,ACTIVE,NONE,Swimwear,165.83,4
Young Adult,ACTIVE,NONE,Garment Lower body,291.33,1
Young Adult,PRE-CREATE,NONE,Garment Upper body,92.63,2
Adult,ACTIVE,Regularly,Garment Full body,239.04,0
Adult,ACTIVE,NONE,Shoes,255.98,4
Elderly,ACTIVE,Regularly,Garment Upper body,165.83,0
Adult,ACTIVE,Regularly,Garment Upper body,134.46,0
Adult,ACTIVE,Regularly,Garment Lower body,134.46,0
Young Adult,ACTIVE,NONE,Nightwear,239.04,1
Young Adult,ACTIVE,Regularly,Garment Upper body,218.12,3
Young Adult,ACTIVE,NONE,Accessories,50.8,1
Young Adult,ACTIVE,Regularly,Garment Lower body,124,3
Adult,ACTIVE,NONE,Garment Upper body,291.33,4
Adult,ACTIVE,NONE,Garment Upper body,552.77,4
Young Adult,ACTIVE,Regularly,Socks & Tights,134.46,3
Adult,ACTIVE,NONE,Garment Lower body,113.55,4
Young Adult,ACTIVE,NONE,Garment Upper body,186.75,1
Adult,ACTIVE,Regularly,Garment Upper body,207.67,0
Adult,ACTIVE,Regularly,Garment Upper body,218.12,0
Young Adult,ACTIVE,NONE,Garment Lower body,197.21,1
Young Adult,ACTIVE,NONE,Garment Lower body,134.46,1
Young Adult,ACTIVE,NONE,Underwear,236.63,1
Young Adult,ACTIVE,Regularly,Garment Full body,239.04,3
Elderly,ACTIVE,NONE,Garment Lower body,239.04,4
Young Adult,ACTIVE,Regularly,Garment Upper body,134.46,3
Young Adult,ACTIVE,Regularly,Garment Upper body,72.24,3
Young Adult,ACTIVE,NONE,Garment Lower body,239.04,1
Adult,ACTIVE,Regularly,Garment Upper body,82.17,0
Adult,PRE-CREATE,NONE,Garment Upper body,61.26,2
Young Adult,ACTIVE,Regularly,Underwear,291.33,3
Adult,ACTIVE,NONE,Garment Upper body,165.83,4
Young Adult,PRE-CREATE,NONE,Garment Upper body,134.46,2
Young Adult,ACTIVE,Regularly,Underwear,186.75,3
Elderly,ACTIVE,NONE,Underwear,165.83,4
Young Adult,ACTIVE,NONE,Garment Upper body,69.73,1
Young Adult,ACTIVE,Regularly,Garment Lower body,197.21,3
Adult,ACTIVE,Regularly,Garment Upper body,108.95,0
Young Adult,ACTIVE,Regularly,Underwear,189.89,3
Young Adult,ACTIVE,NONE,Garment Lower body,291.33,1
Adult,ACTIVE,NONE,Garment Upper body,134.46,4
Young Adult,ACTIVE,NONE,Underwear,114.59,1
Adult,ACTIVE,NONE,Garment Upper body,239.04,4
Teenager,ACTIVE,NONE,Accessories,113.55,0
Adult,ACTIVE,Regularly,Garment Lower body,240.82,0
Adult,ACTIVE,Regularly,Garment Upper body,197.21,0
Elderly,ACTIVE,NONE,Garment Upper body,165.83,4
Adult,ACTIVE,Regularly,Garment Upper body,61.26,0
Young Adult,ACTIVE,Regularly,Garment Lower body,225.97,3
Young Adult,ACTIVE,NONE,Socks & Tights,134.46,1
Young Adult,ACTIVE,NONE,Garment Lower body,239.04,1
Young Adult,ACTIVE,NONE,Garment Upper body,186.75,1
Adult,ACTIVE,NONE,Garment Lower body,218.12,4
Adult,ACTIVE,NONE,Garment Lower body,395.9,4
Adult,ACTIVE,Regularly,Swimwear,134.46,0
Young Adult,ACTIVE,NONE,Garment Upper body,186.75,1
Young Adult,ACTIVE,Regularly,Garment Upper body,134.46,3
Young Adult,ACTIVE,Regularly,Swimwear,134.46,3
Young Adult,ACTIVE,NONE,Accessories,48.92,1
Young Adult,ACTIVE,NONE,Socks & Tights,113.55,1
Young Adult,ACTIVE,NONE,Underwear,176.29,1
Adult,ACTIVE,Regularly,Garment Upper body,134.46,0
Young Adult,ACTIVE,NONE,Underwear,134.46,1
Young Adult,ACTIVE,Regularly,Swimwear,210.7,3
Young Adult,ACTIVE,Regularly,Underwear,134.46,3
Young Adult,ACTIVE,NONE,Garment Upper body,134.46,1
Young Adult,ACTIVE,Regularly,Accessories,386.18,3
Adult,ACTIVE,NONE,Garment Upper body,124,4
Adult,ACTIVE,NONE,Garment Upper body,155.38,4
Young Adult,PRE-CREATE,NONE,Garment Upper body,82.17,2
Young Adult,ACTIVE,Regularly,Garment Upper body,186.75,3
Young Adult,PRE-CREATE,NONE,Underwear,124,2
Adult,ACTIVE,NONE,Garment Upper body,291.33,4
Adult,ACTIVE,Regularly,Nightwear,239.04,0
Young Adult,ACTIVE,Regularly,Garment Upper body,265.18,3
Adult,ACTIVE,Regularly,Garment Upper body,265.18,0
Adult,PRE-CREATE,NONE,Garment Upper body,155.38,2
Elderly,ACTIVE,Regularly,Garment Upper body,239.04,0
Young Adult,ACTIVE,NONE,Socks & Tights,92.63,1
Young Adult,ACTIVE,Regularly,Underwear,186.75,3
Young Adult,ACTIVE,Regularly,Garment Upper body,186.75,3
Young Adult,ACTIVE,Regularly,Garment Upper body,167.72,3
Young Adult,ACTIVE,NONE,Swimwear,163.22,1
Young Adult,ACTIVE,NONE,Garment Upper body,343.61,1
Young Adult,ACTIVE,NONE,Socks & Tights,85.62,1
Young Adult,ACTIVE,Regularly,Garment Upper body,134.46,3
Young Adult,ACTIVE,Regularly,Accessories,113.55,3
Young Adult,ACTIVE,Regularly,Garment Upper body,134.46,3
Young Adult,ACTIVE,NONE,Garment Upper body,239.04,1
Young Adult,ACTIVE,Regularly,Garment Upper body,343.61,3
Adult,ACTIVE,Regularly,Garment Upper body,92.63,0
Young Adult,ACTIVE,NONE,Garment Lower body,134.46,1
Elderly,ACTIVE,Regularly,Garment Full body,186.75,0
Young Adult,ACTIVE,Regularly,Garment Upper body,113.55,3
Adult,ACTIVE,Regularly,Accessories,71.72,0
Elderly,ACTIVE,NONE,Garment Upper body,155.38,4
Elderly,ACTIVE,NONE,Swimwear,273.13,4
Elderly,ACTIVE,NONE,Garment Upper body,92.63,4
Elderly,ACTIVE,NONE,Garment Lower body,186.75,4
Young Adult,ACTIVE,Regularly,Garment Upper body,448.19,3
Young Adult,ACTIVE,NONE,Garment Upper body,207.67,1
Young Adult,ACTIVE,Regularly,Garment Upper body,113.55,3
Young Adult,ACTIVE,NONE,Garment Upper body,92.63,1
Young Adult,ACTIVE,Regularly,Garment Upper body,92.63,3
Adult,ACTIVE,NONE,Garment Upper body,165.83,4
Young Adult,ACTIVE,Regularly,Swimwear,186.75,3
Young Adult,ACTIVE,Regularly,Garment Lower body,138.64,3
Young Adult,ACTIVE,Regularly,Garment Upper body,197.31,3
Adult,ACTIVE,NONE,Garment Upper body,234.33,4
Adult,ACTIVE,Regularly,Garment Full body,343.61,0
Young Adult,ACTIVE,Regularly,Accessories,239.04,3
Adult,ACTIVE,NONE,Garment Upper body,129.23,4
Elderly,ACTIVE,Regularly,Garment Upper body,82.17,0
Adult,ACTIVE,Regularly,Garment Lower body,186.75,0
Young Adult,ACTIVE,NONE,Garment Upper body,131.53,1
Young Adult,ACTIVE,Regularly,Accessories,165.83,3
Young Adult,ACTIVE,NONE,Garment Upper body,155.38,1
Young Adult,ACTIVE,Regularly,Garment Upper body,343.61,3
Young Adult,ACTIVE,NONE,Garment Upper body,155.38,1
Young Adult,ACTIVE,NONE,Garment Full body,320.82,1
Young Adult,ACTIVE,Regularly,Garment Upper body,186.75,3
Young Adult,ACTIVE,NONE,Underwear,186.75,1
Elderly,ACTIVE,Regularly,Garment Upper body,552.77,0
Young Adult,ACTIVE,Regularly,Garment Upper body,239.04,3
Adult,ACTIVE,Regularly,Garment Upper body,103.09,0
Young Adult,ACTIVE,Regularly,Garment Upper body,81.13,3
Young Adult,ACTIVE,NONE,Garment Lower body,291.33,1
Young Adult,ACTIVE,NONE,Swimwear,186.75,1
Young Adult,ACTIVE,NONE,Garment Upper body,186.75,1
Adult,ACTIVE,NONE,Garment Upper body,186.75,4
Young Adult,ACTIVE,Regularly,Underwear,186.75,3
Young Adult,ACTIVE,Regularly,Garment Full body,197.21,3
Young Adult,ACTIVE,NONE,Garment Upper body,239.04,1
Young Adult,ACTIVE,NONE,Garment Upper body,78.2,1
Young Adult,ACTIVE,NONE,Garment Upper body,82.17,1
Adult,ACTIVE,Regularly,Garment Upper body,113.55,0
Adult,ACTIVE,Regularly,Swimwear,186.75,0
Young Adult,ACTIVE,Regularly,Garment Upper body,284.32,3
Elderly,ACTIVE,Regularly,Socks & Tights,102.78,0
Adult,ACTIVE,NONE,Garment Upper body,291.33,4
Young Adult,ACTIVE,NONE,Swimwear,124,1
Young Adult,ACTIVE,Regularly,Garment Lower body,144.92,3
Adult,ACTIVE,NONE,Garment Full body,390.05,4
Adult,ACTIVE,Regularly,Garment Lower body,186.75,0
Adult,ACTIVE,NONE,Garment Upper body,85.73,4
Adult,ACTIVE,Regularly,Garment Lower body,343.61,0
Young Adult,ACTIVE,NONE,Garment Upper body,103.09,1
Young Adult,ACTIVE,Regularly,Accessories,103.09,3
Young Adult,ACTIVE,Regularly,Garment Upper body,239.04,3
Young Adult,ACTIVE,Regularly,Garment Upper body,82.17,3
Young Adult,ACTIVE,Regularly,Garment Lower body,448.19,3
Young Adult,ACTIVE,NONE,Garment Lower body,291.33,1
Young Adult,ACTIVE,NONE,Underwear,134.46,1
Adult,ACTIVE,Regularly,Accessories,61.26,0
Adult,ACTIVE,Regularly,Garment Upper body,186.75,0
Young Adult,ACTIVE,Regularly,Garment Lower body,186.75,3
Elderly,ACTIVE,Regularly,Garment Upper body,113.55,0
Adult,ACTIVE,NONE,Garment Upper body,239.04,4
Young Adult,ACTIVE,Regularly,Garment Upper body,103.09,3
Young Adult,ACTIVE,NONE,Garment Lower body,186.75,1
Young Adult,ACTIVE,NONE,Garment Upper body,103.09,1
Young Adult,ACTIVE,Regularly,Garment Lower body,113.55,3
Young Adult,ACTIVE,NONE,Garment Lower body,239.04,1
Adult,ACTIVE,NONE,Garment Full body,134.46,4
Young Adult,ACTIVE,Regularly,Garment Lower body,186.75,3
Young Adult,ACTIVE,NONE,Garment Upper body,186.75,1
Young Adult,ACTIVE,NONE,Garment Upper body,134.46,1
Elderly,ACTIVE,Regularly,Garment Upper body,197.21,0
Young Adult,ACTIVE,Regularly,Garment Upper body,113.55,3
Young Adult,ACTIVE,NONE,Garment Upper body,239.04,1
Adult,ACTIVE,NONE,Garment Lower body,448.19,4
Adult,ACTIVE,NONE,Accessories,118.78,4
Adult,ACTIVE,NONE,Garment Lower body,186.75,4
Elderly,ACTIVE,Regularly,Garment Upper body,124,0
Young Adult,ACTIVE,NONE,Underwear,134.46,1
Young Adult,ACTIVE,NONE,Underwear,127.35,1
Young Adult,ACTIVE,NONE,Garment Upper body,124.21,1
Young Adult,ACTIVE,Regularly,Garment Upper body,134.46,3
Young Adult,ACTIVE,Regularly,Garment Upper body,71.72,3
Young Adult,ACTIVE,NONE,Garment Lower body,144.92,1
Young Adult,ACTIVE,NONE,Garment Lower body,343.61,1
Young Adult,ACTIVE,NONE,Socks & Tights,82.17,1
Young Adult,ACTIVE,NONE,Garment Upper body,291.33,1
Young Adult,ACTIVE,NONE,Garment Upper body,50.8,1
Elderly,ACTIVE,NONE,Garment Upper body,186.75,4
Young Adult,ACTIVE,Regularly,Garment Upper body,239.04,3
Young Adult,ACTIVE,Regularly,Garment Lower body,338.18,3
Young Adult,ACTIVE,NONE,Garment Lower body,291.33,1
Young Adult,ACTIVE,NONE,Garment Upper body,134.46,1
Young Adult,ACTIVE,NONE,Garment Upper body,866.5,1
Young Adult,ACTIVE,NONE,Garment Lower body,552.77,1
Adult,ACTIVE,NONE,Garment Full body,142.2,4
Elderly,ACTIVE,NONE,Garment Upper body,225.03,4
Young Adult,ACTIVE,NONE,Garment Upper body,402.18,1
Adult,ACTIVE,NONE,Garment Upper body,82.17,4
Young Adult,ACTIVE,NONE,Garment Full body,186.75,1
Young Adult,ACTIVE,NONE,Garment Upper body,155.38,1
Adult,ACTIVE,NONE,Garment Lower body,343.61,4
Young Adult,ACTIVE,Regularly,Garment Lower body,228.58,3
Young Adult,ACTIVE,NONE,Garment Full body,92.63,1
Adult,ACTIVE,Regularly,Underwear,92.63,0
Young Adult,ACTIVE,Regularly,Garment Full body,252.11,3
Young Adult,ACTIVE,Regularly,Garment Upper body,103.09,3
Young Adult,ACTIVE,Regularly,Garment Upper body,186.75,3
Young Adult,ACTIVE,Regularly,Garment Upper body,190.62,3
Elderly,ACTIVE,NONE,Underwear,186.75,4
Young Adult,ACTIVE,Regularly,Underwear,160.19,3
Adult,ACTIVE,NONE,Garment Lower body,134.46,4
Adult,ACTIVE,Regularly,Underwear,71.72,0
Adult,ACTIVE,NONE,Swimwear,186.75,4
Young Adult,ACTIVE,Regularly,Swimwear,134.46,3
Young Adult,ACTIVE,Regularly,Garment Lower body,256.4,3
Young Adult,ACTIVE,NONE,Underwear,134.46,1
Young Adult,ACTIVE,NONE,Garment Lower body,343.61,1
Adult,ACTIVE,NONE,Underwear,218.12,4
Young Adult,ACTIVE,Regularly,Garment Lower body,343.61,3
Adult,ACTIVE,NONE,Garment Full body,395.9,4
Adult,ACTIVE,Regularly,Underwear,165.83,0
Young Adult,ACTIVE,NONE,Garment Full body,448.19,1
Young Adult,ACTIVE,NONE,Garment Upper body,131.32,1
Young Adult,ACTIVE,NONE,Socks & Tights,48.81,1
Young Adult,ACTIVE,NONE,Garment Lower body,239.04,1
Young Adult,ACTIVE,Regularly,Garment Upper body,291.33,3
Young Adult,ACTIVE,Regularly,Garment Lower body,448.19,3
Adult,ACTIVE,Regularly,Garment Lower body,134.46,0
Young Adult,ACTIVE,Regularly,Garment Upper body,265.18,3
Adult,ACTIVE,Regularly,Garment Upper body,291.33,0
Adult,ACTIVE,Regularly,Garment Upper body,186.75,0
Adult,ACTIVE,Regularly,Garment Full body,113.55,0
Adult,ACTIVE,Regularly,Garment Upper body,239.04,0
Young Adult,ACTIVE,NONE,Garment Lower body,552.77,1
Young Adult,ACTIVE,NONE,Garment Upper body,134.46,1
Elderly,ACTIVE,Regularly,Accessories,134.46,0
Adult,ACTIVE,Regularly,Swimwear,186.75,0
Young Adult,ACTIVE,NONE,Garment Lower body,186.75,1
Young Adult,ACTIVE,NONE,Garment Upper body,92.11,1
Young Adult,ACTIVE,NONE,Garment Upper body,218.12,1
Adult,ACTIVE,Regularly,Garment Upper body,132.68,0
Young Adult,ACTIVE,NONE,Garment Full body,277,1
Young Adult,ACTIVE,Regularly,Shoes,134.46,3
Adult,ACTIVE,NONE,Swimwear,113.55,4
Young Adult,ACTIVE,Regularly,Garment Upper body,82.17,3
Young Adult,ACTIVE,NONE,Garment Upper body,165.83,1
Adult,ACTIVE,Regularly,Garment Upper body,71.72,0
Young Adult,ACTIVE,NONE,Garment Upper body,92.63,1
Young Adult,ACTIVE,NONE,Garment Lower body,155.38,1
Young Adult,ACTIVE,Regularly,Garment Upper body,103.09,3
Adult,ACTIVE,NONE,Garment Upper body,82.17,4
Elderly,ACTIVE,NONE,Garment Full body,239.04,4
Young Adult,ACTIVE,NONE,Garment Lower body,136.55,1
Young Adult,ACTIVE,NONE,Garment Upper body,134.46,1
Elderly,ACTIVE,Regularly,Underwear,80.08,0
Young Adult,ACTIVE,Regularly,Garment Lower body,218.12,3
Young Adult,ACTIVE,NONE,Accessories,186.75,1
Young Adult,ACTIVE,NONE,Garment Upper body,291.33,1
Young Adult,ACTIVE,Regularly,Garment Upper body,186.75,3
Young Adult,ACTIVE,Regularly,Garment Upper body,165.83,3
Elderly,ACTIVE,Regularly,Garment Upper body,134.46,0
Young Adult,ACTIVE,Regularly,Swimwear,186.75,3
Adult,ACTIVE,Regularly,Garment Upper body,103.09,0
Young Adult,ACTIVE,Regularly,Garment Upper body,92.63,3
Young Adult,ACTIVE,Regularly,Underwear,160.82,3
Young Adult,ACTIVE,NONE,Garment Upper body,124,1
Adult,ACTIVE,Regularly,Nightwear,239.04,0
Young Adult,ACTIVE,NONE,Underwear,134.46,1
Adult,ACTIVE,Regularly,Swimwear,186.75,0
Young Adult,ACTIVE,NONE,Garment Upper body,186.75,1
Adult,ACTIVE,NONE,Garment Lower body,197.21,4
Young Adult,ACTIVE,NONE,Garment Lower body,171.06,1
Adult,ACTIVE,NONE,Garment Lower body,92.63,4
Elderly,PRE-CREATE,NONE,Underwear,239.04,2
Adult,ACTIVE,NONE,Garment Upper body,239.04,4
Young Adult,ACTIVE,Regularly,Garment Upper body,235.69,3
Young Adult,ACTIVE,NONE,Garment Upper body,86.36,1
Young Adult,ACTIVE,NONE,Underwear,105.6,1
Young Adult,ACTIVE,Regularly,Garment Upper body,165.83,3
Young Adult,ACTIVE,Regularly,Socks & Tights,99.64,3
Young Adult,ACTIVE,Regularly,Accessories,52.47,3
Adult,ACTIVE,Regularly,Garment Upper body,165.83,0
Young Adult,ACTIVE,NONE,Garment Upper body,239.04,1
Young Adult,ACTIVE,Regularly,Garment Upper body,448.19,3
Young Adult,ACTIVE,NONE,Garment Upper body,186.75,1
Adult,ACTIVE,NONE,Underwear,121.81,4
Adult,ACTIVE,NONE,Garment Upper body,239.04,4
Adult,ACTIVE,Regularly,Garment Lower body,230.88,0
Adult,ACTIVE,Regularly,Garment Upper body,82.17,0
Adult,ACTIVE,Regularly,Shoes,218.12,0
Young Adult,ACTIVE,Regularly,Garment Lower body,205.57,3
Young Adult,ACTIVE,NONE,Garment Full body,291.33,1
Adult,ACTIVE,NONE,Underwear,179.33,4
Adult,ACTIVE,Regularly,Garment Lower body,219.8,0
Young Adult,ACTIVE,NONE,Garment Upper body,45.57,1
Young Adult,ACTIVE,Regularly,Garment Lower body,134.46,3
Young Adult,ACTIVE,Regularly,Garment Full body,186.75,3
Adult,ACTIVE,NONE,Garment Full body,186.75,4
Adult,ACTIVE,NONE,Garment Upper body,56.03,4
Young Adult,ACTIVE,NONE,Swimwear,291.33,1
Elderly,ACTIVE,Regularly,Garment Full body,218.12,0
Adult,ACTIVE,Regularly,Garment Lower body,186.75,0
Young Adult,ACTIVE,NONE,Garment Lower body,343.61,1
Adult,ACTIVE,NONE,Garment Lower body,207.67,4
Young Adult,NO MEMBERSHIP,NONE,Accessories,92.63,2
Young Adult,ACTIVE,NONE,Garment Lower body,199.3,1
Young Adult,ACTIVE,Regularly,Accessories,229.21,3
Adult,ACTIVE,NONE,Underwear,92.63,4
Young Adult,ACTIVE,NONE,Swimwear,134.46,1
Teenager,ACTIVE,NONE,Garment Lower body,134.46,0
Adult,ACTIVE,NONE,Unknown,197.21,4
Young Adult,ACTIVE,NONE,Garment Lower body,440.87,1
Young Adult,ACTIVE,Regularly,Accessories,92.63,3
Adult,ACTIVE,Regularly,Garment Lower body,186.75,0
Adult,ACTIVE,Regularly,Garment Lower body,155.38,0
Young Adult,ACTIVE,NONE,Socks & Tights,113.55,1
Adult,ACTIVE,Regularly,Garment Upper body,343.61,0
Young Adult,ACTIVE,Regularly,Garment Upper body,134.46,3
Elderly,ACTIVE,Regularly,Garment Lower body,239.04,0
Young Adult,ACTIVE,NONE,Garment Full body,134.46,1
Adult,ACTIVE,NONE,Swimwear,134.46,4
Young Adult,ACTIVE,NONE,Garment Upper body,74.33,1
Adult,ACTIVE,Regularly,Garment Upper body,343.61,0
Adult,ACTIVE,NONE,Garment Upper body,239.04,4
Young Adult,ACTIVE,Regularly,Garment Lower body,160.61,3
Elderly,ACTIVE,Regularly,Garment Upper body,134.46,0
Adult,ACTIVE,Regularly,Garment Upper body,168.87,0
Elderly,ACTIVE,NONE,Garment Upper body,239.04,4
Young Adult,ACTIVE,Regularly,Accessories,113.55,3
Young Adult,ACTIVE,NONE,Garment Lower body,343.61,1
Adult,ACTIVE,NONE,Garment Upper body,218.12,4
Young Adult,ACTIVE,NONE,Garment Upper body,134.46,1
Young Adult,ACTIVE,NONE,Garment Upper body,94.72,1
Young Adult,ACTIVE,NONE,Garment Upper body,73.08,1
Elderly,ACTIVE,NONE,Garment Lower body,249.5,4
Elderly,ACTIVE,Regularly,Garment Upper body,171.06,0
Young Adult,ACTIVE,NONE,Swimwear,134.46,1
Adult,ACTIVE,NONE,Garment Lower body,134.46,4
Young Adult,ACTIVE,NONE,Garment Lower body,239.04,1
Young Adult,ACTIVE,NONE,Garment Lower body,162.49,1
Adult,ACTIVE,NONE,Garment Upper body,291.33,4
Young Adult,ACTIVE,NONE,Garment Upper body,239.04,1
Adult,ACTIVE,NONE,Garment Lower body,239.04,4
Young Adult,ACTIVE,NONE,Garment Lower body,165.83,1
Young Adult,ACTIVE,NONE,Underwear,134.46,1
Elderly,ACTIVE,Regularly,Garment Upper body,343.61,0
Young Adult,ACTIVE,NONE,Swimwear,216.35,1
Young Adult,ACTIVE,NONE,Bags,197.21,1
Adult,ACTIVE,NONE,Garment Lower body,343.61,4
Adult,ACTIVE,NONE,Garment Upper body,108.32,4
Young Adult,ACTIVE,Regularly,Garment Upper body,343.61,3
Elderly,ACTIVE,Regularly,Garment Full body,644.48,0
Young Adult,ACTIVE,NONE,Swimwear,134.46,1
Young Adult,ACTIVE,Regularly,Garment Upper body,239.04,3
Adult,ACTIVE,NONE,Garment Upper body,101,4
Young Adult,ACTIVE,Regularly,Shoes,124,3
Young Adult,ACTIVE,NONE,Garment Upper body,170.02,1
Young Adult,ACTIVE,NONE,Garment Upper body,92.63,1
Elderly,ACTIVE,NONE,Garment Upper body,103.09,4
Young Adult,ACTIVE,NONE,Accessories,239.04,1
Adult,ACTIVE,NONE,Garment Upper body,291.33,4
Young Adult,ACTIVE,Regularly,Garment Upper body,121.91,3
Young Adult,ACTIVE,NONE,Garment Upper body,71.72,1
Adult,ACTIVE,NONE,Garment Upper body,197.21,4
Adult,ACTIVE,Regularly,Garment Upper body,186.75,0
Adult,ACTIVE,Regularly,Swimwear,142.2,0
Young Adult,ACTIVE,Regularly,Garment Upper body,57.08,3
Adult,ACTIVE,NONE,Garment Full body,144.92,4
Young Adult,ACTIVE,Regularly,Underwear,103.09,3
Adult,ACTIVE,NONE,Garment Upper body,291.33,4
Adult,ACTIVE,NONE,Garment Upper body,113.55,4
Adult,ACTIVE,Regularly,Garment Upper body,239.04,0
Adult,ACTIVE,NONE,Garment Upper body,103.09,4
Adult,ACTIVE,Regularly,Garment Upper body,88.45,0
Young Adult,PRE-CREATE,NONE,Underwear,218.12,2
Adult,ACTIVE,NONE,Underwear,218.12,4
Elderly,ACTIVE,Regularly,Socks & Tights,50.91,0
Teenager,LEFT CLUB,NONE,Garment Full body,239.04,2
Adult,ACTIVE,Regularly,Garment Upper body,186.75,0
Young Adult,ACTIVE,Regularly,Garment Upper body,312.24,3
Adult,ACTIVE,NONE,Garment Lower body,197.21,4
Young Adult,ACTIVE,Regularly,Swimwear,124,3
Young Adult,ACTIVE,Regularly,Underwear,118.78,3
Elderly,ACTIVE,Regularly,Socks & Tights,50.91,0
Young Adult,ACTIVE,Regularly,Garment Lower body,343.61,3
Adult,ACTIVE,NONE,Accessories,113.55,4
Young Adult,ACTIVE,Regularly,Garment Upper body,61.26,3
Young Adult,ACTIVE,Regularly,Garment Lower body,233.08,3
Young Adult,ACTIVE,Regularly,Garment Lower body,99.64,3
Young Adult,PRE-CREATE,NONE,Garment Upper body,134.46,2
Young Adult,ACTIVE,Regularly,Garment Upper body,186.75,3
Adult,ACTIVE,NONE,Garment Upper body,186.75,4
Young Adult,ACTIVE,Regularly,Underwear,124,3
Adult,ACTIVE,Regularly,Garment Upper body,334.93,0
Adult,ACTIVE,NONE,Swimwear,291.33,4
Young Adult,ACTIVE,Regularly,Garment Lower body,239.04,3
Adult,ACTIVE,Regularly,Underwear,183.93,0
Adult,ACTIVE,NONE,Garment Lower body,218.12,4
Young Adult,ACTIVE,NONE,Underwear,280.87,1
Adult,ACTIVE,NONE,Accessories,113.55,4
Young Adult,ACTIVE,NONE,Accessories,82.17,1
Young Adult,ACTIVE,Regularly,Accessories,186.75,3
Young Adult,ACTIVE,Regularly,Garment Upper body,186.75,3
Adult,ACTIVE,Regularly,Garment Lower body,76.94,0
Adult,ACTIVE,NONE,Garment Upper body,239.04,4
Young Adult,ACTIVE,Regularly,Garment Lower body,163.01,3
Young Adult,ACTIVE,Regularly,Garment Full body,218.12,3
Young Adult,ACTIVE,Regularly,Underwear,186.75,3
Young Adult,ACTIVE,NONE,Garment Upper body,118.78,1
Young Adult,ACTIVE,NONE,Garment Upper body,134.46,1
Young Adult,ACTIVE,NONE,Garment Upper body,134.46,1
Young Adult,ACTIVE,Regularly,Garment Lower body,291.33,3
Young Adult,ACTIVE,NONE,Nightwear,165.83,1
Young Adult,ACTIVE,Regularly,Garment Upper body,124,3
Adult,ACTIVE,NONE,Accessories,180.48,4
Adult,ACTIVE,Regularly,Garment Upper body,89.49,0
Adult,ACTIVE,Regularly,Garment Lower body,165.83,0
Adult,ACTIVE,Regularly,Garment Upper body,82.17,0
Adult,ACTIVE,NONE,Garment Upper body,186.75,4
Young Adult,ACTIVE,Regularly,Garment Lower body,134.46,3
Adult,ACTIVE,Regularly,Garment Upper body,230.67,0
Young Adult,ACTIVE,NONE,Garment Upper body,239.04,1
Young Adult,ACTIVE,NONE,Underwear,103.09,1
Young Adult,ACTIVE,NONE,Garment Full body,239.04,1
Adult,ACTIVE,Regularly,Garment Upper body,92.63,0
Young Adult,ACTIVE,NONE,Garment Lower body,134.46,1
Adult,ACTIVE,NONE,Garment Lower body,448.19,4
Young Adult,ACTIVE,Regularly,Garment Lower body,186.75,3
Young Adult,ACTIVE,Regularly,Underwear,218.12,3
Young Adult,ACTIVE,NONE,Garment Upper body,113.55,1
Young Adult,ACTIVE,NONE,Garment Upper body,82.17,1
Young Adult,ACTIVE,NONE,Garment Upper body,186.75,1
Teenager,ACTIVE,NONE,Garment Upper body,82.17,0
Young Adult,ACTIVE,Regularly,Underwear,155.38,3
Adult,ACTIVE,Regularly,Underwear,218.12,0
Adult,ACTIVE,Regularly,Garment Lower body,296.56,0
Young Adult,ACTIVE,NONE,Garment Full body,165.83,1
Adult,PRE-CREATE,NONE,Garment Lower body,312.24,2
Adult,ACTIVE,Regularly,Garment Upper body,186.75,0
Young Adult,ACTIVE,Regularly,Garment Upper body,124,3
Young Adult,ACTIVE,Regularly,Accessories,101,3
Adult,ACTIVE,Regularly,Garment Lower body,159.04,0
Elderly,ACTIVE,Regularly,Garment Full body,180.48,0
Young Adult,ACTIVE,NONE,Garment Upper body,239.04,1
Young Adult,ACTIVE,NONE,Garment Upper body,186.75,1
Young Adult,ACTIVE,NONE,Garment Lower body,184.97,1
Young Adult,ACTIVE,NONE,Garment Lower body,248.55,1
Young Adult,PRE-CREATE,NONE,Garment Upper body,239.04,2
Young Adult,ACTIVE,Regularly,Garment Lower body,448.19,3
Young Adult,ACTIVE,NONE,Garment Upper body,239.04,1
Adult,ACTIVE,Regularly,Swimwear,56.03,0
Elderly,ACTIVE,NONE,Garment Full body,384.82,4
Young Adult,ACTIVE,NONE,Swimwear,134.46,1
Adult,ACTIVE,Regularly,Garment Upper body,61.26,0
Young Adult,ACTIVE,Regularly,Garment Upper body,82.17,3
Elderly,ACTIVE,NONE,Accessories,61.26,4
Young Adult,ACTIVE,Regularly,Swimwear,291.33,3
Young Adult,PRE-CREATE,NONE,Underwear,92.63,2
Young Adult,ACTIVE,NONE,Swimwear,215.19,1
Young Adult,ACTIVE,Regularly,Garment Upper body,118.78,3
Young Adult,ACTIVE,NONE,Underwear,130.49,1
Young Adult,PRE-CREATE,NONE,Garment Upper body,71.72,2
Adult,ACTIVE,NONE,Accessories,134.46,4
Young Adult,ACTIVE,Regularly,Garment Upper body,186.75,3
Young Adult,ACTIVE,Regularly,Garment Lower body,165.83,3
Young Adult,ACTIVE,NONE,Underwear,113.55,1
Elderly,ACTIVE,Regularly,Garment Upper body,161.65,0
Elderly,ACTIVE,Regularly,Items,82.17,0
Young Adult,ACTIVE,NONE,Underwear,134.46,1
Young Adult,ACTIVE,NONE,Garment Upper body,124,1
Young Adult,ACTIVE,Regularly,Underwear,50.8,3
Young Adult,ACTIVE,Regularly,Underwear,186.75,3
Young Adult,ACTIVE,Regularly,Garment Full body,301.78,3
Adult,ACTIVE,NONE,Garment Lower body,144.92,4
Young Adult,ACTIVE,NONE,Garment Full body,280.87,1
Elderly,ACTIVE,Regularly,Garment Upper body,155.38,0
Young Adult,ACTIVE,NONE,Garment Upper body,134.46,1
Young Adult,ACTIVE,NONE,Garment Full body,291.33,1
Young Adult,ACTIVE,Regularly,Garment Lower body,332.01,3
Young Adult,ACTIVE,NONE,Garment Lower body,133.42,1
Young Adult,ACTIVE,Regularly,Shoes,406.36,3
Elderly,ACTIVE,NONE,Garment Upper body,165.83,4
Elderly,ACTIVE,Regularly,Garment Upper body,448.19,0
Adult,ACTIVE,Regularly,Garment Upper body,124,0
Young Adult,ACTIVE,NONE,Garment Full body,341.63,1
Young Adult,ACTIVE,NONE,Underwear,291.33,1
Young Adult,ACTIVE,NONE,Garment Lower body,325.21,1
Young Adult,ACTIVE,Regularly,Garment Upper body,61.26,3
Adult,ACTIVE,Regularly,Garment Upper body,120.55,0
Young Adult,ACTIVE,Regularly,Garment Upper body,82.17,3
Elderly,ACTIVE,Regularly,Garment Lower body,239.04,0
Young Adult,ACTIVE,NONE,Garment Upper body,82.17,1
Adult,ACTIVE,NONE,Garment Upper body,82.17,4
Young Adult,ACTIVE,NONE,Garment Upper body,82.17,1
Young Adult,ACTIVE,NONE,Garment Upper body,134.46,1
Young Adult,ACTIVE,NONE,Swimwear,165.83,1
Young Adult,ACTIVE,Regularly,Nightwear,134.46,3
Young Adult,ACTIVE,Regularly,Shoes,395.9,3
Young Adult,ACTIVE,Regularly,Garment Upper body,165.83,3
Adult,ACTIVE,NONE,Garment Upper body,227.85,4
Adult,ACTIVE,Regularly,Underwear,218.12,0
Adult,ACTIVE,NONE,Garment Upper body,82.17,4
Adult,ACTIVE,Regularly,Garment Lower body,186.75,0
Young Adult,ACTIVE,NONE,Garment Full body,395.9,1
Young Adult,ACTIVE,NONE,Garment Upper body,301.78,1
Elderly,ACTIVE,Regularly,Garment Lower body,165.83,0
Young Adult,ACTIVE,NONE,Garment Upper body,99.64,1
Young Adult,ACTIVE,NONE,Accessories,82.17,1
Adult,ACTIVE,NONE,Underwear,186.75,4
Adult,ACTIVE,NONE,Accessories,134.46,4
Young Adult,ACTIVE,Regularly,Shoes,92.63,3
Adult,ACTIVE,Regularly,Swimwear,291.33,0
Young Adult,ACTIVE,Regularly,Garment Lower body,176.29,3
Young Adult,ACTIVE,NONE,Nightwear,80.71,1
Young Adult,ACTIVE,NONE,Garment Lower body,239.04,1
Elderly,ACTIVE,Regularly,Garment Lower body,113.55,0
Young Adult,ACTIVE,NONE,Garment Full body,395.9,1
Young Adult,ACTIVE,Regularly,Garment Lower body,234.02,3
Young Adult,ACTIVE,NONE,Garment Upper body,343.61,1
Adult,ACTIVE,Regularly,Garment Upper body,343.61,0
Young Adult,ACTIVE,NONE,Garment Upper body,475.9,1
Young Adult,ACTIVE,Regularly,Swimwear,134.46,3
Adult,ACTIVE,NONE,Garment Upper body,186.75,4
Young Adult,ACTIVE,Regularly,Garment Upper body,71.72,3
Adult,ACTIVE,Regularly,Garment Lower body,85.62,0
Adult,ACTIVE,NONE,Garment Upper body,239.04,4
Adult,ACTIVE,NONE,Garment Lower body,126.41,4
Young Adult,ACTIVE,Regularly,Swimwear,186.75,3
Young Adult,ACTIVE,NONE,Garment Upper body,239.04,1
Young Adult,ACTIVE,NONE,Underwear,239.04,1
Young Adult,ACTIVE,Regularly,Garment Lower body,157.99,3
Teenager,ACTIVE,NONE,Garment Upper body,171.06,0
Adult,ACTIVE,Regularly,Garment Upper body,436.58,0
Adult,ACTIVE,NONE,Garment Lower body,239.04,4
Young Adult,ACTIVE,NONE,Garment Full body,112.71,1
Young Adult,ACTIVE,NONE,Underwear,239.04,1
Young Adult,ACTIVE,Regularly,Garment Upper body,239.04,3
Young Adult,ACTIVE,Regularly,Accessories,88.45,3
Young Adult,ACTIVE,Regularly,Garment Lower body,186.75,3
Young Adult,ACTIVE,NONE,Swimwear,186.75,1
Young Adult,ACTIVE,NONE,Swimwear,134.46,1
Young Adult,ACTIVE,NONE,Garment Upper body,207.67,1
Young Adult,ACTIVE,Regularly,Garment Upper body,239.04,3
Young Adult,ACTIVE,NONE,Garment Full body,291.33,1
Young Adult,ACTIVE,Regularly,Garment Lower body,88.55,3
Young Adult,ACTIVE,NONE,Garment Upper body,134.46,1
Adult,ACTIVE,Regularly,Garment Upper body,151.82,0
Young Adult,ACTIVE,NONE,Garment Upper body,239.04,1
Adult,ACTIVE,NONE,Garment Lower body,239.04,4
Adult,ACTIVE,Regularly,Garment Upper body,50.8,0
Young Adult,ACTIVE,Regularly,Swimwear,186.75,3
Adult,ACTIVE,Regularly,Garment Upper body,82.17,0
Adult,ACTIVE,NONE,Garment Upper body,71.72,4
Adult,ACTIVE,NONE,Garment Upper body,163.22,4
Young Adult,ACTIVE,NONE,Accessories,86.25,1
Young Adult,ACTIVE,Regularly,Swimwear,134.46,3
Young Adult,ACTIVE,Regularly,Garment Upper body,165.83,3
Young Adult,ACTIVE,NONE,Garment Upper body,186.75,1
Adult,ACTIVE,NONE,Garment Upper body,155.38,4
Adult,ACTIVE,NONE,Garment Upper body,99.53,4
Adult,ACTIVE,Regularly,Shoes,343.61,0
Young Adult,ACTIVE,Regularly,Swimwear,186.75,3
Young Adult,ACTIVE,Regularly,Garment Upper body,291.33,3
Adult,ACTIVE,NONE,Garment Lower body,134.46,4
Adult,ACTIVE,NONE,Garment Upper body,179.43,4
Adult,ACTIVE,NONE,Garment Upper body,207.67,4
Young Adult,ACTIVE,NONE,Garment Upper body,239.04,1
Adult,ACTIVE,NONE,Garment Lower body,134.46,4
Adult,ACTIVE,Regularly,Garment Upper body,239.04,0
Young Adult,ACTIVE,NONE,Accessories,134.46,1
Elderly,ACTIVE,NONE,Garment Lower body,343.61,4
Young Adult,ACTIVE,NONE,Garment Lower body,186.75,1
Young Adult,ACTIVE,Regularly,Garment Upper body,152.03,3
Adult,ACTIVE,NONE,Garment Lower body,291.33,4
Young Adult,ACTIVE,NONE,Garment Lower body,186.75,1
Adult,ACTIVE,Regularly,Garment Lower body,87.51,0
Young Adult,ACTIVE,NONE,Socks & Tights,113.55,1
Young Adult,ACTIVE,Regularly,Garment Upper body,218.12,3
Adult,ACTIVE,Regularly,Shoes,165.83,0
Young Adult,ACTIVE,NONE,Garment Upper body,61.26,1
Adult,ACTIVE,Regularly,Garment Full body,239.04,0
Adult,ACTIVE,NONE,Garment Upper body,186.75,4
Young Adult,ACTIVE,NONE,Garment Upper body,134.46,1
Young Adult,ACTIVE,NONE,Accessories,82.17,1
Adult,ACTIVE,NONE,Garment Lower body,165.83,4
Young Adult,ACTIVE,NONE,Garment Lower body,239.04,1
Adult,ACTIVE,NONE,Nightwear,186.75,4
Young Adult,ACTIVE,NONE,Garment Upper body,82.17,1
Elderly,ACTIVE,Regularly,Garment Upper body,178.59,0
Young Adult,ACTIVE,Regularly,Garment Lower body,343.61,3
Adult,ACTIVE,NONE,Garment Lower body,218.23,4
Young Adult,ACTIVE,Regularly,Shoes,291.33,3
Adult,ACTIVE,NONE,Garment Lower body,134.46,4
Young Adult,ACTIVE,Regularly,Shoes,186.75,3
Young Adult,ACTIVE,Regularly,Garment Full body,165.83,3
Young Adult,ACTIVE,Regularly,Garment Full body,124,3
Elderly,ACTIVE,Regularly,Garment Upper body,186.75,0
Young Adult,ACTIVE,Regularly,Swimwear,291.33,3
Adult,ACTIVE,Regularly,Garment Lower body,113.55,0
Young Adult,ACTIVE,NONE,Accessories,71.72,1
Young Adult,ACTIVE,NONE,Garment Lower body,113.55,1
Young Adult,ACTIVE,NONE,Garment Full body,343.61,1
Adult,ACTIVE,NONE,Garment Full body,186.75,4
Young Adult,ACTIVE,NONE,Swimwear,186.75,1
Adult,ACTIVE,NONE,Garment Lower body,239.04,4
Young Adult,ACTIVE,NONE,Garment Lower body,186.75,1
Adult,ACTIVE,NONE,Garment Upper body,291.33,4
Young Adult,ACTIVE,NONE,Garment Lower body,155.38,1
Young Adult,ACTIVE,NONE,Garment Lower body,165.83,1
Young Adult,ACTIVE,NONE,Garment Upper body,144.29,1
Adult,ACTIVE,NONE,Garment Upper body,71.72,4
Adult,ACTIVE,NONE,Garment Upper body,134.46,4
Young Adult,ACTIVE,NONE,Underwear,165.83,1
Adult,ACTIVE,NONE,Garment Upper body,186.75,4
Elderly,ACTIVE,NONE,Garment Upper body,155.38,4
Young Adult,ACTIVE,Regularly,Garment Upper body,239.04,3
Young Adult,ACTIVE,NONE,Socks & Tights,99.64,1
Young Adult,ACTIVE,Regularly,Garment Upper body,186.75,3
Young Adult,ACTIVE,Regularly,Garment Full body,304.4,3
Adult,ACTIVE,NONE,Garment Upper body,291.33,4
Adult,ACTIVE,NONE,Underwear,186.75,4
Adult,ACTIVE,NONE,Garment Full body,239.04,4
Adult,ACTIVE,NONE,Socks & Tights,113.55,4
Young Adult,ACTIVE,NONE,Garment Upper body,239.04,1
Adult,ACTIVE,Regularly,Garment Upper body,239.04,0
Young Adult,ACTIVE,NONE,Garment Upper body,186.75,1
Young Adult,ACTIVE,Regularly,Garment Upper body,82.17,3
Elderly,ACTIVE,Regularly,Garment Upper body,134.46,0
Adult,ACTIVE,Regularly,Unknown,46.62,0
Young Adult,ACTIVE,NONE,Garment Upper body,124,1
Young Adult,ACTIVE,NONE,Garment Full body,71.72,1
Young Adult,ACTIVE,NONE,Garment Upper body,134.46,1
Young Adult,ACTIVE,Regularly,Swimwear,105.18,3
Young Adult,ACTIVE,NONE,Garment Upper body,76.94,1
Young Adult,ACTIVE,NONE,Underwear,239.04,1
Adult,ACTIVE,Regularly,Swimwear,134.46,0
Young Adult,ACTIVE,Regularly,Garment Upper body,134.46,3
Young Adult,ACTIVE,NONE,Garment Full body,239.04,1
Elderly,ACTIVE,Regularly,Garment Lower body,117.73,0
Adult,ACTIVE,NONE,Garment Upper body,134.46,4
Adult,ACTIVE,Regularly,Swimwear,165.83,0
Elderly,ACTIVE,NONE,Garment Full body,186.75,4
Young Adult,ACTIVE,Regularly,Garment Lower body,239.04,3
Adult,ACTIVE,Regularly,Garment Full body,186.75,0
Adult,ACTIVE,Regularly,Garment Full body,239.04,0
Young Adult,ACTIVE,Regularly,Garment Lower body,232.76,3
Elderly,ACTIVE,NONE,Garment Upper body,103.09,4
Young Adult,ACTIVE,NONE,Underwear,186.75,1
Adult,ACTIVE,Regularly,Garment Upper body,186.75,0
Young Adult,ACTIVE,NONE,Swimwear,134.46,1
Adult,ACTIVE,NONE,Garment Full body,155.38,4
Young Adult,ACTIVE,NONE,Garment Upper body,186.75,1
Elderly,ACTIVE,NONE,Garment Upper body,448.19,4
Young Adult,ACTIVE,Regularly,Garment Upper body,171.9,3
Young Adult,ACTIVE,Regularly,Garment Full body,281.39,3
Adult,ACTIVE,NONE,Underwear,178.91,4
Adult,ACTIVE,NONE,Garment Upper body,124,4
Young Adult,ACTIVE,NONE,Swimwear,180.89,1
Young Adult,ACTIVE,Regularly,Garment Upper body,82.17,3
Adult,ACTIVE,Regularly,Garment Full body,165.83,0
Adult,ACTIVE,Regularly,Accessories,186.75,0
Young Adult,ACTIVE,Regularly,Garment Lower body,207.67,3
Young Adult,ACTIVE,Regularly,Garment Upper body,160.61,3
Young Adult,ACTIVE,Regularly,Garment Upper body,343.61,3
Young Adult,ACTIVE,NONE,Swimwear,186.75,1
Young Adult,ACTIVE,NONE,Garment Upper body,186.75,1
Adult,ACTIVE,Regularly,Garment Upper body,134.46,0
Adult,ACTIVE,NONE,Swimwear,71.72,4
Young Adult,PRE-CREATE,NONE,Garment Upper body,186.75,2
Adult,ACTIVE,NONE,Garment Lower body,291.33,4
Adult,ACTIVE,Regularly,Garment Full body,291.33,0
Adult,ACTIVE,Regularly,Garment Upper body,291.33,0
Young Adult,ACTIVE,NONE,Garment Lower body,218.12,1
Young Adult,ACTIVE,NONE,Underwear,113.55,1
Young Adult,ACTIVE,NONE,Garment Full body,291.33,1
Young Adult,ACTIVE,NONE,Swimwear,172.11,1
Young Adult,ACTIVE,Regularly,Socks & Tights,106.23,3
Young Adult,ACTIVE,Regularly,Garment Upper body,82.17,3
Young Adult,ACTIVE,NONE,Underwear,92.63,1
Young Adult,ACTIVE,Regularly,Garment Upper body,165.83,3
Teenager,ACTIVE,Regularly,Garment Upper body,395.9,0
Young Adult,ACTIVE,NONE,Swimwear,165.83,1
Young Adult,ACTIVE,Regularly,Swimwear,186.75,3
Young Adult,ACTIVE,NONE,Swimwear,82.17,1
Elderly,ACTIVE,Regularly,Garment Upper body,71.72,0
Young Adult,ACTIVE,Regularly,Garment Upper body,134.46,3
Adult,ACTIVE,NONE,Swimwear,165.83,4
Young Adult,PRE-CREATE,NONE,Garment Lower body,124,2
Young Adult,ACTIVE,Regularly,Garment Upper body,134.46,3
Adult,ACTIVE,NONE,Garment Full body,229.42,4
Young Adult,ACTIVE,NONE,Swimwear,134.46,1
Young Adult,ACTIVE,Regularly,Underwear,113.55,3
Young Adult,ACTIVE,NONE,Garment Lower body,239.04,1
Young Adult,ACTIVE,NONE,Garment Upper body,239.04,1
Elderly,ACTIVE,Regularly,Garment Upper body,239.04,0
Young Adult,ACTIVE,NONE,Garment Upper body,111.14,1
Young Adult,ACTIVE,NONE,Garment Upper body,134.46,1
Adult,ACTIVE,NONE,Underwear,239.04,4
Young Adult,ACTIVE,Regularly,Garment Upper body,82.17,3
Adult,ACTIVE,Regularly,Swimwear,130.38,0
Adult,ACTIVE,NONE,Garment Upper body,113.55,4
Adult,ACTIVE,NONE,Garment Upper body,186.75,4
Adult,ACTIVE,NONE,Garment Upper body,186.75,4
Adult,ACTIVE,NONE,Accessories,88.13,4
Young Adult,ACTIVE,Regularly,Garment Lower body,134.46,3
Young Adult,ACTIVE,NONE,Swimwear,113.55,1
Young Adult,ACTIVE,Regularly,Garment Upper body,134.46,3
Adult,ACTIVE,Regularly,Garment Full body,80.08,0
Young Adult,ACTIVE,Regularly,Socks & Tights,50.8,3
Young Adult,ACTIVE,NONE,Swimwear,229.84,1
Elderly,ACTIVE,NONE,Garment Lower body,161.44,4
Elderly,ACTIVE,Regularly,Swimwear,186.75,0
Young Adult,ACTIVE,Regularly,Garment Lower body,252.11,3
Adult,ACTIVE,NONE,Garment Upper body,82.17,4
Adult,ACTIVE,NONE,Swimwear,186.75,4
Elderly,ACTIVE,Regularly,Underwear,218.12,0
Elderly,ACTIVE,Regularly,Garment Full body,92.63,0
Young Adult,ACTIVE,NONE,Garment Upper body,133,1
Adult,ACTIVE,Regularly,Garment Full body,395.9,0
Young Adult,ACTIVE,Regularly,Garment Upper body,866.5,3
Young Adult,ACTIVE,NONE,Garment Upper body,165.83,1
Young Adult,ACTIVE,Regularly,Swimwear,108.32,3
Young Adult,ACTIVE,Regularly,Garment Full body,296.66,3
Young Adult,ACTIVE,NONE,Garment Full body,552.77,1
Elderly,ACTIVE,Regularly,Garment Upper body,406.36,0
Adult,ACTIVE,Regularly,Garment Full body,239.04,0
Adult,ACTIVE,Regularly,Garment Lower body,61.26,0
Young Adult,ACTIVE,NONE,Garment Full body,395.9,1
Young Adult,ACTIVE,NONE,Accessories,86.36,1
Young Adult,ACTIVE,Regularly,Garment Full body,291.33,3
Young Adult,ACTIVE,NONE,Accessories,46.62,1
Young Adult,ACTIVE,NONE,Garment Full body,395.9,1
Adult,ACTIVE,Regularly,Socks & Tights,134.46,0
Young Adult,ACTIVE,NONE,Garment Lower body,207.67,1
Young Adult,ACTIVE,NONE,Garment Upper body,411.07,1
Young Adult,ACTIVE,NONE,Garment Upper body,343.61,1
Adult,ACTIVE,NONE,Nightwear,160.29,4
Adult,ACTIVE,Regularly,Garment Full body,92.63,0
Adult,ACTIVE,Regularly,Garment Upper body,448.19,0
Adult,ACTIVE,NONE,Garment Lower body,92.63,4
Adult,ACTIVE,Regularly,Garment Full body,171.06,0
Adult,ACTIVE,Regularly,Garment Upper body,186.75,0
Adult,ACTIVE,NONE,Garment Full body,214.99,4
Adult,ACTIVE,Regularly,Garment Upper body,197.21,0
Adult,ACTIVE,Regularly,Garment Lower body,218.12,0
Young Adult,ACTIVE,Regularly,Garment Upper body,113.55,3
Young Adult,ACTIVE,NONE,Accessories,134.46,1
Young Adult,ACTIVE,NONE,Garment Lower body,239.04,1
Adult,ACTIVE,NONE,Garment Lower body,161.65,4
Young Adult,ACTIVE,NONE,Garment Lower body,239.04,1
Young Adult,ACTIVE,NONE,Garment Upper body,186.75,1
Young Adult,ACTIVE,Regularly,Nightwear,281.5,3
Young Adult,ACTIVE,NONE,Unknown,165.83,1
Adult,ACTIVE,Regularly,Accessories,80.71,0
Young Adult,ACTIVE,Regularly,Garment Full body,395.9,3
Young Adult,ACTIVE,NONE,Garment Upper body,552.77,1
Young Adult,ACTIVE,NONE,Shoes,291.33,1
Young Adult,ACTIVE,Regularly,Garment Lower body,343.61,3
Adult,ACTIVE,NONE,Garment Upper body,134.46,4
Adult,ACTIVE,NONE,Garment Upper body,205.26,4
Adult,ACTIVE,NONE,Socks & Tights,113.55,4
Young Adult,ACTIVE,NONE,Underwear,218.12,1
Young Adult,ACTIVE,NONE,Garment Upper body,186.75,1
Adult,ACTIVE,Regularly,Shoes,127.04,0
Young Adult,ACTIVE,NONE,Garment Lower body,134.46,1
Young Adult,ACTIVE,NONE,Garment Full body,239.04,1
Adult,ACTIVE,Regularly,Garment Full body,395.9,0
Young Adult,ACTIVE,NONE,Garment Full body,134.46,1
Young Adult,ACTIVE,Regularly,Garment Lower body,291.33,3
Young Adult,ACTIVE,NONE,Garment Full body,197.21,1
Young Adult,ACTIVE,NONE,Underwear,134.46,1
Young Adult,ACTIVE,NONE,Garment Upper body,312.24,1
Young Adult,ACTIVE,NONE,Garment Upper body,291.33,1
Teenager,ACTIVE,NONE,Garment Upper body,58.64,0
Young Adult,ACTIVE,Regularly,Garment Upper body,312.24,3
Young Adult,ACTIVE,Regularly,Swimwear,114.59,3
Adult,ACTIVE,NONE,Garment Upper body,552.77,4
Adult,ACTIVE,NONE,Garment Upper body,239.04,4
Young Adult,ACTIVE,Regularly,Accessories,71.72,3
Adult,ACTIVE,Regularly,Garment Lower body,239.04,0
Young Adult,ACTIVE,Regularly,Underwear,186.75,3
Elderly,ACTIVE,NONE,Garment Upper body,165.83,4
Young Adult,ACTIVE,Regularly,Garment Upper body,105.18,3
Young Adult,ACTIVE,Regularly,Garment Upper body,51.64,3
Young Adult,ACTIVE,Regularly,Swimwear,155.38,3
Adult,ACTIVE,NONE,Shoes,343.61,4
Young Adult,ACTIVE,Regularly,Garment Full body,291.33,3
Adult,ACTIVE,NONE,Garment Lower body,385.45,4
Young Adult,ACTIVE,Regularly,Swimwear,181.1,3
Young Adult,ACTIVE,Regularly,Garment Upper body,165.83,3
Elderly,ACTIVE,NONE,Garment Upper body,239.04,4
Young Adult,ACTIVE,NONE,Underwear,101,1
Adult,ACTIVE,NONE,Garment Upper body,186.75,4
Young Adult,ACTIVE,NONE,Garment Upper body,82.17,1
Young Adult,ACTIVE,NONE,Garment Upper body,113.55,1
Adult,ACTIVE,NONE,Underwear,92.63,4
Young Adult,ACTIVE,Regularly,Garment Upper body,92.63,3
Young Adult,ACTIVE,NONE,Swimwear,134.46,1
Adult,ACTIVE,NONE,Garment Full body,343.61,4
Adult,ACTIVE,Regularly,Garment Upper body,239.04,0
Elderly,ACTIVE,Regularly,Nightwear,155.38,0
Adult,ACTIVE,NONE,Garment Upper body,63.35,4
Elderly,ACTIVE,NONE,Underwear,113.55,4
Elderly,ACTIVE,NONE,Garment Upper body,165.83,4
Elderly,ACTIVE,Regularly,Garment Full body,239.04,0
Young Adult,ACTIVE,Regularly,Garment Upper body,113.55,3
Young Adult,ACTIVE,Regularly,Garment Lower body,239.04,3
Adult,PRE-CREATE,NONE,Garment Upper body,134.46,2
Young Adult,ACTIVE,NONE,Swimwear,343.61,1
Young Adult,ACTIVE,NONE,Garment Lower body,197.42,1
Adult,ACTIVE,Regularly,Underwear,147.53,0
Young Adult,ACTIVE,Regularly,Garment Upper body,113.55,3
Young Adult,ACTIVE,Regularly,Garment Lower body,134.46,3
Young Adult,ACTIVE,NONE,Garment Upper body,150.25,1
Young Adult,ACTIVE,Regularly,Garment Lower body,291.33,3
Young Adult,ACTIVE,Regularly,Underwear,134.46,3
Young Adult,ACTIVE,Regularly,Garment Upper body,134.46,3
Young Adult,ACTIVE,NONE,Socks & Tights,113.55,1
Adult,ACTIVE,NONE,Garment Upper body,109.47,4
Adult,ACTIVE,NONE,Garment Upper body,165.83,4
Young Adult,ACTIVE,NONE,Garment Lower body,291.33,1
Elderly,ACTIVE,NONE,Garment Upper body,160.61,4
Young Adult,ACTIVE,NONE,Garment Full body,144.92,1
Young Adult,ACTIVE,NONE,Underwear,113.55,1
Young Adult,ACTIVE,NONE,Garment Lower body,125.15,1
Adult,ACTIVE,NONE,Garment Upper body,124,4
Adult,ACTIVE,NONE,Garment Lower body,218.12,4
Adult,ACTIVE,NONE,Garment Upper body,218.12,4
Elderly,ACTIVE,Regularly,Garment Upper body,165.83,0
Elderly,ACTIVE,NONE,Garment Full body,218.12,4
Young Adult,ACTIVE,NONE,Swimwear,186.75,1
Young Adult,PRE-CREATE,NONE,Garment Full body,291.33,2
Elderly,ACTIVE,NONE,Garment Upper body,552.77,4
Elderly,ACTIVE,Regularly,Garment Upper body,218.12,0
Young Adult,ACTIVE,Regularly,Swimwear,186.75,3
Young Adult,ACTIVE,NONE,Garment Upper body,322.7,1
Young Adult,ACTIVE,Monthly,Socks & Tights,134.46,3
Adult,ACTIVE,NONE,Garment Upper body,134.46,4
Young Adult,ACTIVE,Regularly,Accessories,82.17,3
Young Adult,ACTIVE,NONE,Garment Full body,113.55,1
Adult,ACTIVE,Regularly,Garment Full body,239.04,0
Young Adult,ACTIVE,NONE,Garment Lower body,296.56,1
Young Adult,ACTIVE,NONE,Garment Upper body,182.25,1
Elderly,ACTIVE,NONE,Garment Upper body,322.7,4
Adult,ACTIVE,NONE,Garment Lower body,288.4,4
Adult,ACTIVE,NONE,Garment Upper body,186.75,4
Adult,ACTIVE,Regularly,Garment Upper body,124,0
Young Adult,ACTIVE,NONE,Garment Upper body,92.63,1
Young Adult,ACTIVE,NONE,Underwear,239.04,1
Adult,ACTIVE,NONE,Socks & Tights,76.94,4
Adult,ACTIVE,NONE,Garment Upper body,552.77,4
Young Adult,ACTIVE,Regularly,Garment Full body,395.9,3
Adult,ACTIVE,Regularly,Garment Lower body,291.33,0
Young Adult,ACTIVE,Regularly,Garment Upper body,186.75,3
Elderly,ACTIVE,Regularly,Garment Upper body,186.75,0
Elderly,ACTIVE,Regularly,Garment Upper body,343.61,0
Young Adult,ACTIVE,NONE,Garment Lower body,186.75,1
Young Adult,ACTIVE,Regularly,Garment Lower body,134.46,3
Young Adult,ACTIVE,NONE,Garment Upper body,134.46,1
Adult,ACTIVE,NONE,Garment Upper body,239.04,4
Elderly,ACTIVE,Regularly,Garment Full body,155.38,0
Young Adult,ACTIVE,NONE,Garment Upper body,500.48,1
Elderly,ACTIVE,NONE,Underwear,131.32,4
Young Adult,ACTIVE,NONE,Swimwear,186.75,1
Adult,ACTIVE,Regularly,Garment Upper body,71.72,0
Young Adult,ACTIVE,NONE,Garment Upper body,61.26,1
Elderly,ACTIVE,Regularly,Garment Lower body,186.75,0
Elderly,PRE-CREATE,NONE,Garment Lower body,134.46,2
Young Adult,ACTIVE,NONE,Garment Lower body,124,1
Adult,ACTIVE,NONE,Accessories,52.26,4
Adult,ACTIVE,NONE,Garment Upper body,182.15,4
Young Adult,NO MEMBERSHIP,Regularly,Garment Upper body,155.38,2
Young Adult,ACTIVE,NONE,Swimwear,134.46,1
Young Adult,ACTIVE,NONE,Garment Upper body,218.12,1
Young Adult,ACTIVE,Regularly,Garment Upper body,291.33,3
Young Adult,ACTIVE,NONE,Garment Lower body,239.04,1
Young Adult,ACTIVE,NONE,Garment Upper body,134.46,1
Adult,ACTIVE,Regularly,Garment Upper body,86.36,0
Adult,ACTIVE,Regularly,Garment Lower body,239.04,0
Young Adult,ACTIVE,NONE,Shoes,343.61,1
Young Adult,ACTIVE,NONE,Swimwear,134.46,1
Adult,ACTIVE,NONE,Garment Upper body,134.46,4
Elderly,ACTIVE,Regularly,Garment Lower body,291.33,0
Young Adult,ACTIVE,Regularly,Garment Upper body,113.55,3
Adult,ACTIVE,Regularly,Garment Upper body,186.75,0
Adult,ACTIVE,Regularly,Garment Upper body,239.04,0
Young Adult,ACTIVE,NONE,Garment Upper body,61.26,1
Adult,ACTIVE,Regularly,Garment Upper body,239.04,0
Young Adult,ACTIVE,NONE,Accessories,34.91,1
Young Adult,ACTIVE,NONE,Garment Upper body,239.04,1
Adult,ACTIVE,NONE,Nightwear,218.23,4
Adult,ACTIVE,Regularly,Underwear,163.64,0
Adult,ACTIVE,Regularly,Garment Lower body,239.04,0
Young Adult,ACTIVE,NONE,Swimwear,186.75,1
Young Adult,ACTIVE,NONE,Garment Lower body,364.53,1
Adult,ACTIVE,NONE,Underwear,155.48,4
Young Adult,ACTIVE,Regularly,Underwear,103.09,3
Young Adult,ACTIVE,NONE,Garment Lower body,343.61,1
Adult,ACTIVE,NONE,Garment Lower body,239.04,4
Young Adult,ACTIVE,Regularly,Garment Upper body,197.21,3
Adult,ACTIVE,NONE,Underwear,113.55,4
Young Adult,ACTIVE,NONE,Garment Full body,230.25,1
Young Adult,ACTIVE,Regularly,Garment Full body,343.61,3
Young Adult,ACTIVE,NONE,Garment Full body,171.06,1
Young Adult,ACTIVE,NONE,Garment Lower body,239.04,1
Young Adult,ACTIVE,NONE,Underwear,186.75,1
Adult,ACTIVE,Regularly,Garment Full body,165.83,0
Teenager,ACTIVE,NONE,Unknown,124,0
Young Adult,ACTIVE,NONE,Garment Upper body,82.17,1
Young Adult,ACTIVE,Regularly,Garment Lower body,197.21,3
Young Adult,ACTIVE,NONE,Garment Full body,395.9,1
Elderly,ACTIVE,Regularly,Garment Lower body,124,0
Young Adult,ACTIVE,Regularly,Garment Upper body,186.75,3
Young Adult,ACTIVE,NONE,Garment Upper body,96.81,1
Adult,ACTIVE,NONE,Garment Upper body,134.46,4
Adult,ACTIVE,NONE,Garment Upper body,186.75,4
Young Adult,ACTIVE,NONE,Garment Lower body,103.09,1
Young Adult,ACTIVE,Regularly,Accessories,186.75,3
Elderly,ACTIVE,Regularly,Garment Lower body,225.97,0
Adult,ACTIVE,NONE,Garment Lower body,291.33,4
Adult,ACTIVE,NONE,Garment Upper body,186.75,4
Young Adult,ACTIVE,NONE,Garment Upper body,291.33,1
Adult,ACTIVE,Regularly,Accessories,54.98,0
Adult,ACTIVE,NONE,Garment Full body,134.46,4
Adult,ACTIVE,NONE,Garment Upper body,113.55,4
Teenager,ACTIVE,Regularly,Garment Upper body,113.55,0
Young Adult,ACTIVE,NONE,Garment Lower body,124,1
Elderly,ACTIVE,NONE,Garment Upper body,106.96,4
Elderly,ACTIVE,Regularly,Garment Full body,152.24,0
Adult,ACTIVE,Regularly,Garment Upper body,82.17,0
Young Adult,ACTIVE,Regularly,Accessories,105.18,3
Young Adult,ACTIVE,NONE,Garment Lower body,239.04,1
Young Adult,ACTIVE,NONE,Garment Full body,207.67,1
Young Adult,ACTIVE,NONE,Garment Upper body,71.72,1
Young Adult,ACTIVE,NONE,Garment Upper body,186.75,1
Young Adult,ACTIVE,NONE,Garment Upper body,218.12,1
Adult,ACTIVE,Regularly,Underwear,92.74,0
Adult,ACTIVE,Regularly,Garment Upper body,186.75,0
Adult,ACTIVE,Regularly,Garment Upper body,291.33,0
Adult,ACTIVE,Regularly,Garment Upper body,134.46,0
Young Adult,ACTIVE,NONE,Socks & Tights,83.22,1
Young Adult,ACTIVE,Regularly,Garment Upper body,144.92,3
Young Adult,PRE-CREATE,NONE,Garment Full body,164.79,2
Young Adult,ACTIVE,NONE,Garment Full body,291.33,1
Young Adult,ACTIVE,NONE,Garment Upper body,186.75,1
Young Adult,ACTIVE,Regularly,Garment Lower body,207.46,3
Adult,ACTIVE,Regularly,Garment Lower body,333.16,0
Adult,ACTIVE,NONE,Swimwear,165.83,4
Young Adult,ACTIVE,Regularly,Garment Upper body,134.46,3
Adult,ACTIVE,NONE,Garment Upper body,343.61,4
Adult,ACTIVE,NONE,Garment Lower body,239.04,4
Young Adult,ACTIVE,NONE,Garment Upper body,134.46,1
Adult,ACTIVE,NONE,Garment Lower body,186.75,4
Young Adult,ACTIVE,NONE,Garment Lower body,239.04,1
Young Adult,ACTIVE,Regularly,Garment Full body,291.33,3
Young Adult,ACTIVE,Regularly,Garment Upper body,239.04,3
Adult,ACTIVE,NONE,Garment Lower body,239.04,4
Young Adult,PRE-CREATE,NONE,Garment Lower body,113.55,2
Young Adult,ACTIVE,Regularly,Garment Full body,186.75,3
Adult,ACTIVE,NONE,Garment Lower body,239.04,4
Young Adult,ACTIVE,NONE,Garment Upper body,395.9,1
Adult,ACTIVE,NONE,Garment Full body,179.01,4
Young Adult,ACTIVE,Regularly,Garment Upper body,448.19,3
Teenager,ACTIVE,NONE,Garment Lower body,343.61,0
Adult,ACTIVE,NONE,Garment Lower body,134.46,4
Young Adult,ACTIVE,NONE,Garment Lower body,134.46,1
Adult,ACTIVE,NONE,Garment Upper body,113.55,4
Young Adult,ACTIVE,NONE,Garment Upper body,125.68,1
Young Adult,ACTIVE,Regularly,Garment Upper body,343.61,3
Adult,ACTIVE,NONE,Garment Upper body,155.38,4
Young Adult,ACTIVE,NONE,Garment Upper body,181.94,1
Young Adult,ACTIVE,NONE,Swimwear,152.24,1
Adult,PRE-CREATE,NONE,Garment Upper body,186.75,2
Adult,ACTIVE,NONE,Socks & Tights,61.26,4
Young Adult,ACTIVE,Regularly,Garment Upper body,96.81,3
Adult,ACTIVE,NONE,Garment Lower body,280.87,4
Teenager,ACTIVE,Regularly,Underwear,239.04,0
Young Adult,ACTIVE,Regularly,Garment Lower body,186.75,3
Young Adult,ACTIVE,NONE,Garment Full body,197.21,1
Young Adult,ACTIVE,Regularly,Underwear,180.48,3
Young Adult,ACTIVE,Regularly,Shoes,301.78,3
Young Adult,ACTIVE,NONE,Garment Full body,259.95,1
Young Adult,ACTIVE,NONE,Garment Lower body,234.96,1
Young Adult,ACTIVE,NONE,Garment Lower body,239.04,1
Young Adult,ACTIVE,Regularly,Swimwear,186.75,3
Adult,ACTIVE,Regularly,Underwear,165.83,0
Young Adult,ACTIVE,Regularly,Garment Upper body,343.61,3
Adult,ACTIVE,NONE,Socks & Tights,99.64,4
Adult,ACTIVE,Regularly,Garment Upper body,69.1,0
Young Adult,ACTIVE,Regularly,Accessories,71.72,3
Young Adult,ACTIVE,NONE,Garment Full body,218.12,1
Young Adult,ACTIVE,Regularly,Swimwear,163.22,3
Young Adult,ACTIVE,NONE,Garment Full body,234.44,1
Young Adult,ACTIVE,NONE,Garment Lower body,92.63,1
Adult,ACTIVE,Regularly,Garment Lower body,207.67,0
Young Adult,ACTIVE,NONE,Garment Full body,239.04,1
Young Adult,ACTIVE,NONE,Garment Lower body,133.42,1
Young Adult,ACTIVE,NONE,Garment Upper body,82.17,1
Young Adult,ACTIVE,NONE,Swimwear,218.12,1
Young Adult,ACTIVE,NONE,Garment Lower body,280.87,1
Adult,ACTIVE,NONE,Garment Upper body,301.78,4
Young Adult,ACTIVE,NONE,Underwear,171.06,1
Adult,ACTIVE,NONE,Garment Lower body,134.46,4
Young Adult,ACTIVE,NONE,Garment Full body,186.75,1
Adult,ACTIVE,NONE,Garment Upper body,82.17,4
Adult,ACTIVE,Regularly,Garment Upper body,61.26,0
Young Adult,ACTIVE,Regularly,Swimwear,239.04,3
Adult,ACTIVE,Regularly,Garment Upper body,82.17,0
Young Adult,ACTIVE,Regularly,Garment Upper body,104.76,3
Young Adult,ACTIVE,NONE,Swimwear,134.46,1
Young Adult,ACTIVE,Regularly,Shoes,343.61,3
Young Adult,ACTIVE,Regularly,Garment Full body,239.04,3
Adult,ACTIVE,NONE,Garment Full body,239.04,4
Adult,ACTIVE,NONE,Accessories,92.63,4
Young Adult,ACTIVE,NONE,Garment Lower body,186.75,1
Young Adult,ACTIVE,Regularly,Underwear,291.33,3
Young Adult,ACTIVE,NONE,Nightwear,395.9,1
Adult,ACTIVE,NONE,Garment Full body,239.04,4
Young Adult,ACTIVE,NONE,Underwear,76.94,1
Adult,ACTIVE,NONE,Garment Lower body,114.59,4
Adult,ACTIVE,NONE,Underwear,218.12,4
Adult,ACTIVE,NONE,Swimwear,218.12,4
Adult,ACTIVE,NONE,Garment Upper body,186.75,4
Adult,ACTIVE,NONE,Garment Upper body,134.46,4
Adult,ACTIVE,NONE,Underwear,186.75,4
Young Adult,ACTIVE,Regularly,Swimwear,163.53,3
Young Adult,ACTIVE,Regularly,Garment Upper body,113.55,3
Young Adult,ACTIVE,NONE,Garment Lower body,448.19,1
Adult,ACTIVE,NONE,Garment Lower body,177.13,4
Young Adult,ACTIVE,Regularly,Garment Upper body,232.66,3
Elderly,ACTIVE,NONE,Garment Upper body,134.46,4
Young Adult,ACTIVE,NONE,Swimwear,92.63,1
Young Adult,ACTIVE,NONE,Garment Upper body,134.46,1
Adult,ACTIVE,Regularly,Garment Lower body,246.99,0
Young Adult,ACTIVE,NONE,Garment Upper body,186.75,1
Young Adult,ACTIVE,Regularly,Garment Upper body,285.68,3
Adult,ACTIVE,NONE,Underwear,124,4
Young Adult,ACTIVE,Regularly,Garment Upper body,118.78,3
Young Adult,ACTIVE,Regularly,Garment Upper body,165.83,3
Young Adult,ACTIVE,NONE,Garment Upper body,134.46,1
Young Adult,ACTIVE,NONE,Garment Lower body,296.56,1
Young Adult,ACTIVE,Regularly,Garment Upper body,186.75,3
Young Adult,ACTIVE,NONE,Garment Lower body,239.04,1
Young Adult,ACTIVE,NONE,Garment Upper body,82.17,1
Adult,ACTIVE,NONE,Garment Full body,124,4
Young Adult,ACTIVE,Regularly,Underwear,218.12,3
Adult,ACTIVE,NONE,Garment Upper body,343.61,4
Young Adult,ACTIVE,NONE,Garment Lower body,239.04,1
Adult,ACTIVE,NONE,Garment Lower body,218.12,4
Young Adult,ACTIVE,Regularly,Garment Lower body,239.04,3
Young Adult,ACTIVE,Regularly,Garment Lower body,239.04,3
Young Adult,ACTIVE,Regularly,Garment Lower body,169.7,3
Young Adult,ACTIVE,NONE,Garment Full body,328.03,1
Young Adult,NO MEMBERSHIP,NONE,Garment Lower body,239.04,2
Young Adult,ACTIVE,NONE,Garment Upper body,82.17,1
Adult,ACTIVE,Regularly,Garment Upper body,127.14,0
Young Adult,ACTIVE,NONE,Accessories,134.46,1
Young Adult,ACTIVE,NONE,Garment Lower body,218.12,1
Adult,ACTIVE,NONE,Garment Full body,343.61,4
Young Adult,ACTIVE,NONE,Garment Lower body,291.33,1
Adult,ACTIVE,Regularly,Accessories,50.8,0
Young Adult,ACTIVE,Regularly,Underwear,165.83,3
Young Adult,ACTIVE,Regularly,Garment Lower body,101,3
Adult,ACTIVE,Regularly,Garment Upper body,395.9,0
Adult,ACTIVE,Regularly,Garment Lower body,343.61,0
Young Adult,ACTIVE,Regularly,Accessories,165.83,3
Young Adult,ACTIVE,NONE,Swimwear,186.75,1
Young Adult,ACTIVE,Regularly,Swimwear,165.83,3
Young Adult,ACTIVE,NONE,Accessories,61.26,1
Adult,ACTIVE,NONE,Garment Upper body,186.75,4
Young Adult,ACTIVE,NONE,Garment Lower body,165.83,1
Adult,ACTIVE,Regularly,Garment Upper body,124,0
Young Adult,ACTIVE,Regularly,Garment Upper body,76.94,3
Young Adult,ACTIVE,NONE,Underwear,134.46,1
Elderly,ACTIVE,Regularly,Garment Upper body,118.78,0
Young Adult,ACTIVE,NONE,Garment Lower body,239.04,1
Adult,ACTIVE,Regularly,Garment Lower body,95.77,0
Adult,ACTIVE,NONE,Garment Upper body,71.72,4
Elderly,ACTIVE,Regularly,Swimwear,186.75,0
Young Adult,ACTIVE,NONE,Swimwear,103.09,1
Young Adult,ACTIVE,Regularly,Garment Upper body,171.06,3
Adult,ACTIVE,NONE,Swimwear,165.83,4
Young Adult,ACTIVE,NONE,Garment Full body,134.46,1
Adult,PRE-CREATE,NONE,Garment Upper body,92.63,2
Young Adult,PRE-CREATE,NONE,Swimwear,165.83,2
Adult,ACTIVE,Regularly,Garment Upper body,134.46,0
Young Adult,ACTIVE,Regularly,Accessories,82.17,3
Adult,ACTIVE,Regularly,Garment Upper body,280.87,0
Young Adult,ACTIVE,NONE,Garment Upper body,134.46,1
Young Adult,ACTIVE,NONE,Garment Upper body,152.24,1
Young Adult,ACTIVE,NONE,Garment Upper body,134.46,1
Young Adult,ACTIVE,NONE,Garment Upper body,186.75,1
Young Adult,ACTIVE,NONE,Garment Upper body,134.46,1
Adult,ACTIVE,NONE,Garment Upper body,134.46,4
Young Adult,ACTIVE,Regularly,Garment Upper body,197.21,3
Young Adult,ACTIVE,NONE,Garment Upper body,343.61,1
Young Adult,ACTIVE,NONE,Garment Upper body,124,1
Adult,ACTIVE,NONE,Swimwear,134.46,4
Adult,ACTIVE,NONE,Garment Upper body,113.55,4
Young Adult,ACTIVE,NONE,Garment Upper body,239.04,1
Adult,PRE-CREATE,NONE,Garment Upper body,186.75,2
Young Adult,ACTIVE,NONE,Garment Full body,179.53,1
Young Adult,ACTIVE,NONE,Underwear,231.09,1
Adult,ACTIVE,NONE,Underwear,186.75,4
Young Adult,ACTIVE,NONE,Accessories,364.53,1
Adult,ACTIVE,NONE,Swimwear,186.75,4
Adult,ACTIVE,Regularly,Garment Lower body,233.18,0
Young Adult,ACTIVE,Regularly,Garment Upper body,124,3
Adult,ACTIVE,NONE,Garment Upper body,82.17,4
Young Adult,ACTIVE,NONE,Garment Upper body,134.46,1
Young Adult,ACTIVE,Regularly,Garment Lower body,80.19,3
Elderly,ACTIVE,NONE,Garment Lower body,230.67,4
Young Adult,ACTIVE,NONE,Garment Lower body,239.04,1
Elderly,ACTIVE,NONE,Garment Full body,239.04,4
Adult,ACTIVE,Regularly,Accessories,186.75,0
Elderly,PRE-CREATE,NONE,Garment Lower body,218.12,2
Young Adult,ACTIVE,NONE,Garment Upper body,82.17,1
Young Adult,ACTIVE,NONE,Garment Full body,103.09,1
Elderly,PRE-CREATE,NONE,Garment Lower body,134.46,2
Adult,ACTIVE,NONE,Garment Upper body,134.46,4
Young Adult,ACTIVE,Regularly,Garment Upper body,186.75,3
Young Adult,ACTIVE,NONE,Accessories,61.26,1
Adult,ACTIVE,Regularly,Garment Full body,343.61,0
Adult,ACTIVE,Regularly,Garment Upper body,186.75,0
Adult,ACTIVE,NONE,Garment Upper body,82.17,4
Adult,ACTIVE,Regularly,Garment Lower body,182.78,0
Young Adult,PRE-CREATE,NONE,Garment Upper body,239.04,2
Elderly,ACTIVE,Regularly,Garment Lower body,218.12,0
Young Adult,ACTIVE,NONE,Shoes,82.17,1
Adult,ACTIVE,NONE,Garment Lower body,291.33,4
Young Adult,ACTIVE,Regularly,Garment Lower body,165.83,3
Young Adult,ACTIVE,NONE,Garment Upper body,134.46,1
Young Adult,ACTIVE,NONE,Swimwear,71.72,1
Young Adult,ACTIVE,NONE,Underwear,239.04,1
Young Adult,ACTIVE,NONE,Garment Full body,323.01,1
Adult,ACTIVE,Regularly,Swimwear,134.46,0
Young Adult,ACTIVE,Regularly,Garment Lower body,343.61,3
Adult,ACTIVE,NONE,Garment Full body,448.19,4
Adult,ACTIVE,NONE,Swimwear,218.12,4
Young Adult,ACTIVE,NONE,Underwear,124,1
Young Adult,ACTIVE,Regularly,Garment Full body,338.6,3
Adult,ACTIVE,NONE,Garment Full body,186.75,4
Young Adult,ACTIVE,NONE,Garment Upper body,237.47,1
Young Adult,ACTIVE,NONE,Underwear,124,1
Young Adult,ACTIVE,Regularly,Garment Upper body,239.04,3
Young Adult,ACTIVE,Regularly,Garment Full body,82.17,3
Young Adult,ACTIVE,Regularly,Swimwear,165.83,3
Adult,ACTIVE,Regularly,Underwear,155.38,0
Young Adult,ACTIVE,NONE,Garment Upper body,82.17,1
Young Adult,ACTIVE,Regularly,Garment Upper body,66.07,3
Young Adult,ACTIVE,Regularly,Accessories,165.83,3
Adult,PRE-CREATE,NONE,Underwear,218.12,2
Young Adult,ACTIVE,NONE,Garment Upper body,207.67,1
Young Adult,ACTIVE,NONE,Garment Upper body,134.46,1
Adult,ACTIVE,NONE,Garment Upper body,291.33,4
Young Adult,ACTIVE,Regularly,Underwear,218.12,3
Adult,ACTIVE,NONE,Garment Lower body,239.04,4
Young Adult,ACTIVE,NONE,Garment Upper body,343.61,1
Elderly,ACTIVE,NONE,Underwear,61.26,4
Adult,ACTIVE,NONE,Garment Lower body,334.62,4
Elderly,PRE-CREATE,NONE,Garment Lower body,239.04,2
Young Adult,ACTIVE,NONE,Swimwear,74.12,1
Young Adult,ACTIVE,Regularly,Garment Upper body,291.33,3
Elderly,ACTIVE,NONE,Garment Upper body,239.04,4
Elderly,ACTIVE,Regularly,Garment Lower body,186.75,0
Adult,ACTIVE,Regularly,Nightwear,239.04,0
Young Adult,ACTIVE,NONE,Garment Lower body,216.03,1
Young Adult,ACTIVE,Regularly,Garment Upper body,113.55,3
Young Adult,ACTIVE,NONE,Garment Lower body,291.33,1
Young Adult,ACTIVE,Regularly,Garment Lower body,239.04,3
Adult,ACTIVE,Regularly,Garment Lower body,82.17,0
Adult,ACTIVE,NONE,Underwear,239.04,4
Adult,ACTIVE,Regularly,Garment Upper body,761.92,0
Adult,ACTIVE,NONE,Shoes,186.75,4
Elderly,ACTIVE,NONE,Garment Lower body,239.04,4
Young Adult,ACTIVE,NONE,Garment Upper body,239.04,1
Adult,ACTIVE,Regularly,Garment Upper body,291.33,0
Adult,ACTIVE,NONE,Swimwear,218.12,4
Adult,ACTIVE,NONE,Swimwear,186.75,4
Young Adult,ACTIVE,NONE,Underwear,199.3,1
Young Adult,ACTIVE,Regularly,Garment Lower body,165.83,3
Young Adult,ACTIVE,Regularly,Garment Upper body,207.67,3
Adult,ACTIVE,NONE,Accessories,113.55,4
Adult,ACTIVE,NONE,Swimwear,165.83,4
Young Adult,ACTIVE,Regularly,Garment Lower body,448.19,3
Young Adult,ACTIVE,NONE,Garment Upper body,239.04,1
Adult,ACTIVE,NONE,Garment Upper body,296.56,4
Adult,ACTIVE,NONE,Socks & Tights,57.81,4
Adult,ACTIVE,NONE,Garment Upper body,61.26,4
Young Adult,ACTIVE,NONE,Garment Full body,165.83,1
Young Adult,ACTIVE,NONE,Garment Upper body,82.17,1
Adult,ACTIVE,NONE,Garment Upper body,134.46,4
Adult,ACTIVE,NONE,Garment Lower body,110.41,4
Young Adult,ACTIVE,NONE,Garment Upper body,134.46,1
Young Adult,ACTIVE,NONE,Garment Upper body,291.33,1
Adult,ACTIVE,NONE,Swimwear,108.32,4
Young Adult,ACTIVE,NONE,Garment Full body,134.46,1
Young Adult,ACTIVE,Regularly,Underwear,35.11,3
Adult,ACTIVE,NONE,Garment Upper body,83.43,4
Young Adult,ACTIVE,Regularly,Garment Upper body,291.33,3
Young Adult,ACTIVE,NONE,Garment Lower body,186.75,1
Young Adult,ACTIVE,NONE,Accessories,61.26,1
Elderly,ACTIVE,NONE,Garment Upper body,113.55,4
Young Adult,ACTIVE,NONE,Garment Lower body,343.61,1
Young Adult,ACTIVE,Regularly,Garment Full body,104.24,3
Young Adult,ACTIVE,Regularly,Garment Lower body,176.29,3
Adult,ACTIVE,Regularly,Garment Upper body,146.17,0
Young Adult,ACTIVE,NONE,Garment Upper body,218.12,1
Adult,ACTIVE,Regularly,Garment Lower body,134.46,0
Young Adult,ACTIVE,NONE,Garment Upper body,448.19,1
Adult,ACTIVE,NONE,Garment Full body,239.04,4
Adult,ACTIVE,Regularly,Garment Full body,113.55,0
Teenager,ACTIVE,Regularly,Garment Upper body,71.72,0
Adult,ACTIVE,Regularly,Garment Lower body,176.29,0
Young Adult,ACTIVE,Regularly,Garment Upper body,239.04,3
Adult,ACTIVE,NONE,Garment Upper body,134.46,4
Young Adult,ACTIVE,NONE,Garment Upper body,61.26,1
Young Adult,ACTIVE,Regularly,Underwear,183.93,3
Elderly,ACTIVE,NONE,Garment Upper body,287.67,4
Elderly,ACTIVE,NONE,Garment Upper body,239.04,4
Teenager,ACTIVE,Regularly,Garment Upper body,103.09,0
Young Adult,ACTIVE,NONE,Garment Upper body,134.46,1
Young Adult,ACTIVE,NONE,Nightwear,239.04,1
Adult,ACTIVE,Regularly,Garment Upper body,239.04,0
Young Adult,ACTIVE,NONE,Garment Full body,80.19,1
Adult,ACTIVE,Regularly,Garment Full body,231.61,0
Adult,ACTIVE,Regularly,Garment Lower body,134.46,0
Elderly,ACTIVE,Regularly,Garment Lower body,291.33,0
Young Adult,ACTIVE,Regularly,Garment Upper body,82.17,3
Young Adult,ACTIVE,Regularly,Garment Lower body,265.18,3
Adult,ACTIVE,NONE,Garment Upper body,134.46,4
Young Adult,ACTIVE,NONE,Socks & Tights,113.55,1
Young Adult,ACTIVE,NONE,Garment Lower body,197.21,1
Adult,ACTIVE,Regularly,Garment Lower body,291.33,0
Young Adult,ACTIVE,NONE,Garment Upper body,197.21,1
Young Adult,ACTIVE,Regularly,Garment Upper body,177.13,3
Young Adult,ACTIVE,NONE,Garment Upper body,92.63,1
Young Adult,ACTIVE,Regularly,Garment Upper body,165.83,3
Young Adult,ACTIVE,NONE,Garment Upper body,186.75,1
Young Adult,ACTIVE,NONE,Swimwear,134.46,1
Adult,ACTIVE,NONE,Swimwear,134.46,4
Young Adult,ACTIVE,Regularly,Garment Upper body,155.38,3
Young Adult,ACTIVE,Regularly,Garment Upper body,1065.3,3
Teenager,ACTIVE,NONE,Swimwear,186.75,0
Young Adult,ACTIVE,Regularly,Swimwear,280.87,3
Young Adult,ACTIVE,NONE,Garment Lower body,343.61,1
Adult,ACTIVE,Regularly,Garment Full body,165.83,0
Adult,ACTIVE,NONE,Shoes,265.18,4
Adult,PRE-CREATE,NONE,Garment Lower body,134.46,2
Young Adult,ACTIVE,NONE,Garment Lower body,71.72,1
Young Adult,ACTIVE,NONE,Shoes,265.18,1
Adult,ACTIVE,Regularly,Swimwear,142.93,0
Young Adult,ACTIVE,Regularly,Garment Lower body,239.04,3
Young Adult,ACTIVE,Regularly,Garment Upper body,118.78,3
Adult,ACTIVE,NONE,Garment Upper body,134.46,4
Elderly,ACTIVE,NONE,Garment Upper body,239.04,4
Young Adult,ACTIVE,NONE,Garment Upper body,83.22,1
Elderly,ACTIVE,NONE,Garment Lower body,186.75,4
Adult,ACTIVE,NONE,Garment Upper body,239.04,4
Young Adult,ACTIVE,NONE,Swimwear,186.75,1
Young Adult,ACTIVE,NONE,Garment Lower body,145.76,1
Young Adult,ACTIVE,NONE,Garment Upper body,134.46,1
Young Adult,ACTIVE,Regularly,Swimwear,134.46,3
Young Adult,ACTIVE,Regularly,Garment Upper body,176.29,3
Young Adult,ACTIVE,Regularly,Garment Upper body,50.8,3
Young Adult,ACTIVE,Regularly,Garment Upper body,109.57,3
Young Adult,ACTIVE,Regularly,Socks & Tights,113.55,3
Adult,ACTIVE,Regularly,Garment Lower body,337.44,0
Young Adult,ACTIVE,Regularly,Accessories,239.04,3
Young Adult,ACTIVE,Regularly,Garment Full body,239.04,3
Young Adult,ACTIVE,Regularly,Garment Upper body,82.17,3
Young Adult,ACTIVE,Regularly,Garment Upper body,82.17,3
Adult,ACTIVE,NONE,Garment Lower body,343.61,4
Adult,ACTIVE,Regularly,Garment Lower body,218.12,0
Young Adult,ACTIVE,NONE,Garment Upper body,395.9,1
Elderly,ACTIVE,Regularly,Garment Lower body,218.12,0
Adult,ACTIVE,NONE,Swimwear,134.46,4
Young Adult,ACTIVE,Regularly,Garment Full body,657.34,3
Young Adult,ACTIVE,NONE,Garment Upper body,239.04,1
Young Adult,ACTIVE,NONE,Garment Lower body,186.75,1
Young Adult,ACTIVE,Regularly,Swimwear,181.31,3
Adult,ACTIVE,Regularly,Garment Upper body,82.17,0
Young Adult,ACTIVE,Regularly,Garment Full body,197.21,3
Young Adult,ACTIVE,NONE,Garment Upper body,448.19,1
Young Adult,ACTIVE,Regularly,Nightwear,343.61,3
Young Adult,ACTIVE,NONE,Garment Lower body,239.04,1
Young Adult,ACTIVE,Regularly,Garment Full body,218.12,3
Elderly,ACTIVE,Regularly,Garment Full body,291.33,0
Adult,ACTIVE,NONE,Garment Full body,343.61,4
Young Adult,ACTIVE,Regularly,Accessories,113.55,3
Adult,ACTIVE,Regularly,Underwear,239.04,0
Adult,ACTIVE,NONE,Garment Upper body,134.46,4
Adult,ACTIVE,NONE,Garment Lower body,134.46,4
Adult,ACTIVE,NONE,Garment Upper body,239.04,4
Young Adult,ACTIVE,NONE,Swimwear,134.46,1
Adult,ACTIVE,NONE,Garment Upper body,814.21,4
Adult,ACTIVE,Regularly,Garment Upper body,239.04,0
Young Adult,ACTIVE,NONE,Socks & Tights,63.14,1
Young Adult,PRE-CREATE,NONE,Garment Lower body,239.04,2
Adult,ACTIVE,Regularly,Accessories,104.34,0
Young Adult,ACTIVE,NONE,Garment Upper body,57.08,1
Adult,ACTIVE,Regularly,Garment Upper body,113.55,0
Young Adult,ACTIVE,NONE,Garment Upper body,218.12,1
Adult,ACTIVE,NONE,Swimwear,186.75,4
Adult,ACTIVE,NONE,Garment Upper body,74.43,4
Young Adult,ACTIVE,Regularly,Garment Upper body,96.81,3
Adult,ACTIVE,NONE,Garment Lower body,291.33,4
Adult,ACTIVE,Regularly,Accessories,103.09,0
Adult,ACTIVE,NONE,Garment Lower body,252.11,4
Young Adult,ACTIVE,NONE,Accessories,165.83,1
Adult,ACTIVE,NONE,Garment Upper body,165.83,4
Adult,ACTIVE,NONE,Garment Upper body,448.19,4
Young Adult,ACTIVE,Regularly,Garment Lower body,239.04,3
Adult,ACTIVE,Regularly,Underwear,83.22,0
Young Adult,ACTIVE,NONE,Garment Lower body,186.75,1
Adult,ACTIVE,NONE,Underwear,199.3,4
Adult,ACTIVE,NONE,Garment Upper body,186.75,4
Young Adult,ACTIVE,Regularly,Garment Upper body,134.46,3
Young Adult,ACTIVE,NONE,Garment Upper body,111.14,1
Elderly,ACTIVE,Regularly,Garment Upper body,97.86,0
Young Adult,ACTIVE,NONE,Garment Full body,165.83,1
Adult,ACTIVE,NONE,Garment Lower body,291.33,4
Adult,ACTIVE,NONE,Shoes,113.55,4
Young Adult,ACTIVE,NONE,Swimwear,291.33,1
Young Adult,ACTIVE,NONE,Garment Upper body,113.55,1
Adult,ACTIVE,NONE,Underwear,82.17,4
Adult,ACTIVE,NONE,Garment Upper body,218.12,4
Young Adult,ACTIVE,NONE,Garment Lower body,134.46,1
Young Adult,ACTIVE,NONE,Underwear,92.63,1
Young Adult,ACTIVE,NONE,Shoes,165.83,1
Adult,ACTIVE,NONE,Garment Upper body,82.17,4
Young Adult,ACTIVE,NONE,Garment Full body,343.61,1
Young Adult,ACTIVE,NONE,Garment Full body,239.04,1
Adult,ACTIVE,Regularly,Garment Lower body,291.33,0
Adult,ACTIVE,NONE,Garment Upper body,165.83,4
Elderly,ACTIVE,NONE,Garment Upper body,239.04,4
Young Adult,ACTIVE,NONE,Garment Full body,239.04,1
Adult,ACTIVE,NONE,Garment Full body,512.92,4
Young Adult,ACTIVE,NONE,Garment Upper body,103.09,1
Young Adult,ACTIVE,Regularly,Garment Lower body,239.04,3
Adult,ACTIVE,NONE,Garment Upper body,113.55,4
Young Adult,ACTIVE,Regularly,Garment Lower body,82.17,3
Adult,ACTIVE,NONE,Swimwear,50.8,4
Young Adult,ACTIVE,NONE,Garment Lower body,186.75,1
Young Adult,ACTIVE,Regularly,Garment Upper body,343.61,3
Adult,ACTIVE,Regularly,Underwear,186.75,0
Young Adult,ACTIVE,Regularly,Garment Upper body,113.55,3
Elderly,ACTIVE,Regularly,Garment Upper body,186.75,0
Young Adult,ACTIVE,NONE,Garment Lower body,134.46,1
Young Adult,ACTIVE,NONE,Garment Upper body,134.46,1
Young Adult,ACTIVE,NONE,Garment Upper body,186.75,1
Elderly,ACTIVE,Regularly,Garment Full body,284.63,0
Young Adult,ACTIVE,NONE,Garment Upper body,239.04,1
Young Adult,ACTIVE,NONE,Garment Lower body,181.63,1
Young Adult,ACTIVE,NONE,Garment Lower body,239.04,1
Young Adult,ACTIVE,NONE,Accessories,61.26,1
Young Adult,ACTIVE,NONE,Garment Upper body,239.04,1
Adult,ACTIVE,Regularly,Accessories,134.46,0
Young Adult,ACTIVE,NONE,Accessories,134.46,1
Adult,ACTIVE,NONE,Shoes,291.33,4
Young Adult,ACTIVE,Regularly,Garment Full body,186.75,3
Young Adult,ACTIVE,NONE,Garment Lower body,448.19,1
Adult,ACTIVE,NONE,Garment Upper body,165.83,4
Young Adult,ACTIVE,Regularly,Garment Upper body,134.46,3
Young Adult,ACTIVE,Regularly,Garment Full body,134.46,3
Young Adult,ACTIVE,NONE,Swimwear,186.75,1
Adult,ACTIVE,Regularly,Garment Upper body,291.33,0
Adult,ACTIVE,NONE,Garment Lower body,239.04,4
Adult,ACTIVE,Regularly,Garment Lower body,233.39,0
Adult,ACTIVE,NONE,Garment Upper body,239.04,4
Adult,ACTIVE,Regularly,Garment Lower body,165.83,0
Young Adult,ACTIVE,Regularly,Garment Full body,186.75,3
Young Adult,ACTIVE,NONE,Underwear,113.55,1
Young Adult,ACTIVE,NONE,Garment Upper body,186.75,1
Adult,ACTIVE,NONE,Accessories,61.26,4
Young Adult,ACTIVE,NONE,Garment Upper body,134.46,1
Elderly,ACTIVE,Regularly,Garment Lower body,124,0
Adult,ACTIVE,NONE,Garment Upper body,122.12,4
Adult,ACTIVE,Regularly,Shoes,71.72,0
Adult,NO MEMBERSHIP,NONE,Garment Lower body,197.21,2
Young Adult,ACTIVE,NONE,Garment Upper body,291.33,1
Adult,ACTIVE,NONE,Garment Full body,239.04,4
Elderly,ACTIVE,Regularly,Garment Full body,448.19,0
Elderly,ACTIVE,Regularly,Garment Lower body,343.61,0
Young Adult,ACTIVE,NONE,Garment Lower body,322.7,1
Adult,ACTIVE,NONE,Garment Lower body,239.04,4
Young Adult,ACTIVE,Regularly,Garment Upper body,67.53,3
Young Adult,ACTIVE,NONE,Garment Upper body,165.83,1
Elderly,PRE-CREATE,NONE,Garment Full body,448.19,2
Adult,ACTIVE,NONE,Swimwear,239.04,4
Adult,ACTIVE,Regularly,Garment Full body,134.46,0
Adult,ACTIVE,NONE,Garment Lower body,124.11,4
Young Adult,ACTIVE,NONE,Garment Upper body,134.46,1
Young Adult,ACTIVE,Regularly,Accessories,82.17,3
Young Adult,ACTIVE,NONE,Garment Upper body,291.33,1
Adult,ACTIVE,NONE,Accessories,186.75,4
Elderly,ACTIVE,Regularly,Garment Full body,155.38,0
Adult,ACTIVE,Regularly,Garment Lower body,343.61,0
Young Adult,ACTIVE,Regularly,Garment Upper body,448.19,3
Young Adult,ACTIVE,NONE,Garment Upper body,186.75,1
Adult,ACTIVE,Regularly,Garment Lower body,120.66,0
Adult,ACTIVE,NONE,Garment Upper body,186.75,4
Young Adult,ACTIVE,Regularly,Accessories,82.17,3
Young Adult,ACTIVE,NONE,Garment Upper body,291.33,1
Young Adult,ACTIVE,NONE,Shoes,395.9,1
Young Adult,ACTIVE,NONE,Garment Full body,448.19,1
Young Adult,ACTIVE,Regularly,Garment Upper body,199.3,3
Young Adult,ACTIVE,Regularly,Garment Upper body,124,3
Elderly,ACTIVE,Regularly,Garment Upper body,82.17,0
Young Adult,ACTIVE,NONE,Swimwear,63.35,1
Young Adult,ACTIVE,Regularly,Garment Upper body,61.26,3
Young Adult,ACTIVE,NONE,Swimwear,186.75,1
Elderly,ACTIVE,NONE,Garment Upper body,186.75,4
Young Adult,ACTIVE,NONE,Garment Lower body,197.63,1
Adult,ACTIVE,NONE,Garment Upper body,71.72,4
Young Adult,ACTIVE,NONE,Garment Full body,186.75,1
Young Adult,ACTIVE,NONE,Garment Full body,91.27,1
Elderly,ACTIVE,Regularly,Shoes,657.34,0
Young Adult,ACTIVE,NONE,Garment Lower body,197.21,1
Adult,ACTIVE,NONE,Garment Lower body,249.5,4
Teenager,ACTIVE,NONE,Garment Lower body,197.21,0
Young Adult,ACTIVE,Regularly,Swimwear,218.12,3
Teenager,ACTIVE,NONE,Garment Lower body,239.04,0
Young Adult,ACTIVE,NONE,Garment Upper body,129.97,1
Young Adult,ACTIVE,NONE,Garment Lower body,195.53,1
Young Adult,ACTIVE,NONE,Garment Upper body,148.48,1
Young Adult,ACTIVE,NONE,Garment Upper body,82.17,1
Elderly,ACTIVE,Regularly,Garment Lower body,249.5,0
Adult,ACTIVE,Regularly,Garment Lower body,118.36,0
Young Adult,ACTIVE,NONE,Accessories,239.04,1
Adult,ACTIVE,NONE,Garment Upper body,239.04,4
Elderly,ACTIVE,NONE,Garment Lower body,291.33,4
Elderly,ACTIVE,NONE,Garment Upper body,67.53,4
Young Adult,ACTIVE,Regularly,Garment Lower body,218.12,3
Young Adult,ACTIVE,NONE,Garment Upper body,113.55,1
Adult,ACTIVE,NONE,Garment Lower body,291.33,4
Young Adult,ACTIVE,Regularly,Garment Upper body,269.57,3
Young Adult,ACTIVE,NONE,Garment Upper body,61.26,1
Adult,ACTIVE,NONE,Garment Upper body,280.87,4
Young Adult,ACTIVE,NONE,Garment Upper body,197.21,1
Young Adult,ACTIVE,NONE,Garment Upper body,218.12,1
Young Adult,ACTIVE,Regularly,Swimwear,395.9,3
Adult,ACTIVE,NONE,Underwear,134.46,4
Young Adult,ACTIVE,NONE,Garment Upper body,239.04,1
Elderly,ACTIVE,Regularly,Garment Lower body,218.12,0
Young Adult,ACTIVE,NONE,Garment Upper body,82.17,1
Young Adult,ACTIVE,NONE,Garment Upper body,82.17,1
Young Adult,ACTIVE,NONE,Garment Upper body,239.04,1
Young Adult,ACTIVE,NONE,Garment Lower body,186.75,1
Adult,ACTIVE,Regularly,Garment Lower body,291.33,0
Adult,ACTIVE,Regularly,Garment Lower body,291.33,0
Adult,PRE-CREATE,NONE,Swimwear,171.06,2
Young Adult,ACTIVE,NONE,Garment Lower body,343.61,1
Young Adult,ACTIVE,Regularly,Garment Upper body,89.7,3
Adult,PRE-CREATE,NONE,Garment Full body,291.33,2
Adult,ACTIVE,Regularly,Garment Upper body,92.63,0
Young Adult,ACTIVE,Regularly,Garment Full body,343.61,3
Adult,ACTIVE,Regularly,Garment Upper body,453.42,0
Young Adult,ACTIVE,NONE,Garment Upper body,124,1
Young Adult,ACTIVE,NONE,Swimwear,134.46,1
Young Adult,ACTIVE,Regularly,Underwear,186.75,3
Young Adult,ACTIVE,NONE,Garment Upper body,134.46,1
Young Adult,ACTIVE,Regularly,Underwear,171.06,3
Adult,ACTIVE,NONE,Garment Upper body,186.75,4
Young Adult,ACTIVE,NONE,Garment Lower body,291.33,1
Young Adult,ACTIVE,Regularly,Garment Full body,171.06,3
Young Adult,ACTIVE,NONE,Garment Upper body,110.2,1
Young Adult,ACTIVE,Regularly,Garment Upper body,134.46,3
Young Adult,ACTIVE,Regularly,Garment Full body,343.61,3
Elderly,ACTIVE,Regularly,Accessories,134.46,0
Adult,ACTIVE,NONE,Garment Upper body,291.33,4
Elderly,ACTIVE,Regularly,Garment Lower body,218.12,0
Young Adult,ACTIVE,NONE,Garment Upper body,130.49,1
Young Adult,ACTIVE,Regularly,Accessories,134.46,3
Young Adult,ACTIVE,Regularly,Garment Full body,129.23,3
Adult,ACTIVE,Regularly,Garment Upper body,278.25,0
Adult,ACTIVE,NONE,Garment Upper body,103.09,4
Young Adult,ACTIVE,NONE,Garment Upper body,82.17,1
Elderly,ACTIVE,Regularly,Garment Upper body,134.46,0
Young Adult,ACTIVE,NONE,Garment Lower body,82.17,1
Young Adult,ACTIVE,Regularly,Garment Upper body,124,3
Young Adult,ACTIVE,NONE,Garment Full body,395.9,1
Young Adult,ACTIVE,NONE,Garment Upper body,211.12,1
Adult,ACTIVE,NONE,Garment Lower body,448.19,4
Young Adult,ACTIVE,NONE,Garment Upper body,103.09,1
Young Adult,ACTIVE,NONE,Garment Upper body,186.75,1
Adult,ACTIVE,NONE,Garment Upper body,113.55,4
Young Adult,PRE-CREATE,NONE,Garment Upper body,186.75,2
Adult,ACTIVE,Regularly,Underwear,53,0
Young Adult,ACTIVE,NONE,Underwear,124,1
Adult,ACTIVE,NONE,Garment Upper body,82.17,4
Adult,ACTIVE,Regularly,Garment Upper body,186.75,0
Young Adult,ACTIVE,Regularly,Garment Lower body,657.34,3
Adult,ACTIVE,NONE,Socks & Tights,113.55,4
Young Adult,ACTIVE,NONE,Garment Upper body,82.17,1
Young Adult,ACTIVE,NONE,Garment Upper body,385.45,1
Young Adult,ACTIVE,NONE,Garment Upper body,88.45,1
Adult,ACTIVE,Regularly,Garment Upper body,657.34,0
Elderly,ACTIVE,NONE,Garment Upper body,165.83,4
Adult,ACTIVE,NONE,Socks & Tights,111.98,4
Teenager,ACTIVE,NONE,Garment Full body,186.75,0
Young Adult,ACTIVE,NONE,Garment Lower body,239.04,1
Young Adult,ACTIVE,Regularly,Garment Upper body,97.96,3
Adult,ACTIVE,Regularly,Garment Upper body,291.33,0
Adult,ACTIVE,NONE,Swimwear,113.55,4
Adult,ACTIVE,NONE,Garment Full body,239.04,4
Young Adult,ACTIVE,NONE,Underwear,218.12,1
Young Adult,ACTIVE,NONE,Garment Upper body,82.17,1
Adult,ACTIVE,Regularly,Garment Full body,176.29,0
Young Adult,ACTIVE,NONE,Garment Upper body,301.78,1
Adult,ACTIVE,Regularly,Garment Lower body,134.46,0
Adult,ACTIVE,NONE,Nightwear,239.04,4
Adult,ACTIVE,NONE,Garment Full body,343.61,4
Adult,ACTIVE,NONE,Garment Lower body,343.61,4
Young Adult,ACTIVE,Regularly,Garment Upper body,95.77,3
Young Adult,ACTIVE,Regularly,Garment Lower body,197.21,3
Young Adult,ACTIVE,Regularly,Underwear,111.25,3
Adult,ACTIVE,Regularly,Garment Lower body,155.38,0
Young Adult,ACTIVE,NONE,Garment Lower body,440.24,1
Adult,ACTIVE,Regularly,Garment Full body,218.12,0
Young Adult,ACTIVE,Regularly,Garment Full body,239.04,3
Young Adult,ACTIVE,NONE,Garment Upper body,239.04,1
Adult,ACTIVE,Regularly,Garment Upper body,71.72,0
Young Adult,ACTIVE,Regularly,Garment Full body,291.33,3
Young Adult,ACTIVE,Regularly,Garment Upper body,118.88,3
Young Adult,ACTIVE,Regularly,Accessories,50.8,3
Young Adult,ACTIVE,Regularly,Swimwear,92.63,3
Adult,ACTIVE,Regularly,Underwear,134.46,0
Adult,ACTIVE,NONE,Garment Upper body,239.04,4
Adult,ACTIVE,Regularly,Garment Upper body,124,0
Adult,ACTIVE,Regularly,Socks & Tights,82.17,0
Young Adult,ACTIVE,Regularly,Garment Upper body,165.83,3
Young Adult,ACTIVE,Regularly,Accessories,103.09,3
Elderly,ACTIVE,Regularly,Swimwear,124,0
Young Adult,ACTIVE,NONE,Garment Upper body,239.04,1
Young Adult,ACTIVE,Regularly,Garment Upper body,214.04,3
Adult,ACTIVE,NONE,Garment Upper body,124,4
Young Adult,ACTIVE,NONE,Underwear,343.61,1
Adult,ACTIVE,Regularly,Nightwear,155.38,0
Young Adult,ACTIVE,NONE,Garment Upper body,71.72,1
Adult,ACTIVE,Regularly,Garment Upper body,239.04,0
Adult,ACTIVE,Regularly,Garment Full body,343.61,0
Young Adult,ACTIVE,NONE,Garment Upper body,171.06,1
Elderly,ACTIVE,NONE,Socks & Tights,71.72,4
Adult,ACTIVE,Regularly,Garment Lower body,343.61,0
Young Adult,ACTIVE,Regularly,Garment Lower body,343.61,3
Young Adult,ACTIVE,NONE,Garment Lower body,239.04,1
Young Adult,PRE-CREATE,Regularly,Garment Upper body,343.61,2
Elderly,ACTIVE,Regularly,Garment Upper body,165.83,0
Young Adult,ACTIVE,NONE,Garment Upper body,291.33,1
Adult,ACTIVE,Regularly,Garment Upper body,448.19,0
Young Adult,ACTIVE,NONE,Garment Upper body,239.04,1
Young Adult,ACTIVE,Regularly,Swimwear,82.17,3
Young Adult,ACTIVE,Regularly,Garment Lower body,99.64,3
Young Adult,ACTIVE,NONE,Socks & Tights,99.64,1
Young Adult,ACTIVE,Regularly,Accessories,239.04,3
Young Adult,ACTIVE,Regularly,Underwear,109.15,3
Young Adult,ACTIVE,NONE,Swimwear,134.46,1
Young Adult,ACTIVE,NONE,Swimwear,239.04,1
Young Adult,ACTIVE,Regularly,Swimwear,113.55,3
Adult,ACTIVE,NONE,Accessories,113.55,4
Adult,ACTIVE,NONE,Underwear,83.43,4
Adult,ACTIVE,NONE,Underwear,165.83,4
Young Adult,ACTIVE,Regularly,Garment Upper body,124,3
Young Adult,ACTIVE,Regularly,Garment Lower body,99.64,3
Adult,ACTIVE,NONE,Accessories,113.55,4
Adult,ACTIVE,Regularly,Accessories,322.7,0
Adult,ACTIVE,NONE,Garment Upper body,71.72,4
Young Adult,ACTIVE,NONE,Garment Full body,312.24,1
Young Adult,ACTIVE,NONE,Garment Upper body,113.55,1
Elderly,ACTIVE,NONE,Garment Full body,291.33,4
Young Adult,ACTIVE,NONE,Accessories,92.63,1
Adult,ACTIVE,Regularly,Garment Upper body,291.33,0
Young Adult,ACTIVE,Regularly,Garment Lower body,103.09,3
Young Adult,ACTIVE,NONE,Swimwear,122.96,1
Young Adult,ACTIVE,Regularly,Garment Upper body,113.55,3
Young Adult,ACTIVE,Regularly,Garment Upper body,291.33,3
Young Adult,ACTIVE,NONE,Garment Lower body,134.46,1
Young Adult,ACTIVE,NONE,Garment Upper body,82.17,1
Adult,ACTIVE,Regularly,Garment Full body,165.83,0
Adult,ACTIVE,Regularly,Garment Upper body,291.33,0
Young Adult,ACTIVE,NONE,Garment Full body,239.04,1
Young Adult,ACTIVE,NONE,Socks & Tights,92.63,1
Young Adult,ACTIVE,Regularly,Garment Upper body,218.12,3
Elderly,ACTIVE,Regularly,Garment Upper body,127.77,0
Young Adult,ACTIVE,NONE,Garment Lower body,291.33,1
Elderly,ACTIVE,Regularly,Underwear,186.75,0
Adult,ACTIVE,NONE,Garment Lower body,343.61,4
Adult,ACTIVE,NONE,Swimwear,343.61,4
Young Adult,ACTIVE,NONE,Garment Upper body,165.83,1
Young Adult,ACTIVE,NONE,Garment Upper body,134.46,1
Young Adult,ACTIVE,NONE,Garment Lower body,343.61,1
Adult,ACTIVE,NONE,Garment Lower body,186.75,4
Young Adult,ACTIVE,Regularly,Garment Upper body,82.17,3
Elderly,ACTIVE,Regularly,Garment Lower body,395.9,0
Young Adult,ACTIVE,Regularly,Nightwear,343.61,3
Young Adult,ACTIVE,NONE,Garment Upper body,82.17,1
Young Adult,ACTIVE,NONE,Garment Lower body,328.97,1
Young Adult,ACTIVE,Regularly,Garment Upper body,448.19,3
Young Adult,ACTIVE,NONE,Swimwear,165.83,1
Young Adult,ACTIVE,NONE,Garment Upper body,186.75,1
Adult,ACTIVE,Regularly,Garment Full body,180.48,0
Young Adult,ACTIVE,NONE,Underwear,144.92,1
Young Adult,ACTIVE,NONE,Underwear,113.55,1
Young Adult,ACTIVE,NONE,Garment Upper body,134.46,1
Adult,ACTIVE,Regularly,Garment Upper body,239.04,0
Adult,ACTIVE,NONE,Swimwear,215.51,4
Young Adult,ACTIVE,Regularly,Swimwear,335.56,3
Adult,ACTIVE,Regularly,Garment Lower body,239.04,0
Adult,ACTIVE,Regularly,Garment Upper body,165.83,0
Young Adult,ACTIVE,Regularly,Garment Upper body,239.04,3
Young Adult,ACTIVE,NONE,Garment Upper body,186.75,1
Adult,ACTIVE,NONE,Garment Upper body,71.72,4
Young Adult,ACTIVE,NONE,Garment Lower body,239.04,1
Adult,ACTIVE,NONE,Garment Upper body,176.29,4
Young Adult,ACTIVE,NONE,Garment Upper body,448.19,1
Young Adult,ACTIVE,Regularly,Garment Lower body,186.75,3
Young Adult,ACTIVE,NONE,Garment Lower body,291.33,1
Young Adult,ACTIVE,NONE,Garment Full body,343.61,1
Adult,ACTIVE,Regularly,Garment Full body,343.61,0
Young Adult,ACTIVE,NONE,Garment Lower body,239.04,1
Young Adult,ACTIVE,Regularly,Garment Upper body,547.64,3
Adult,ACTIVE,Regularly,Garment Upper body,197.21,0
Young Adult,ACTIVE,Regularly,Underwear,35.11,3
Young Adult,ACTIVE,NONE,Garment Full body,239.04,1
Adult,ACTIVE,Regularly,Garment Lower body,395.9,0
Young Adult,ACTIVE,NONE,Underwear,108.95,1
Elderly,ACTIVE,Regularly,Garment Upper body,134.46,0
Young Adult,ACTIVE,NONE,Garment Upper body,688.72,1
Young Adult,ACTIVE,NONE,Garment Upper body,249.5,1
Adult,ACTIVE,NONE,Garment Upper body,197.21,4
Elderly,ACTIVE,Regularly,Garment Upper body,76.94,0
Young Adult,ACTIVE,NONE,Garment Lower body,343.61,1
Elderly,ACTIVE,Regularly,Garment Upper body,291.33,0
Young Adult,ACTIVE,NONE,Garment Upper body,197.21,1
Adult,ACTIVE,Regularly,Garment Upper body,134.46,0
Adult,ACTIVE,Regularly,Garment Upper body,133.42,0
Young Adult,ACTIVE,NONE,Garment Lower body,239.04,1
Teenager,ACTIVE,NONE,Garment Upper body,134.46,0
Adult,ACTIVE,Regularly,Garment Upper body,134.46,0
Adult,ACTIVE,NONE,Swimwear,176.29,4
Young Adult,ACTIVE,Regularly,Garment Full body,249.5,3
Elderly,ACTIVE,Regularly,Shoes,197.21,0
Adult,ACTIVE,NONE,Underwear,92.63,4
Young Adult,ACTIVE,NONE,Garment Lower body,552.77,1
Adult,ACTIVE,Regularly,Garment Upper body,761.92,0
Adult,ACTIVE,Regularly,Garment Lower body,239.04,0
Adult,ACTIVE,Regularly,Garment Upper body,186.75,0
Young Adult,ACTIVE,NONE,Underwear,180.48,1
Young Adult,ACTIVE,NONE,Garment Lower body,197.21,1
Young Adult,ACTIVE,NONE,Garment Full body,239.04,1
Adult,ACTIVE,Regularly,Underwear,186.75,0
Adult,ACTIVE,Regularly,Garment Lower body,218.12,0
Elderly,ACTIVE,NONE,Garment Full body,343.61,4
Adult,ACTIVE,NONE,Underwear,118.78,4
Young Adult,ACTIVE,NONE,Garment Full body,171.06,1
Adult,ACTIVE,Regularly,Garment Lower body,343.61,0
Adult,ACTIVE,Regularly,Underwear,239.04,0
Adult,ACTIVE,NONE,Garment Upper body,134.46,4
Adult,ACTIVE,NONE,Garment Upper body,291.33,4
Young Adult,ACTIVE,NONE,Garment Upper body,343.61,1
Adult,ACTIVE,Regularly,Garment Lower body,103.09,0
Elderly,ACTIVE,NONE,Garment Upper body,239.04,4
Young Adult,ACTIVE,Regularly,Garment Upper body,82.17,3
Young Adult,ACTIVE,NONE,Underwear,165.83,1
Young Adult,ACTIVE,NONE,Garment Upper body,448.19,1
Young Adult,ACTIVE,NONE,Socks & Tights,186.75,1
Young Adult,ACTIVE,NONE,Garment Lower body,291.33,1
Elderly,ACTIVE,Regularly,Swimwear,186.75,0
Young Adult,ACTIVE,NONE,Garment Lower body,397.79,1
Young Adult,ACTIVE,NONE,Garment Upper body,134.46,1
Young Adult,ACTIVE,NONE,Garment Upper body,448.19,1
Young Adult,ACTIVE,NONE,Garment Upper body,178.91,1
Young Adult,ACTIVE,NONE,Garment Upper body,134.46,1
Young Adult,ACTIVE,Regularly,Garment Lower body,134.46,3
Adult,ACTIVE,Regularly,Garment Upper body,500.48,0
Young Adult,ACTIVE,NONE,Underwear,218.12,1
Young Adult,ACTIVE,NONE,Garment Full body,291.33,1
Elderly,ACTIVE,NONE,Garment Upper body,113.55,4
Young Adult,ACTIVE,NONE,Garment Upper body,218.12,1
Adult,ACTIVE,NONE,Shoes,186.75,4
Young Adult,ACTIVE,Regularly,Garment Upper body,76.94,3
Adult,ACTIVE,Regularly,Underwear,92.63,0
Young Adult,ACTIVE,NONE,Garment Upper body,82.17,1
Young Adult,ACTIVE,NONE,Swimwear,118.78,1
Elderly,ACTIVE,NONE,Garment Upper body,82.17,4
Young Adult,ACTIVE,NONE,Garment Upper body,82.17,1
Adult,ACTIVE,Regularly,Garment Upper body,124,0
Young Adult,ACTIVE,Regularly,Garment Upper body,134.46,3
Adult,ACTIVE,NONE,Socks & Tights,134.46,4
Adult,ACTIVE,NONE,Garment Upper body,782.84,4
Teenager,ACTIVE,NONE,Garment Lower body,186.75,0
Adult,ACTIVE,NONE,Garment Upper body,55.09,4
Adult,ACTIVE,Regularly,Garment Lower body,197.21,0
Young Adult,ACTIVE,Regularly,Garment Upper body,59.06,3
Young Adult,ACTIVE,Regularly,Garment Lower body,343.61,3
Young Adult,ACTIVE,NONE,Garment Upper body,74.33,1
Young Adult,ACTIVE,NONE,Garment Upper body,343.61,1
Adult,ACTIVE,NONE,Garment Lower body,144.92,4
Adult,ACTIVE,Regularly,Garment Upper body,301.78,0
Young Adult,ACTIVE,Regularly,Garment Lower body,218.12,3
Young Adult,ACTIVE,NONE,Garment Upper body,113.55,1
Elderly,ACTIVE,NONE,Garment Upper body,95.77,4
Adult,ACTIVE,Regularly,Shoes,1075.65,0
Adult,ACTIVE,NONE,Garment Full body,552.77,4
Young Adult,ACTIVE,Regularly,Garment Lower body,239.04,3
Young Adult,ACTIVE,Regularly,Garment Lower body,239.04,3
Adult,ACTIVE,Regularly,Garment Upper body,82.17,0
Young Adult,ACTIVE,NONE,Accessories,239.04,1
Young Adult,ACTIVE,NONE,Garment Lower body,239.04,1
Adult,ACTIVE,NONE,Unknown,175.35,4
Elderly,ACTIVE,Regularly,Garment Upper body,163.22,0
Young Adult,ACTIVE,NONE,Swimwear,134.46,1
Young Adult,ACTIVE,NONE,Accessories,113.55,1
Adult,ACTIVE,Regularly,Garment Upper body,186.75,0
Young Adult,ACTIVE,NONE,Underwear,92.63,1
Young Adult,ACTIVE,Regularly,Garment Upper body,124,3
Young Adult,ACTIVE,NONE,Shoes,552.77,1
Young Adult,ACTIVE,NONE,Garment Full body,358.99,1
Adult,ACTIVE,NONE,Garment Upper body,239.04,4
Young Adult,ACTIVE,NONE,Garment Upper body,234.23,1
Young Adult,ACTIVE,Regularly,Garment Upper body,67.53,3
Young Adult,ACTIVE,NONE,Garment Upper body,82.17,1
Adult,ACTIVE,NONE,Garment Full body,343.61,4
Adult,ACTIVE,Regularly,Garment Lower body,113.55,0
Young Adult,ACTIVE,Regularly,Swimwear,189.89,3
Young Adult,ACTIVE,NONE,Garment Upper body,134.46,1
Adult,ACTIVE,Regularly,Garment Full body,229.52,0
Elderly,ACTIVE,NONE,Garment Full body,239.04,4
Young Adult,ACTIVE,Regularly,Garment Upper body,82.17,3
Adult,ACTIVE,NONE,Garment Full body,448.19,4
Young Adult,ACTIVE,Regularly,Garment Lower body,239.04,3
Adult,ACTIVE,NONE,Garment Upper body,82.17,4
Young Adult,ACTIVE,NONE,Swimwear,103.09,1
Adult,ACTIVE,NONE,Swimwear,176.29,4
Young Adult,ACTIVE,NONE,Garment Lower body,134.46,1
Young Adult,ACTIVE,NONE,Socks & Tights,113.55,1
Young Adult,ACTIVE,Regularly,Garment Lower body,239.04,3
Young Adult,ACTIVE,Regularly,Garment Lower body,186.75,3
Young Adult,ACTIVE,Regularly,Swimwear,103.09,3
Adult,ACTIVE,NONE,Shoes,134.46,4
Adult,PRE-CREATE,NONE,Garment Upper body,134.46,2
Adult,ACTIVE,Regularly,Garment Upper body,343.61,0
Adult,ACTIVE,Regularly,Accessories,82.17,0
Adult,ACTIVE,Regularly,Garment Upper body,171.06,0
Young Adult,ACTIVE,NONE,Garment Upper body,134.46,1
Young Adult,ACTIVE,Regularly,Garment Upper body,155.38,3
Adult,ACTIVE,Regularly,Garment Lower body,82.17,0
Elderly,ACTIVE,NONE,Garment Lower body,207.67,4
Young Adult,ACTIVE,Regularly,Garment Upper body,291.33,3
Young Adult,ACTIVE,NONE,Garment Upper body,239.04,1
Adult,ACTIVE,Regularly,Garment Upper body,165.83,0
Young Adult,ACTIVE,Regularly,Garment Lower body,239.04,3
Young Adult,ACTIVE,Regularly,Garment Upper body,186.75,3
Adult,ACTIVE,NONE,Garment Upper body,124,4
Young Adult,ACTIVE,NONE,Garment Upper body,180.48,1
Young Adult,ACTIVE,NONE,Garment Upper body,133.73,1
Young Adult,ACTIVE,Regularly,Socks & Tights,113.55,3
Elderly,ACTIVE,Regularly,Garment Upper body,134.46,0
Elderly,ACTIVE,Regularly,Garment Upper body,94.93,0
Young Adult,ACTIVE,NONE,Swimwear,186.75,1
Adult,ACTIVE,NONE,Garment Lower body,343.61,4
Adult,ACTIVE,Regularly,Garment Upper body,186.75,0
Elderly,ACTIVE,Regularly,Garment Upper body,516.69,0
Young Adult,ACTIVE,NONE,Nightwear,239.04,1
Adult,ACTIVE,NONE,Garment Upper body,142.83,4
Young Adult,ACTIVE,Regularly,Garment Lower body,280.87,3
Young Adult,ACTIVE,Regularly,Garment Upper body,124,3
Adult,ACTIVE,Regularly,Garment Lower body,113.55,0
Young Adult,ACTIVE,Regularly,Swimwear,124,3
Young Adult,ACTIVE,Regularly,Accessories,61.26,3
Adult,ACTIVE,Regularly,Socks & Tights,82.17,0
Young Adult,ACTIVE,Regularly,Accessories,218.12,3
Adult,ACTIVE,Regularly,Shoes,92.63,0
Adult,ACTIVE,NONE,Garment Upper body,239.04,4
Young Adult,ACTIVE,NONE,Garment Lower body,239.04,1
Young Adult,ACTIVE,NONE,Garment Upper body,218.12,1
Young Adult,PRE-CREATE,NONE,Garment Upper body,657.34,2
Young Adult,ACTIVE,NONE,Garment Upper body,78.2,1
Young Adult,ACTIVE,Regularly,Underwear,186.75,3
Young Adult,ACTIVE,Regularly,Accessories,70.04,3
Young Adult,ACTIVE,NONE,Garment Upper body,657.34,1
Young Adult,ACTIVE,NONE,Garment Lower body,542.94,1
Young Adult,ACTIVE,Regularly,Garment Lower body,312.24,3
Young Adult,ACTIVE,NONE,Socks & Tights,134.46,1
Young Adult,ACTIVE,NONE,Garment Lower body,181.31,1
Adult,ACTIVE,Regularly,Garment Upper body,186.75,0
Adult,ACTIVE,Regularly,Shoes,291.33,0
Adult,ACTIVE,Regularly,Garment Upper body,79.45,0
Adult,ACTIVE,Regularly,Garment Upper body,181.73,0
Adult,ACTIVE,NONE,Swimwear,134.46,4
Adult,ACTIVE,Regularly,Garment Upper body,58.12,0
Young Adult,ACTIVE,NONE,Garment Upper body,552.77,1
Young Adult,ACTIVE,Regularly,Socks & Tights,134.46,3
Adult,ACTIVE,Regularly,Swimwear,134.46,0
Young Adult,ACTIVE,NONE,Garment Upper body,239.04,1
Young Adult,ACTIVE,NONE,Accessories,63.56,1
Young Adult,ACTIVE,NONE,Garment Lower body,186.75,1
Adult,ACTIVE,NONE,Garment Upper body,134.46,4
Adult,ACTIVE,Regularly,Garment Upper body,134.46,0
Elderly,ACTIVE,Regularly,Garment Full body,134.46,0
Young Adult,ACTIVE,NONE,Garment Lower body,134.46,1
Young Adult,ACTIVE,NONE,Garment Lower body,322.7,1
Young Adult,PRE-CREATE,NONE,Garment Upper body,71.72,2
Young Adult,ACTIVE,NONE,Garment Lower body,165.83,1
Young Adult,ACTIVE,NONE,Swimwear,343.61,1
Adult,ACTIVE,NONE,Garment Lower body,207.67,4
Young Adult,ACTIVE,NONE,Socks & Tights,99.64,1
Young Adult,ACTIVE,NONE,Garment Full body,197.21,1
Adult,ACTIVE,NONE,Garment Upper body,343.61,4
Young Adult,ACTIVE,Regularly,Garment Upper body,134.46,3
Young Adult,ACTIVE,Regularly,Garment Upper body,103.09,3
Young Adult,ACTIVE,NONE,Garment Upper body,82.17,1
Young Adult,ACTIVE,NONE,Garment Upper body,134.46,1
Young Adult,ACTIVE,Regularly,Swimwear,134.46,3
Adult,ACTIVE,Regularly,Garment Lower body,343.61,0
Adult,ACTIVE,NONE,Underwear,180.48,4
Young Adult,ACTIVE,Regularly,Shoes,126.1,3
Young Adult,ACTIVE,Regularly,Garment Upper body,82.17,3
Adult,ACTIVE,Regularly,Underwear,113.55,0
Adult,ACTIVE,Regularly,Garment Upper body,124,0
Young Adult,ACTIVE,Regularly,Garment Full body,186.75,3
Young Adult,ACTIVE,NONE,Underwear,186.75,1
Young Adult,ACTIVE,NONE,Accessories,50.8,1
Young Adult,ACTIVE,NONE,Swimwear,186.75,1
Young Adult,ACTIVE,Regularly,Garment Upper body,239.04,3
Young Adult,PRE-CREATE,NONE,Garment Lower body,186.75,2
Young Adult,PRE-CREATE,NONE,Garment Lower body,343.61,2
Young Adult,ACTIVE,Regularly,Swimwear,180.48,3
Young Adult,ACTIVE,Regularly,Socks & Tights,99.64,3
Young Adult,ACTIVE,NONE,Garment Upper body,291.33,1
Young Adult,ACTIVE,Regularly,Garment Full body,180.48,3
Elderly,ACTIVE,NONE,Garment Full body,171.06,4
Adult,ACTIVE,Regularly,Garment Upper body,134.46,0
Young Adult,ACTIVE,NONE,Garment Full body,239.04,1
Young Adult,ACTIVE,NONE,Garment Full body,124,1
Young Adult,ACTIVE,NONE,Garment Lower body,343.61,1
Adult,ACTIVE,NONE,Garment Upper body,82.17,4
Young Adult,ACTIVE,NONE,Garment Upper body,134.46,1
Adult,ACTIVE,NONE,Underwear,134.46,4
Young Adult,ACTIVE,Regularly,Garment Upper body,388.79,3
Young Adult,ACTIVE,Regularly,Garment Lower body,103.09,3
Adult,ACTIVE,Regularly,Underwear,134.46,0
Young Adult,ACTIVE,NONE,Garment Upper body,113.55,1
Elderly,ACTIVE,NONE,Underwear,92.63,4
Young Adult,ACTIVE,Regularly,Garment Upper body,186.75,3
Adult,ACTIVE,NONE,Garment Lower body,239.04,4
Young Adult,ACTIVE,NONE,Garment Lower body,140.21,1
Young Adult,ACTIVE,Regularly,Garment Upper body,239.04,3
Adult,ACTIVE,Regularly,Garment Upper body,122.54,0
Adult,ACTIVE,NONE,Garment Full body,343.61,4
Young Adult,ACTIVE,NONE,Garment Lower body,113.55,1
Young Adult,ACTIVE,NONE,Garment Upper body,239.04,1
Young Adult,ACTIVE,NONE,Garment Lower body,218.12,1
Adult,ACTIVE,NONE,Garment Upper body,134.46,4
Young Adult,ACTIVE,NONE,Garment Full body,448.19,1
Young Adult,ACTIVE,NONE,Garment Full body,291.33,1
Young Adult,ACTIVE,Regularly,Shoes,552.77,3
Elderly,ACTIVE,NONE,Swimwear,134.46,4
Young Adult,ACTIVE,NONE,Garment Upper body,124,1
Young Adult,ACTIVE,Regularly,Garment Lower body,343.61,3
Young Adult,ACTIVE,Regularly,Underwear,241.97,3
Adult,ACTIVE,NONE,Garment Upper body,134.46,4
Adult,ACTIVE,NONE,Garment Lower body,186.75,4
Young Adult,NO MEMBERSHIP,NONE,Garment Full body,184.66,2
Young Adult,ACTIVE,Regularly,Garment Full body,218.12,3
Young Adult,ACTIVE,NONE,Swimwear,186.75,1
Young Adult,ACTIVE,NONE,Swimwear,134.46,1
Young Adult,ACTIVE,Regularly,Garment Lower body,134.46,3
Elderly,ACTIVE,NONE,Garment Lower body,134.46,4
Young Adult,ACTIVE,NONE,Garment Lower body,218.12,1
Adult,ACTIVE,NONE,Garment Upper body,165.83,4
Young Adult,ACTIVE,NONE,Accessories,61.26,1
Young Adult,ACTIVE,NONE,Garment Lower body,279.72,1
Adult,ACTIVE,NONE,Garment Upper body,120.55,4
Adult,ACTIVE,NONE,Garment Lower body,395.9,4
Elderly,ACTIVE,NONE,Garment Lower body,252.11,4
Young Adult,ACTIVE,NONE,Garment Upper body,239.04,1
Adult,ACTIVE,NONE,Underwear,165.83,4
Elderly,ACTIVE,Regularly,Garment Upper body,130.7,0
Adult,ACTIVE,Regularly,Garment Upper body,395.9,0
Young Adult,PRE-CREATE,NONE,Garment Full body,186.75,2
Young Adult,ACTIVE,NONE,Garment Upper body,155.38,1
Young Adult,ACTIVE,NONE,Garment Upper body,291.33,1
Young Adult,ACTIVE,Regularly,Garment Full body,186.75,3
Young Adult,ACTIVE,NONE,Accessories,82.17,1
Young Adult,ACTIVE,NONE,Garment Upper body,134.46,1
Adult,ACTIVE,NONE,Garment Full body,343.61,4
Elderly,ACTIVE,Regularly,Garment Lower body,134.46,0
Adult,ACTIVE,NONE,Garment Lower body,113.55,4
Elderly,ACTIVE,Regularly,Garment Upper body,82.17,0
Adult,ACTIVE,Regularly,Shoes,76.94,0
Young Adult,ACTIVE,NONE,Garment Upper body,165.83,1
Young Adult,ACTIVE,NONE,Underwear,218.12,1
Elderly,ACTIVE,NONE,Underwear,239.04,4
Adult,ACTIVE,Regularly,Garment Lower body,131.43,0
Adult,ACTIVE,Regularly,Garment Upper body,134.46,0
Elderly,ACTIVE,Regularly,Garment Upper body,134.46,0
Young Adult,ACTIVE,NONE,Garment Upper body,239.04,1
Adult,ACTIVE,Regularly,Garment Full body,343.61,0
Young Adult,ACTIVE,Regularly,Garment Upper body,171.06,3
Young Adult,ACTIVE,NONE,Swimwear,82.17,1
Elderly,ACTIVE,NONE,Garment Upper body,186.75,4
Young Adult,ACTIVE,Regularly,Garment Upper body,134.46,3
Young Adult,ACTIVE,Regularly,Underwear,280.87,3
Adult,ACTIVE,Regularly,Garment Lower body,239.04,0
Young Adult,ACTIVE,NONE,Accessories,50.8,1
Teenager,ACTIVE,Regularly,Garment Upper body,197.21,0
Elderly,ACTIVE,Regularly,Garment Upper body,179.12,0
Young Adult,ACTIVE,Regularly,Garment Lower body,239.04,3
Adult,ACTIVE,NONE,Garment Upper body,226.91,4
Elderly,ACTIVE,Regularly,Swimwear,343.61,0
Young Adult,ACTIVE,Regularly,Garment Full body,186.75,3
Adult,ACTIVE,NONE,Garment Upper body,92.63,4
Young Adult,ACTIVE,NONE,Unknown,173.68,1
Young Adult,ACTIVE,Regularly,Garment Upper body,134.46,3
Young Adult,ACTIVE,NONE,Garment Full body,448.19,1
Teenager,ACTIVE,NONE,Swimwear,134.46,0
Young Adult,ACTIVE,NONE,Garment Upper body,171.06,1
Young Adult,ACTIVE,NONE,Garment Upper body,82.17,1
Young Adult,ACTIVE,NONE,Garment Upper body,239.04,1
Young Adult,ACTIVE,Regularly,Accessories,138.64,3
Young Adult,ACTIVE,NONE,Accessories,92.63,1
Young Adult,ACTIVE,NONE,Garment Lower body,291.33,1
Young Adult,ACTIVE,NONE,Garment Upper body,186.75,1
Young Adult,ACTIVE,NONE,Garment Upper body,103.09,1
Young Adult,ACTIVE,Regularly,Underwear,92.63,3
Young Adult,ACTIVE,Regularly,Garment Upper body,385.45,3
Adult,ACTIVE,NONE,Garment Upper body,82.17,4
Adult,ACTIVE,NONE,Accessories,103.09,4
Young Adult,ACTIVE,NONE,Garment Lower body,552.77,1
Elderly,ACTIVE,NONE,Garment Lower body,322.7,4
Adult,ACTIVE,Regularly,Garment Upper body,155.38,0
Elderly,ACTIVE,Regularly,Garment Upper body,218.12,0
Adult,ACTIVE,NONE,Garment Upper body,48.71,4
Young Adult,ACTIVE,Regularly,Garment Lower body,343.61,3
Adult,ACTIVE,NONE,Garment Upper body,82.17,4
Young Adult,ACTIVE,NONE,Garment Upper body,343.61,1
Young Adult,ACTIVE,Regularly,Garment Upper body,615.51,3
Teenager,ACTIVE,Regularly,Garment Upper body,124,0
Young Adult,ACTIVE,NONE,Garment Upper body,103.09,1
Elderly,ACTIVE,NONE,Garment Upper body,1065.3,4
Adult,ACTIVE,NONE,Garment Upper body,291.33,4
Young Adult,ACTIVE,NONE,Socks & Tights,127.04,1
Adult,ACTIVE,Regularly,Garment Full body,391.82,0
Young Adult,ACTIVE,NONE,Garment Lower body,343.61,1
Adult,ACTIVE,NONE,Garment Lower body,265.18,4
Young Adult,ACTIVE,Regularly,Garment Upper body,364.53,3
Young Adult,ACTIVE,Regularly,Accessories,92.63,3
Young Adult,ACTIVE,NONE,Garment Upper body,239.04,1
Young Adult,ACTIVE,NONE,Garment Lower body,265.18,1
Young Adult,ACTIVE,NONE,Garment Full body,288.61,1
Young Adult,ACTIVE,Regularly,Garment Upper body,82.17,3
Young Adult,ACTIVE,NONE,Garment Lower body,113.55,1
Young Adult,ACTIVE,Regularly,Garment Upper body,134.46,3
Young Adult,ACTIVE,Regularly,Garment Upper body,171.06,3
Adult,ACTIVE,NONE,Garment Lower body,184.14,4
Young Adult,ACTIVE,NONE,Underwear,239.04,1
Young Adult,ACTIVE,NONE,Garment Lower body,239.04,1
Young Adult,ACTIVE,Regularly,Bags,239.04,3
Young Adult,ACTIVE,NONE,Garment Upper body,239.04,1
Young Adult,PRE-CREATE,NONE,Swimwear,103.09,2
Young Adult,ACTIVE,NONE,Garment Lower body,134.46,1
Adult,ACTIVE,NONE,Garment Upper body,134.46,4
Adult,ACTIVE,NONE,Garment Full body,343.61,4
Young Adult,ACTIVE,NONE,Garment Upper body,343.61,1
Adult,ACTIVE,NONE,Shoes,510.94,4
Adult,ACTIVE,Regularly,Garment Lower body,186.75,0
Elderly,ACTIVE,NONE,Garment Upper body,134.46,4
Young Adult,ACTIVE,NONE,Underwear,92.63,1
Young Adult,ACTIVE,NONE,Garment Full body,155.38,1
Adult,ACTIVE,NONE,Garment Lower body,134.46,4
Elderly,ACTIVE,Regularly,Socks & Tights,134.46,0
Young Adult,ACTIVE,NONE,Garment Upper body,291.33,1
Young Adult,ACTIVE,NONE,Garment Upper body,134.46,1
Young Adult,ACTIVE,Regularly,Garment Lower body,265.5,3
Young Adult,ACTIVE,Regularly,Garment Upper body,225.76,3
Young Adult,ACTIVE,Regularly,Garment Upper body,179.22,3
Adult,ACTIVE,Regularly,Garment Full body,124,0
Elderly,ACTIVE,NONE,Accessories,165.83,4
Adult,ACTIVE,NONE,Garment Lower body,218.12,4
Adult,ACTIVE,NONE,Underwear,209.55,4
Adult,ACTIVE,NONE,Garment Lower body,291.33,4
Adult,ACTIVE,NONE,Garment Full body,239.04,4
Young Adult,ACTIVE,NONE,Garment Upper body,134.46,1
Adult,ACTIVE,Regularly,Underwear,291.33,0
Young Adult,ACTIVE,Regularly,Garment Upper body,82.17,3
Young Adult,ACTIVE,NONE,Garment Upper body,239.04,1
Young Adult,ACTIVE,Regularly,Garment Lower body,258.07,3
Elderly,ACTIVE,NONE,Garment Lower body,239.04,4
Adult,ACTIVE,NONE,Garment Upper body,448.19,4
Young Adult,ACTIVE,NONE,Garment Lower body,134.46,1
Adult,ACTIVE,Regularly,Swimwear,239.04,0
Young Adult,ACTIVE,Regularly,Accessories,112.71,3
Young Adult,ACTIVE,NONE,Garment Upper body,108.32,1
Adult,ACTIVE,NONE,Garment Lower body,186.75,4
Young Adult,ACTIVE,Regularly,Garment Lower body,233.08,3
Young Adult,ACTIVE,NONE,Garment Full body,448.19,1
Young Adult,ACTIVE,NONE,Swimwear,218.12,1
Elderly,PRE-CREATE,NONE,Underwear,134.46,2
Young Adult,ACTIVE,Regularly,Garment Lower body,186.75,3
Young Adult,ACTIVE,Regularly,Underwear,165.83,3
Young Adult,ACTIVE,NONE,Garment Upper body,134.46,1
Young Adult,ACTIVE,NONE,Accessories,113.55,1
Elderly,ACTIVE,NONE,Garment Upper body,448.19,4
Elderly,ACTIVE,NONE,Garment Lower body,129.55,4
Adult,ACTIVE,NONE,Garment Upper body,132.37,4
Young Adult,ACTIVE,NONE,Garment Upper body,159.04,1
Adult,ACTIVE,Regularly,Garment Upper body,239.04,0
Young Adult,ACTIVE,Regularly,Garment Lower body,343.61,3
Elderly,ACTIVE,NONE,Underwear,134.46,4
Young Adult,ACTIVE,NONE,Garment Full body,280.87,1
Young Adult,ACTIVE,Regularly,Garment Upper body,163.22,3
Adult,ACTIVE,Regularly,Swimwear,134.46,0
Young Adult,ACTIVE,NONE,Garment Upper body,176.29,1
Adult,ACTIVE,NONE,Garment Full body,186.75,4
Adult,ACTIVE,NONE,Garment Upper body,239.04,4
Adult,ACTIVE,Regularly,Swimwear,113.55,0
Adult,ACTIVE,Regularly,Garment Upper body,239.04,0
Young Adult,ACTIVE,Regularly,Garment Upper body,186.75,3
Young Adult,ACTIVE,Regularly,Garment Upper body,390.78,3
Adult,ACTIVE,NONE,Garment Lower body,395.9,4
Young Adult,ACTIVE,NONE,Shoes,180.48,1
Young Adult,ACTIVE,NONE,Garment Lower body,285.89,1
Young Adult,ACTIVE,NONE,Nightwear,226.7,1
Young Adult,ACTIVE,NONE,Garment Upper body,113.55,1
Adult,ACTIVE,Regularly,Garment Upper body,186.75,0
Young Adult,ACTIVE,NONE,Garment Upper body,186.75,1
Adult,ACTIVE,Regularly,Garment Lower body,186.75,0
Young Adult,ACTIVE,NONE,Swimwear,218.12,1
Young Adult,ACTIVE,Regularly,Accessories,154.75,3
Adult,ACTIVE,NONE,Garment Upper body,652.22,4
Young Adult,PRE-CREATE,NONE,Swimwear,239.04,2
Elderly,ACTIVE,Regularly,Garment Full body,239.04,0
Elderly,ACTIVE,NONE,Garment Full body,118.78,4
Young Adult,ACTIVE,NONE,Garment Upper body,186.75,1
Young Adult,ACTIVE,NONE,Garment Upper body,741.01,1
Adult,ACTIVE,NONE,Garment Lower body,186.75,4
Young Adult,ACTIVE,Regularly,Garment Upper body,90.75,3
Young Adult,ACTIVE,NONE,Garment Upper body,239.04,1
Young Adult,ACTIVE,NONE,Garment Full body,144.92,1
Young Adult,ACTIVE,Regularly,Garment Lower body,343.61,3
Adult,ACTIVE,NONE,Garment Upper body,165.83,4
Elderly,ACTIVE,Regularly,Garment Lower body,155.38,0
Young Adult,ACTIVE,Regularly,Shoes,218.12,3
Elderly,ACTIVE,NONE,Garment Upper body,207.67,4
Adult,ACTIVE,NONE,Garment Upper body,155.38,4
Elderly,ACTIVE,NONE,Shoes,165.83,4
Young Adult,ACTIVE,NONE,Garment Upper body,134.46,1
Adult,ACTIVE,NONE,Garment Lower body,186.75,4
Young Adult,ACTIVE,NONE,Garment Lower body,343.61,1
Young Adult,ACTIVE,NONE,Garment Upper body,82.17,1
Young Adult,ACTIVE,Regularly,Swimwear,239.04,3
Adult,ACTIVE,Regularly,Garment Upper body,186.75,0
Elderly,ACTIVE,NONE,Garment Lower body,197.21,4
Adult,ACTIVE,Regularly,Garment Upper body,103.09,0
Adult,ACTIVE,NONE,Swimwear,337.65,4
Young Adult,ACTIVE,NONE,Garment Upper body,218.12,1
Young Adult,ACTIVE,NONE,Garment Lower body,201.81,1
Adult,ACTIVE,NONE,Garment Upper body,343.61,4
Adult,ACTIVE,Regularly,Garment Upper body,134.46,0
Young Adult,ACTIVE,Regularly,Garment Lower body,291.33,3
Young Adult,ACTIVE,NONE,Garment Full body,448.19,1
Adult,ACTIVE,Regularly,Garment Upper body,563.02,0
Adult,ACTIVE,NONE,Shoes,343.61,4
Young Adult,ACTIVE,Regularly,Garment Full body,186.75,3
Young Adult,ACTIVE,Regularly,Garment Lower body,239.04,3
Young Adult,NO MEMBERSHIP,NONE,Garment Upper body,241.65,2
Adult,ACTIVE,NONE,Garment Upper body,165.83,4
Young Adult,ACTIVE,NONE,Garment Upper body,291.33,1
Adult,ACTIVE,NONE,Garment Full body,239.04,4
Adult,ACTIVE,NONE,Swimwear,134.46,4
Young Adult,ACTIVE,NONE,Swimwear,186.75,1
Adult,ACTIVE,Regularly,Accessories,134.46,0
Young Adult,ACTIVE,Regularly,Garment Lower body,249.5,3
Young Adult,ACTIVE,NONE,Garment Upper body,134.46,1
Young Adult,ACTIVE,Regularly,Swimwear,186.75,3
Young Adult,ACTIVE,Regularly,Swimwear,134.46,3
Young Adult,ACTIVE,Regularly,Garment Upper body,291.33,3
Young Adult,ACTIVE,Regularly,Garment Upper body,165.83,3
Adult,ACTIVE,Regularly,Garment Full body,155.38,0
Adult,ACTIVE,Regularly,Garment Upper body,113.55,0
Elderly,ACTIVE,Regularly,Swimwear,186.75,0
Young Adult,ACTIVE,NONE,Garment Upper body,197.21,1
Young Adult,ACTIVE,NONE,Garment Lower body,239.04,1
Young Adult,ACTIVE,Regularly,Shoes,134.46,3
Young Adult,ACTIVE,Regularly,Garment Full body,212.89,3
Young Adult,ACTIVE,Regularly,Garment Upper body,739.23,3
Young Adult,ACTIVE,NONE,Garment Lower body,312.24,1
Adult,ACTIVE,NONE,Garment Upper body,120.03,4
Elderly,ACTIVE,Regularly,Garment Upper body,239.04,0
Young Adult,ACTIVE,Regularly,Garment Lower body,207.67,3
Adult,ACTIVE,NONE,Garment Upper body,138.64,4
Young Adult,ACTIVE,Regularly,Swimwear,165.83,3
Young Adult,ACTIVE,NONE,Garment Lower body,197.21,1
Young Adult,ACTIVE,NONE,Garment Upper body,239.04,1
Adult,ACTIVE,Regularly,Garment Upper body,186.75,0
Young Adult,ACTIVE,NONE,Underwear,239.04,1
Elderly,ACTIVE,NONE,Garment Upper body,239.04,4
Adult,ACTIVE,NONE,Socks & Tights,50.8,4
Young Adult,ACTIVE,Regularly,Garment Lower body,239.04,3
Young Adult,ACTIVE,Regularly,Underwear,134.46,3
Elderly,ACTIVE,Regularly,Garment Upper body,45.57,0
Young Adult,PRE-CREATE,NONE,Swimwear,343.61,2
Adult,PRE-CREATE,NONE,Garment Upper body,448.19,2
Young Adult,ACTIVE,Regularly,Garment Upper body,280.87,3
Young Adult,ACTIVE,NONE,Garment Upper body,186.75,1
Adult,ACTIVE,NONE,Garment Upper body,206.72,4
Young Adult,ACTIVE,Regularly,Garment Full body,207.67,3
Elderly,ACTIVE,Regularly,Garment Lower body,385.45,0
Young Adult,ACTIVE,Regularly,Garment Upper body,165.83,3
Young Adult,ACTIVE,NONE,Garment Upper body,134.46,1
Teenager,ACTIVE,Regularly,Garment Upper body,239.04,0
Adult,ACTIVE,Regularly,Garment Upper body,218.12,0
Adult,ACTIVE,Regularly,Socks & Tights,129.23,0
Young Adult,ACTIVE,NONE,Garment Full body,124,1
Young Adult,ACTIVE,NONE,Garment Lower body,239.04,1
Young Adult,ACTIVE,Regularly,Swimwear,108.32,3
Young Adult,ACTIVE,Regularly,Garment Lower body,255.77,3
Young Adult,ACTIVE,Regularly,Garment Lower body,113.55,3
Adult,ACTIVE,Regularly,Garment Upper body,92.63,0
Young Adult,ACTIVE,Regularly,Garment Full body,134.46,3
Adult,ACTIVE,Regularly,Garment Lower body,125.78,0
Elderly,ACTIVE,Regularly,Underwear,186.75,0
Young Adult,ACTIVE,Regularly,Garment Lower body,239.04,3
Adult,ACTIVE,NONE,Garment Lower body,186.75,4
Adult,ACTIVE,NONE,Socks & Tights,165.83,4
Adult,ACTIVE,NONE,Garment Lower body,197.21,4
Adult,ACTIVE,NONE,Garment Upper body,82.17,4
Young Adult,ACTIVE,NONE,Accessories,58.12,1
Young Adult,ACTIVE,NONE,Underwear,199.3,1
Adult,ACTIVE,Regularly,Garment Full body,239.04,0
Elderly,ACTIVE,NONE,Garment Upper body,134.46,4
Young Adult,ACTIVE,NONE,Shoes,341,1
Young Adult,ACTIVE,Regularly,Garment Upper body,395.9,3
Young Adult,ACTIVE,Regularly,Garment Upper body,239.04,3
Young Adult,ACTIVE,NONE,Garment Upper body,343.61,1
Young Adult,ACTIVE,Regularly,Garment Upper body,239.04,3
Elderly,ACTIVE,NONE,Garment Upper body,134.46,4
Young Adult,ACTIVE,NONE,Garment Upper body,282.23,1
Young Adult,ACTIVE,NONE,Garment Full body,343.61,1
Adult,ACTIVE,Regularly,Garment Lower body,213.1,0
Elderly,ACTIVE,NONE,Garment Upper body,239.04,4
Young Adult,ACTIVE,NONE,Garment Lower body,197.21,1
Young Adult,ACTIVE,NONE,Garment Upper body,134.46,1
Adult,PRE-CREATE,NONE,Underwear,92.63,2
Young Adult,ACTIVE,NONE,Swimwear,186.75,1
Young Adult,ACTIVE,Regularly,Garment Upper body,204.21,3
Young Adult,ACTIVE,Regularly,Garment Upper body,239.04,3
Adult,ACTIVE,NONE,Garment Lower body,239.04,4
Young Adult,ACTIVE,NONE,Garment Upper body,67.53,1
Elderly,ACTIVE,NONE,Garment Upper body,103.09,4
Elderly,ACTIVE,NONE,Garment Lower body,171.06,4
Adult,ACTIVE,NONE,Garment Lower body,343.61,4
Adult,ACTIVE,NONE,Shoes,642.29,4
Young Adult,ACTIVE,NONE,Garment Lower body,113.55,1
Young Adult,ACTIVE,NONE,Swimwear,343.61,1
Young Adult,ACTIVE,NONE,Garment Upper body,103.09,1
Adult,ACTIVE,Regularly,Socks & Tights,176.4,0
Young Adult,ACTIVE,NONE,Garment Lower body,239.04,1
Young Adult,ACTIVE,Regularly,Garment Lower body,129.55,3
Young Adult,ACTIVE,Regularly,Garment Full body,144.92,3
Adult,ACTIVE,Regularly,Garment Upper body,67.53,0
Young Adult,ACTIVE,NONE,Accessories,113.55,1
Young Adult,NO MEMBERSHIP,NONE,Swimwear,82.17,2
Elderly,ACTIVE,Regularly,Garment Lower body,296.56,0
Adult,ACTIVE,NONE,Garment Upper body,78.62,4
Young Adult,ACTIVE,Regularly,Socks & Tights,110.51,3
Elderly,ACTIVE,Regularly,Garment Upper body,291.33,0
Elderly,ACTIVE,NONE,Garment Upper body,291.33,4
Young Adult,ACTIVE,NONE,Garment Lower body,239.04,1
Adult,ACTIVE,NONE,Garment Upper body,134.46,4
Adult,ACTIVE,Regularly,Garment Upper body,101.42,0
Young Adult,ACTIVE,NONE,Garment Upper body,186.75,1
Young Adult,ACTIVE,NONE,Garment Lower body,186.75,1
Adult,ACTIVE,NONE,Garment Lower body,526.73,4
Young Adult,ACTIVE,Regularly,Garment Upper body,134.46,3
Young Adult,ACTIVE,NONE,Accessories,118.78,1
Adult,ACTIVE,Regularly,Underwear,186.75,0
Young Adult,ACTIVE,Regularly,Accessories,132.47,3
Young Adult,ACTIVE,Regularly,Garment Upper body,113.55,3
Young Adult,ACTIVE,Regularly,Garment Upper body,92.63,3
Adult,ACTIVE,Regularly,Garment Lower body,155.38,0
Adult,ACTIVE,NONE,Garment Lower body,343.61,4
Young Adult,ACTIVE,Regularly,Garment Upper body,343.61,3
Adult,ACTIVE,Regularly,Garment Upper body,113.55,0
Adult,ACTIVE,Regularly,Nightwear,82.17,0
Adult,ACTIVE,NONE,Garment Upper body,343.61,4
Young Adult,ACTIVE,NONE,Garment Upper body,111.25,1
Young Adult,ACTIVE,NONE,Swimwear,130.7,1
Young Adult,ACTIVE,NONE,Nightwear,186.75,1
Young Adult,ACTIVE,Regularly,Garment Full body,186.75,3
Young Adult,ACTIVE,NONE,Garment Lower body,239.04,1
Adult,ACTIVE,NONE,Garment Lower body,186.75,4
Adult,ACTIVE,NONE,Garment Upper body,134.46,4
Young Adult,ACTIVE,NONE,Garment Lower body,186.75,1
Young Adult,ACTIVE,Regularly,Swimwear,113.55,3
Adult,ACTIVE,Regularly,Underwear,163.32,0
Elderly,ACTIVE,NONE,Garment Lower body,343.61,4
Adult,PRE-CREATE,NONE,Garment Upper body,82.17,2
Elderly,ACTIVE,NONE,Shoes,448.19,4
Elderly,ACTIVE,NONE,Garment Upper body,239.04,4
Young Adult,ACTIVE,NONE,Underwear,218.12,1
Adult,ACTIVE,NONE,Garment Upper body,239.04,4
Young Adult,ACTIVE,NONE,Garment Full body,134.46,1
Adult,ACTIVE,NONE,Garment Lower body,124,4
Adult,ACTIVE,Regularly,Garment Upper body,138.64,0
Young Adult,ACTIVE,Regularly,Garment Upper body,239.04,3
Adult,ACTIVE,NONE,Garment Lower body,113.55,4
Adult,ACTIVE,Regularly,Garment Upper body,134.46,0
Young Adult,ACTIVE,NONE,Underwear,171.06,1
Young Adult,PRE-CREATE,NONE,Garment Lower body,134.46,2
Young Adult,ACTIVE,Regularly,Underwear,186.75,3
Adult,ACTIVE,Regularly,Garment Upper body,71.72,0
Adult,ACTIVE,NONE,Garment Upper body,103.09,4
Young Adult,ACTIVE,NONE,Garment Full body,531.85,1
Elderly,ACTIVE,NONE,Garment Upper body,67.53,4
Young Adult,ACTIVE,NONE,Shoes,249.5,1
Young Adult,ACTIVE,Regularly,Garment Lower body,117.73,3
Young Adult,ACTIVE,Regularly,Garment Lower body,239.04,3
Young Adult,ACTIVE,NONE,Underwear,105.18,1
Adult,ACTIVE,Regularly,Garment Lower body,291.33,0
Young Adult,ACTIVE,NONE,Swimwear,165.83,1
Young Adult,ACTIVE,Regularly,Garment Upper body,113.55,3
Young Adult,ACTIVE,Regularly,Garment Lower body,88.55,3
Young Adult,ACTIVE,Regularly,Garment Upper body,186.75,3
Young Adult,ACTIVE,Regularly,Garment Upper body,83.22,3
Adult,ACTIVE,NONE,Garment Upper body,239.04,4
Adult,ACTIVE,NONE,Garment Lower body,280.87,4
Adult,PRE-CREATE,NONE,Garment Upper body,134.46,2
Elderly,ACTIVE,Regularly,Garment Upper body,186.75,0
Young Adult,ACTIVE,Regularly,Garment Upper body,103.09,3
Adult,ACTIVE,Regularly,Garment Lower body,134.46,0
Adult,ACTIVE,Regularly,Swimwear,82.17,0
Young Adult,ACTIVE,NONE,Underwear,218.12,1
Adult,ACTIVE,NONE,Garment Upper body,291.33,4
Young Adult,ACTIVE,Regularly,Garment Lower body,134.46,3
Young Adult,ACTIVE,Regularly,Underwear,115.43,3
Young Adult,ACTIVE,Regularly,Garment Upper body,218.23,3
Young Adult,ACTIVE,NONE,Garment Upper body,552.77,1
Young Adult,ACTIVE,NONE,Swimwear,92.63,1
Young Adult,ACTIVE,NONE,Garment Lower body,95.14,1
Young Adult,ACTIVE,Regularly,Garment Upper body,216.14,3
Young Adult,ACTIVE,NONE,Garment Upper body,291.33,1
Young Adult,ACTIVE,NONE,Garment Lower body,218.12,1
Young Adult,ACTIVE,Regularly,Garment Full body,235.27,3
Adult,ACTIVE,NONE,Garment Full body,343.61,4
Young Adult,ACTIVE,Regularly,Garment Lower body,448.19,3
Young Adult,ACTIVE,NONE,Garment Upper body,265.18,1
Young Adult,ACTIVE,NONE,Underwear,163.22,1
Young Adult,ACTIVE,Regularly,Garment Upper body,239.04,3
Young Adult,ACTIVE,Regularly,Garment Upper body,134.46,3
Young Adult,ACTIVE,NONE,Swimwear,218.12,1
Adult,ACTIVE,Regularly,Garment Upper body,331.59,0
Young Adult,ACTIVE,NONE,Socks & Tights,80.08,1
Adult,ACTIVE,NONE,Garment Upper body,184.03,4
Young Adult,PRE-CREATE,NONE,Garment Lower body,218.12,2
Adult,ACTIVE,NONE,Garment Lower body,186.75,4
Young Adult,ACTIVE,NONE,Accessories,61.26,1
Young Adult,ACTIVE,Regularly,Garment Upper body,82.17,3
Young Adult,ACTIVE,NONE,Garment Lower body,291.33,1
Elderly,ACTIVE,Regularly,Garment Upper body,124,0
Young Adult,ACTIVE,NONE,Garment Upper body,113.55,1
Young Adult,ACTIVE,Regularly,Garment Lower body,218.12,3
Young Adult,ACTIVE,Regularly,Shoes,134.46,3
Adult,ACTIVE,NONE,Accessories,113.55,4
Elderly,ACTIVE,NONE,Garment Full body,134.46,4
Young Adult,ACTIVE,Regularly,Garment Upper body,343.61,3
Adult,ACTIVE,NONE,Garment Lower body,291.33,4
Young Adult,ACTIVE,NONE,Swimwear,343.61,1
Adult,ACTIVE,Regularly,Swimwear,95.77,0
Young Adult,ACTIVE,NONE,Garment Upper body,230.67,1
Elderly,ACTIVE,Regularly,Garment Lower body,343.61,0
Young Adult,ACTIVE,NONE,Garment Lower body,307.95,1
Young Adult,ACTIVE,NONE,Underwear,80.08,1
Young Adult,ACTIVE,Regularly,Accessories,186.75,3
Young Adult,ACTIVE,NONE,Garment Lower body,181.52,1
Young Adult,ACTIVE,Regularly,Garment Full body,235.9,3
Elderly,ACTIVE,NONE,Garment Lower body,218.12,4
Young Adult,ACTIVE,Regularly,Underwear,152.24,3
Young Adult,ACTIVE,NONE,Garment Full body,239.04,1
Adult,ACTIVE,NONE,Garment Lower body,239.04,4
Young Adult,ACTIVE,NONE,Garment Upper body,176.29,1
Adult,ACTIVE,Regularly,Garment Upper body,191.25,0
Young Adult,ACTIVE,Regularly,Accessories,67.22,3
Adult,ACTIVE,Regularly,Garment Full body,239.04,0
Adult,ACTIVE,Regularly,Garment Upper body,122.75,0
Young Adult,ACTIVE,NONE,Swimwear,239.04,1
Young Adult,ACTIVE,NONE,Garment Upper body,186.75,1
Adult,ACTIVE,NONE,Garment Lower body,132.47,4
Young Adult,ACTIVE,Regularly,Garment Upper body,186.75,3
Young Adult,ACTIVE,Regularly,Garment Upper body,134.46,3
Elderly,ACTIVE,NONE,Garment Full body,448.19,4
Elderly,ACTIVE,Regularly,Garment Upper body,239.04,0
Adult,PRE-CREATE,NONE,Garment Upper body,61.26,2
Young Adult,ACTIVE,Regularly,Garment Upper body,82.17,3
Young Adult,ACTIVE,NONE,Garment Upper body,239.04,1
Adult,ACTIVE,Regularly,Garment Upper body,172.11,0
Young Adult,ACTIVE,NONE,Swimwear,186.75,1
Adult,ACTIVE,Regularly,Garment Lower body,222.31,0
Young Adult,ACTIVE,Regularly,Garment Lower body,218.12,3
Young Adult,ACTIVE,Regularly,Garment Lower body,134.46,3
Young Adult,ACTIVE,Regularly,Underwear,105.7,3
Young Adult,ACTIVE,NONE,Swimwear,134.46,1
Adult,ACTIVE,NONE,Underwear,165.83,4
Young Adult,ACTIVE,NONE,Garment Full body,244.27,1
Young Adult,ACTIVE,NONE,Socks & Tights,35.22,1
Adult,ACTIVE,Regularly,Garment Upper body,186.75,0
Young Adult,ACTIVE,Regularly,Garment Lower body,239.04,3
Adult,ACTIVE,NONE,Garment Lower body,291.33,4
Young Adult,ACTIVE,NONE,Garment Full body,155.38,1
Young Adult,ACTIVE,NONE,Garment Upper body,82.17,1
Adult,ACTIVE,Regularly,Garment Upper body,395.9,0
Young Adult,ACTIVE,NONE,Garment Full body,197.21,1
Elderly,ACTIVE,NONE,Garment Upper body,343.61,4
Adult,ACTIVE,NONE,Garment Upper body,239.04,4
Elderly,ACTIVE,Regularly,Garment Lower body,239.04,0
Young Adult,ACTIVE,NONE,Underwear,101,1
Young Adult,ACTIVE,Regularly,Garment Lower body,186.75,3
Young Adult,ACTIVE,NONE,Garment Upper body,239.04,1
Elderly,ACTIVE,Regularly,Garment Upper body,164.27,0
Young Adult,ACTIVE,NONE,Garment Upper body,111.46,1
Elderly,ACTIVE,Regularly,Garment Upper body,218.12,0
Adult,ACTIVE,NONE,Garment Lower body,218.12,4
Young Adult,ACTIVE,Regularly,Garment Lower body,186.75,3
Adult,ACTIVE,NONE,Garment Upper body,197.21,4
Adult,ACTIVE,Regularly,Garment Upper body,239.04,0
Elderly,ACTIVE,NONE,Garment Upper body,82.17,4
Adult,ACTIVE,NONE,Swimwear,134.46,4
Young Adult,ACTIVE,NONE,Garment Upper body,337.34,1
Young Adult,ACTIVE,Regularly,Garment Full body,239.04,3
Adult,ACTIVE,Regularly,Garment Upper body,343.61,0
Young Adult,ACTIVE,NONE,Garment Upper body,82.17,1
Elderly,ACTIVE,Regularly,Unknown,165.83,0
Young Adult,ACTIVE,NONE,Garment Lower body,291.33,1
Young Adult,ACTIVE,Regularly,Garment Upper body,101.62,3
Young Adult,ACTIVE,Regularly,Garment Upper body,291.33,3
Young Adult,ACTIVE,Regularly,Garment Upper body,239.04,3
Young Adult,ACTIVE,Regularly,Garment Upper body,103.09,3
Young Adult,ACTIVE,NONE,Garment Upper body,239.04,1
Elderly,ACTIVE,NONE,Garment Upper body,134.46,4
Elderly,ACTIVE,Regularly,Swimwear,134.46,0
Young Adult,ACTIVE,Regularly,Garment Full body,112.92,3
Adult,ACTIVE,Regularly,Garment Lower body,176.29,0
Young Adult,ACTIVE,NONE,Garment Lower body,186.75,1
Teenager,ACTIVE,Regularly,Underwear,186.75,0
Young Adult,ACTIVE,Regularly,Swimwear,119.3,3
Adult,ACTIVE,NONE,Garment Full body,331.07,4
Young Adult,ACTIVE,Regularly,Swimwear,88.45,3
Young Adult,ACTIVE,Regularly,Garment Upper body,134.46,3
Adult,ACTIVE,NONE,Unknown,186.75,4
Adult,ACTIVE,Regularly,Garment Lower body,239.04,0
Adult,ACTIVE,Regularly,Garment Upper body,71.72,0
Adult,ACTIVE,NONE,Swimwear,67.53,4
Adult,ACTIVE,Regularly,Garment Lower body,144.92,0
Young Adult,ACTIVE,NONE,Garment Upper body,82.17,1
Young Adult,ACTIVE,NONE,Garment Upper body,165.83,1
Adult,ACTIVE,Regularly,Socks & Tights,113.55,0
Young Adult,ACTIVE,NONE,Garment Upper body,312.24,1
Young Adult,ACTIVE,Regularly,Garment Upper body,152.34,3
Adult,ACTIVE,NONE,Garment Lower body,291.33,4
Young Adult,ACTIVE,NONE,Accessories,103.09,1
Young Adult,ACTIVE,NONE,Garment Lower body,174.72,1
Young Adult,ACTIVE,Regularly,Garment Upper body,186.75,3
Adult,ACTIVE,NONE,Garment Full body,239.04,4
Young Adult,NO MEMBERSHIP,NONE,Garment Lower body,207.67,2
Young Adult,ACTIVE,NONE,Underwear,218.12,1
Young Adult,ACTIVE,Regularly,Underwear,125.78,3
Adult,ACTIVE,Regularly,Garment Upper body,82.17,0
Adult,ACTIVE,NONE,Garment Upper body,208.71,4
Young Adult,ACTIVE,NONE,Garment Lower body,180.16,1
Young Adult,ACTIVE,Regularly,Garment Lower body,124,3
Elderly,ACTIVE,Regularly,Garment Full body,120.24,0
Young Adult,ACTIVE,Regularly,Garment Upper body,134.46,3
Elderly,ACTIVE,Regularly,Garment Full body,113.55,0
Young Adult,ACTIVE,Regularly,Garment Upper body,251.59,3
Young Adult,ACTIVE,Regularly,Accessories,134.46,3
Adult,ACTIVE,NONE,Garment Lower body,186.75,4
Adult,ACTIVE,Regularly,Unknown,239.04,0
Young Adult,ACTIVE,NONE,Garment Upper body,186.75,1
Adult,ACTIVE,Regularly,Garment Upper body,218.12,0
Young Adult,ACTIVE,NONE,Underwear,134.46,1
Adult,ACTIVE,Regularly,Swimwear,165.83,0
Young Adult,ACTIVE,NONE,Garment Upper body,186.75,1
Young Adult,ACTIVE,NONE,Swimwear,60.32,1
Young Adult,PRE-CREATE,NONE,Garment Upper body,343.61,2
Adult,ACTIVE,Regularly,Garment Upper body,103.09,0
Adult,ACTIVE,Regularly,Garment Upper body,239.04,0
Elderly,ACTIVE,Regularly,Garment Upper body,186.75,0
Young Adult,ACTIVE,NONE,Garment Upper body,134.46,1
Elderly,ACTIVE,Regularly,Shoes,186.75,0
Adult,ACTIVE,Regularly,Swimwear,165.83,0
Young Adult,ACTIVE,Regularly,Garment Lower body,343.61,3
Young Adult,ACTIVE,NONE,Garment Lower body,239.04,1
Young Adult,ACTIVE,Regularly,Garment Upper body,249.5,3
Young Adult,ACTIVE,NONE,Garment Upper body,218.12,1
Young Adult,ACTIVE,Regularly,Nightwear,128.5,3
Young Adult,ACTIVE,NONE,Garment Upper body,165.83,1
Adult,ACTIVE,NONE,Underwear,88.03,4
Young Adult,ACTIVE,Regularly,Garment Full body,207.67,3
Adult,ACTIVE,NONE,Garment Lower body,239.04,4
Young Adult,ACTIVE,Regularly,Garment Upper body,406.36,3
Young Adult,ACTIVE,NONE,Shoes,239.04,1
Adult,ACTIVE,Regularly,Accessories,218.12,0
Young Adult,ACTIVE,NONE,Underwear,186.75,1
Young Adult,ACTIVE,NONE,Garment Upper body,103.09,1
Adult,ACTIVE,NONE,Garment Upper body,71.72,4
Young Adult,ACTIVE,Regularly,Garment Upper body,116.16,3
Young Adult,ACTIVE,NONE,Shoes,552.77,1
Young Adult,ACTIVE,NONE,Garment Upper body,239.04,1
Young Adult,ACTIVE,NONE,Garment Upper body,183.4,1
Young Adult,ACTIVE,NONE,Nightwear,291.33,1
Young Adult,ACTIVE,NONE,Garment Upper body,343.61,1
Young Adult,ACTIVE,NONE,Garment Upper body,186.75,1
Elderly,ACTIVE,NONE,Garment Full body,239.04,4
Elderly,ACTIVE,Regularly,Garment Lower body,186.75,0
Young Adult,ACTIVE,Regularly,Garment Upper body,134.46,3
Adult,PRE-CREATE,NONE,Garment Upper body,239.04,2
Adult,ACTIVE,Regularly,Garment Lower body,239.04,0
Young Adult,ACTIVE,Regularly,Garment Lower body,312.24,3
Adult,ACTIVE,NONE,Garment Lower body,343.61,4
Young Adult,ACTIVE,NONE,Underwear,92.63,1
Young Adult,ACTIVE,Regularly,Garment Lower body,64.81,3
Young Adult,ACTIVE,Regularly,Garment Upper body,105.18,3
Young Adult,ACTIVE,Regularly,Unknown,229.73,3
Young Adult,ACTIVE,NONE,Underwear,165.83,1
Young Adult,ACTIVE,Regularly,Garment Upper body,165.83,3
Adult,ACTIVE,Regularly,Garment Lower body,113.55,0
Adult,ACTIVE,Regularly,Accessories,134.46,0
Young Adult,ACTIVE,NONE,Garment Upper body,71.72,1
Adult,ACTIVE,NONE,Garment Lower body,186.75,4
Young Adult,ACTIVE,NONE,Underwear,186.75,1
Young Adult,ACTIVE,NONE,Garment Lower body,249.5,1
Young Adult,ACTIVE,Regularly,Accessories,134.46,3
Young Adult,ACTIVE,Regularly,Garment Lower body,448.19,3
Young Adult,ACTIVE,NONE,Garment Upper body,239.04,1
Elderly,ACTIVE,Regularly,Garment Upper body,82.17,0
Young Adult,ACTIVE,NONE,Garment Full body,337.65,1
Young Adult,ACTIVE,NONE,Shoes,448.19,1
Young Adult,ACTIVE,NONE,Garment Upper body,134.46,1
Adult,ACTIVE,NONE,Garment Full body,291.33,4
Elderly,ACTIVE,NONE,Garment Upper body,124,4
Young Adult,ACTIVE,NONE,Underwear,134.46,1
Young Adult,ACTIVE,NONE,Garment Lower body,343.61,1
Young Adult,ACTIVE,NONE,Garment Lower body,395.9,1
Young Adult,ACTIVE,NONE,Accessories,134.46,1
Adult,ACTIVE,Regularly,Garment Lower body,280.87,0
Young Adult,ACTIVE,NONE,Garment Lower body,103.09,1
Elderly,ACTIVE,NONE,Garment Upper body,197.21,4
Young Adult,ACTIVE,NONE,Garment Upper body,186.75,1
Young Adult,ACTIVE,NONE,Socks & Tights,113.55,1
Young Adult,ACTIVE,Regularly,Underwear,82.17,3
Adult,ACTIVE,NONE,Garment Upper body,165.83,4
Young Adult,ACTIVE,NONE,Underwear,165.83,1
Young Adult,ACTIVE,NONE,Underwear,186.75,1
Young Adult,ACTIVE,NONE,Garment Upper body,291.33,1
Adult,ACTIVE,Regularly,Garment Lower body,129.65,0
Young Adult,ACTIVE,NONE,Shoes,239.04,1
Adult,ACTIVE,Regularly,Garment Full body,92.63,0
Young Adult,ACTIVE,Regularly,Garment Upper body,239.04,3
Young Adult,ACTIVE,NONE,Garment Upper body,100.68,1
Adult,ACTIVE,NONE,Garment Upper body,82.17,4
Young Adult,ACTIVE,Regularly,Swimwear,113.55,3
Young Adult,ACTIVE,Regularly,Garment Full body,510.94,3
Adult,ACTIVE,NONE,Garment Upper body,395.9,4
Young Adult,ACTIVE,NONE,Garment Upper body,123.9,1
Adult,ACTIVE,NONE,Garment Full body,205.78,4
Adult,ACTIVE,NONE,Socks & Tights,92.63,4
Adult,ACTIVE,NONE,Swimwear,395.9,4
Adult,ACTIVE,NONE,Garment Upper body,73.81,4
Adult,ACTIVE,NONE,Garment Full body,239.04,4
Young Adult,ACTIVE,Regularly,Garment Upper body,61.26,3
Elderly,ACTIVE,NONE,Garment Full body,395.9,4
Young Adult,ACTIVE,NONE,Garment Lower body,270.41,1
Young Adult,ACTIVE,Regularly,Garment Full body,448.19,3
Young Adult,ACTIVE,NONE,Garment Full body,169.29,1
Young Adult,ACTIVE,Regularly,Garment Lower body,239.04,3
Adult,ACTIVE,NONE,Garment Full body,134.46,4
Adult,ACTIVE,NONE,Garment Upper body,928.3,4
Young Adult,ACTIVE,NONE,Garment Lower body,225.13,1
Young Adult,ACTIVE,Regularly,Garment Lower body,165.83,3
Young Adult,ACTIVE,Regularly,Garment Lower body,103.09,3
Adult,ACTIVE,Regularly,Garment Upper body,186.75,0
Teenager,ACTIVE,NONE,Garment Full body,280.56,0
Young Adult,ACTIVE,Regularly,Garment Upper body,152.24,3
Adult,ACTIVE,Regularly,Garment Upper body,215.09,0
Young Adult,ACTIVE,NONE,Garment Upper body,134.46,1
Young Adult,ACTIVE,NONE,Garment Full body,138.64,1
Elderly,ACTIVE,Regularly,Garment Upper body,134.46,0
Adult,ACTIVE,Regularly,Garment Lower body,265.29,0
Young Adult,ACTIVE,NONE,Garment Upper body,165.83,1
Young Adult,ACTIVE,Regularly,Garment Upper body,82.17,3
Adult,ACTIVE,NONE,Garment Upper body,124,4
Young Adult,ACTIVE,Regularly,Shoes,291.33,3
Young Adult,ACTIVE,NONE,Garment Upper body,229.21,1
Young Adult,ACTIVE,NONE,Socks & Tights,50.8,1
Young Adult,ACTIVE,Regularly,Garment Full body,186.75,3
Young Adult,ACTIVE,NONE,Garment Upper body,61.26,1
Elderly,PRE-CREATE,NONE,Garment Upper body,82.17,2
Young Adult,ACTIVE,Regularly,Garment Full body,71.72,3
Young Adult,ACTIVE,Regularly,Garment Upper body,186.75,3
Young Adult,ACTIVE,NONE,Garment Full body,142.83,1
Young Adult,ACTIVE,Regularly,Accessories,113.55,3
Adult,ACTIVE,NONE,Garment Lower body,343.61,4
Young Adult,ACTIVE,NONE,Garment Upper body,552.77,1
Adult,ACTIVE,Regularly,Garment Lower body,239.04,0
Young Adult,ACTIVE,NONE,Garment Full body,197.21,1
Young Adult,NO MEMBERSHIP,NONE,Garment Upper body,500.48,2
Young Adult,PRE-CREATE,NONE,Swimwear,186.75,2
Adult,ACTIVE,Regularly,Garment Upper body,239.04,0
Adult,ACTIVE,Regularly,Unknown,239.04,0
Elderly,ACTIVE,Regularly,Garment Upper body,291.33,0
Young Adult,ACTIVE,Regularly,Garment Upper body,343.61,3
Adult,ACTIVE,Regularly,Garment Upper body,615.51,0
Adult,ACTIVE,Regularly,Garment Upper body,131.43,0
Young Adult,ACTIVE,NONE,Garment Upper body,124,1
Young Adult,ACTIVE,Regularly,Garment Full body,134.46,3
Young Adult,ACTIVE,NONE,Garment Upper body,291.33,1
Young Adult,ACTIVE,Regularly,Garment Upper body,134.46,3
Young Adult,ACTIVE,Regularly,Garment Upper body,113.55,3
Young Adult,ACTIVE,NONE,Garment Upper body,406.36,1
Young Adult,ACTIVE,NONE,Garment Upper body,134.46,1
Adult,ACTIVE,NONE,Garment Upper body,92.63,4
Young Adult,ACTIVE,NONE,Garment Upper body,186.75,1
Adult,ACTIVE,Regularly,Garment Lower body,385.45,0
Adult,ACTIVE,Regularly,Swimwear,186.75,0
Young Adult,ACTIVE,NONE,Swimwear,155.38,1
Young Adult,ACTIVE,NONE,Garment Upper body,186.75,1
Young Adult,ACTIVE,NONE,Socks & Tights,186.75,1
Young Adult,ACTIVE,NONE,Swimwear,82.17,1
Adult,ACTIVE,NONE,Garment Upper body,134.46,4
Young Adult,ACTIVE,NONE,Garment Upper body,343.61,1
Young Adult,ACTIVE,Regularly,Garment Lower body,265.18,3
Young Adult,ACTIVE,NONE,Garment Upper body,210.18,1
Young Adult,ACTIVE,Regularly,Garment Upper body,197.73,3
Young Adult,ACTIVE,NONE,Underwear,89.39,1
Adult,ACTIVE,NONE,Swimwear,186.75,4
Young Adult,ACTIVE,Regularly,Garment Full body,165.83,3
Young Adult,ACTIVE,Regularly,Garment Lower body,200.24,3
Adult,ACTIVE,Regularly,Garment Lower body,92.63,0
Young Adult,ACTIVE,NONE,Garment Upper body,239.04,1
Young Adult,ACTIVE,Regularly,Swimwear,124,3
Adult,ACTIVE,NONE,Swimwear,448.19,4
Young Adult,ACTIVE,Regularly,Garment Upper body,118.78,3
Elderly,ACTIVE,Regularly,Garment Full body,239.04,0
Adult,ACTIVE,Regularly,Garment Upper body,186.75,0
Adult,ACTIVE,NONE,Garment Upper body,82.17,4
Adult,ACTIVE,NONE,Garment Lower body,197.21,4
Adult,ACTIVE,Regularly,Garment Upper body,128.92,0
Young Adult,ACTIVE,NONE,Underwear,239.04,1
Young Adult,ACTIVE,NONE,Garment Upper body,239.04,1
Young Adult,ACTIVE,NONE,Garment Upper body,239.04,1
Adult,ACTIVE,NONE,Underwear,134.46,4
Adult,ACTIVE,Regularly,Garment Upper body,165.83,0
Young Adult,ACTIVE,Regularly,Garment Upper body,218.12,3
Adult,ACTIVE,Regularly,Garment Upper body,66.7,0
Elderly,ACTIVE,Regularly,Accessories,113.55,0
Elderly,ACTIVE,NONE,Underwear,92.63,4
Young Adult,ACTIVE,Regularly,Swimwear,343.61,3
Adult,ACTIVE,NONE,Garment Full body,172.84,4
Adult,ACTIVE,NONE,Nightwear,239.04,4
Young Adult,ACTIVE,NONE,Garment Upper body,171.06,1
Adult,ACTIVE,NONE,Garment Lower body,343.61,4
Young Adult,ACTIVE,Regularly,Garment Lower body,113.55,3
Adult,PRE-CREATE,NONE,Garment Upper body,134.46,2
Adult,ACTIVE,Regularly,Garment Upper body,92.63,0
Adult,ACTIVE,NONE,Underwear,186.75,4
Young Adult,ACTIVE,NONE,Garment Lower body,390.67,1
Adult,NO MEMBERSHIP,NONE,Garment Upper body,291.33,2
Young Adult,ACTIVE,NONE,Garment Upper body,186.75,1
Young Adult,ACTIVE,NONE,Garment Upper body,132.58,1
Young Adult,ACTIVE,NONE,Garment Lower body,186.75,1
Young Adult,ACTIVE,NONE,Garment Upper body,124.11,1
Adult,ACTIVE,NONE,Garment Upper body,82.17,4
Young Adult,ACTIVE,Regularly,Garment Upper body,216.14,3
Adult,ACTIVE,Regularly,Garment Upper body,218.12,0
Young Adult,ACTIVE,NONE,Garment Upper body,134.46,1
Elderly,PRE-CREATE,NONE,Garment Upper body,186.75,2
Adult,ACTIVE,NONE,Garment Upper body,239.04,4
Young Adult,ACTIVE,Regularly,Garment Lower body,186.75,3
Adult,ACTIVE,NONE,Swimwear,291.33,4
Adult,ACTIVE,Regularly,Garment Lower body,239.04,0
Young Adult,ACTIVE,NONE,Garment Upper body,296.56,1
Young Adult,ACTIVE,NONE,Garment Upper body,113.55,1
Adult,ACTIVE,Regularly,Underwear,138.64,0
Adult,ACTIVE,NONE,Garment Full body,239.04,4
Young Adult,ACTIVE,NONE,Garment Full body,124,1
Elderly,ACTIVE,NONE,Garment Upper body,184.45,4
Young Adult,ACTIVE,Regularly,Garment Upper body,249.5,3
Adult,ACTIVE,Regularly,Garment Full body,291.33,0
Young Adult,ACTIVE,NONE,Garment Full body,239.04,1
Adult,ACTIVE,NONE,Garment Upper body,82.17,4
Elderly,ACTIVE,NONE,Garment Upper body,500.48,4
Young Adult,ACTIVE,Regularly,Garment Upper body,291.33,3
Adult,ACTIVE,NONE,Garment Upper body,186.75,4
Young Adult,ACTIVE,NONE,Garment Lower body,134.46,1
Young Adult,ACTIVE,NONE,Garment Lower body,343.61,1
Elderly,ACTIVE,NONE,Garment Lower body,325.1,4
Young Adult,ACTIVE,Regularly,Garment Upper body,124,3
Young Adult,ACTIVE,NONE,Underwear,95.77,1
Adult,ACTIVE,Regularly,Garment Lower body,239.04,0
Adult,ACTIVE,NONE,Accessories,113.55,4
Young Adult,ACTIVE,Regularly,Garment Upper body,155.38,3
Young Adult,PRE-CREATE,NONE,Garment Lower body,239.04,2
Adult,ACTIVE,NONE,Garment Upper body,181,4
Young Adult,ACTIVE,NONE,Garment Upper body,155.38,1
Young Adult,ACTIVE,NONE,Garment Upper body,103.09,1
Adult,ACTIVE,Regularly,Swimwear,193.55,0
Young Adult,ACTIVE,Regularly,Accessories,138.75,3
Young Adult,ACTIVE,NONE,Swimwear,124,1
Adult,ACTIVE,NONE,Garment Full body,186.75,4
Adult,ACTIVE,Regularly,Garment Upper body,113.55,0
Young Adult,ACTIVE,Regularly,Garment Upper body,124,3
Young Adult,ACTIVE,NONE,Garment Lower body,92.63,1
Young Adult,PRE-CREATE,NONE,Swimwear,92.63,2
Young Adult,ACTIVE,NONE,Underwear,218.12,1
Young Adult,PRE-CREATE,NONE,Garment Lower body,155.38,2
Young Adult,ACTIVE,NONE,Garment Upper body,280.87,1
Adult,ACTIVE,NONE,Shoes,239.04,4
Young Adult,ACTIVE,Regularly,Underwear,134.46,3
Adult,ACTIVE,NONE,Nightwear,178.91,4
Young Adult,ACTIVE,Regularly,Garment Lower body,291.33,3
Young Adult,ACTIVE,Regularly,Garment Upper body,291.33,3
Young Adult,PRE-CREATE,NONE,Swimwear,218.12,2
Adult,ACTIVE,Regularly,Garment Upper body,291.33,0
Adult,ACTIVE,NONE,Garment Upper body,325,4
Adult,ACTIVE,NONE,Swimwear,165.83,4
Adult,ACTIVE,NONE,Garment Upper body,291.33,4
Young Adult,ACTIVE,Regularly,Garment Lower body,448.19,3
Young Adult,ACTIVE,NONE,Garment Upper body,155.38,1
Adult,ACTIVE,NONE,Garment Upper body,162.7,4
Elderly,ACTIVE,NONE,Garment Upper body,395.9,4
Adult,ACTIVE,NONE,Garment Upper body,176.29,4
Young Adult,ACTIVE,Regularly,Garment Full body,395.9,3
Young Adult,ACTIVE,NONE,Garment Upper body,657.34,1
Young Adult,ACTIVE,Regularly,Garment Upper body,291.33,3
Young Adult,ACTIVE,NONE,Swimwear,165.83,1
Young Adult,ACTIVE,Regularly,Swimwear,140.32,3
Young Adult,ACTIVE,NONE,Garment Upper body,176.29,1
Young Adult,ACTIVE,Regularly,Underwear,80.08,3
Young Adult,ACTIVE,Regularly,Accessories,71.72,3
Young Adult,ACTIVE,NONE,Garment Upper body,71.72,1
Young Adult,ACTIVE,NONE,Swimwear,124,1
Young Adult,ACTIVE,NONE,Swimwear,103.09,1
Adult,ACTIVE,NONE,Garment Upper body,92.63,4
Elderly,ACTIVE,Regularly,Garment Upper body,120.66,0
Young Adult,ACTIVE,Regularly,Garment Upper body,152.24,3
Adult,ACTIVE,Regularly,Swimwear,155.38,0
Young Adult,ACTIVE,NONE,Garment Upper body,197.21,1
Young Adult,ACTIVE,NONE,Underwear,218.12,1
Young Adult,ACTIVE,NONE,Garment Upper body,92.63,1
Young Adult,ACTIVE,NONE,Garment Lower body,239.04,1
Young Adult,ACTIVE,Regularly,Garment Upper body,134.46,3
Young Adult,ACTIVE,NONE,Garment Upper body,186.75,1
Adult,ACTIVE,Regularly,Garment Full body,186.75,0
Elderly,ACTIVE,Regularly,Garment Upper body,105.18,0
Young Adult,ACTIVE,NONE,Garment Upper body,71.72,1
Adult,ACTIVE,Regularly,Garment Upper body,92.11,0
Adult,ACTIVE,NONE,Garment Upper body,265.18,4
Young Adult,ACTIVE,Regularly,Garment Upper body,239.04,3
Adult,ACTIVE,NONE,Garment Lower body,134.46,4
Young Adult,ACTIVE,NONE,Garment Upper body,134.46,1
Young Adult,ACTIVE,NONE,Shoes,142.83,1
Adult,ACTIVE,Regularly,Garment Lower body,113.55,0
Young Adult,ACTIVE,Regularly,Garment Upper body,180.48,3
Young Adult,ACTIVE,Regularly,Garment Upper body,163.22,3
Young Adult,ACTIVE,Regularly,Garment Full body,113.55,3
Adult,ACTIVE,Regularly,Garment Upper body,657.34,0
Elderly,ACTIVE,Regularly,Garment Lower body,71.72,0
Young Adult,ACTIVE,NONE,Underwear,186.75,1
Young Adult,ACTIVE,NONE,Garment Upper body,218.12,1
Young Adult,ACTIVE,NONE,Underwear,186.75,1
Elderly,ACTIVE,Regularly,Garment Lower body,186.75,0
Adult,ACTIVE,Regularly,Garment Upper body,239.04,0
Adult,ACTIVE,Regularly,Nightwear,197.21,0
Adult,ACTIVE,NONE,Swimwear,82.17,4
Adult,PRE-CREATE,NONE,Underwear,155.38,2
Young Adult,ACTIVE,NONE,Swimwear,173.68,1
Adult,ACTIVE,NONE,Garment Upper body,207.67,4
Young Adult,ACTIVE,NONE,Garment Upper body,82.17,1
Young Adult,ACTIVE,NONE,Garment Upper body,132.68,1
Adult,ACTIVE,Regularly,Garment Upper body,343.61,0
Young Adult,ACTIVE,NONE,Garment Upper body,82.17,1
Young Adult,ACTIVE,Regularly,Shoes,343.61,3
Adult,ACTIVE,Regularly,Garment Upper body,134.46,0
Young Adult,ACTIVE,NONE,Garment Upper body,134.46,1
Young Adult,ACTIVE,NONE,Swimwear,103.09,1
Adult,ACTIVE,NONE,Garment Lower body,155.38,4
Adult,ACTIVE,NONE,Garment Upper body,280.87,4
Teenager,ACTIVE,Regularly,Shoes,161.65,0
Young Adult,ACTIVE,Regularly,Socks & Tights,134.46,3
Young Adult,ACTIVE,Regularly,Garment Lower body,448.19,3
Adult,ACTIVE,Regularly,Garment Upper body,185.08,0
Young Adult,ACTIVE,Regularly,Garment Upper body,249.6,3
Adult,PRE-CREATE,NONE,Garment Upper body,218.12,2
Elderly,ACTIVE,NONE,Garment Upper body,239.04,4
Young Adult,ACTIVE,NONE,Garment Lower body,155.38,1
Young Adult,ACTIVE,NONE,Garment Lower body,291.33,1
Young Adult,ACTIVE,Regularly,Garment Upper body,134.46,3
Young Adult,ACTIVE,NONE,Garment Upper body,194.7,1
Young Adult,ACTIVE,NONE,Swimwear,239.04,1
Elderly,ACTIVE,Regularly,Accessories,657.34,0
Young Adult,ACTIVE,NONE,Garment Lower body,124,1
Adult,PRE-CREATE,NONE,Garment Upper body,239.04,2
Young Adult,ACTIVE,Regularly,Underwear,134.46,3
Elderly,ACTIVE,Regularly,Garment Lower body,134.46,0
Young Adult,ACTIVE,Regularly,Garment Lower body,171.06,3
Young Adult,ACTIVE,Regularly,Garment Upper body,186.75,3
Young Adult,ACTIVE,NONE,Garment Upper body,92.63,1
Young Adult,ACTIVE,NONE,Underwear,186.75,1
Adult,ACTIVE,NONE,Garment Upper body,92.11,4
Young Adult,ACTIVE,NONE,Garment Upper body,134.46,1
Young Adult,ACTIVE,NONE,Garment Full body,208.71,1
Adult,ACTIVE,NONE,Socks & Tights,113.55,4
Adult,ACTIVE,Regularly,Underwear,50.8,0
Young Adult,ACTIVE,NONE,Accessories,103.09,1
Young Adult,ACTIVE,NONE,Garment Lower body,448.19,1
Adult,ACTIVE,Regularly,Garment Upper body,343.61,0
Adult,ACTIVE,Regularly,Garment Upper body,134.46,0
Young Adult,ACTIVE,NONE,Swimwear,186.75,1
Young Adult,ACTIVE,NONE,Garment Lower body,312.24,1
Young Adult,ACTIVE,Regularly,Garment Full body,291.33,3
Young Adult,ACTIVE,Regularly,Garment Full body,343.61,3
Young Adult,ACTIVE,Regularly,Garment Lower body,71.09,3
Young Adult,ACTIVE,Regularly,Garment Upper body,63.35,3
Adult,ACTIVE,NONE,Garment Lower body,343.61,4
Young Adult,ACTIVE,NONE,Garment Upper body,165.83,1
Young Adult,ACTIVE,NONE,Accessories,186.75,1
Young Adult,ACTIVE,NONE,Garment Upper body,280.87,1
Adult,ACTIVE,Regularly,Garment Upper body,1065.3,0
Young Adult,ACTIVE,NONE,Garment Lower body,239.04,1
Adult,ACTIVE,NONE,Garment Upper body,448.19,4
Adult,ACTIVE,Regularly,Underwear,86.36,0
Adult,ACTIVE,NONE,Underwear,124,4
Young Adult,ACTIVE,NONE,Garment Upper body,291.33,1
Adult,ACTIVE,Regularly,Garment Upper body,228.58,0
Adult,ACTIVE,NONE,Garment Full body,448.19,4
Adult,ACTIVE,Regularly,Garment Lower body,343.61,0
Young Adult,ACTIVE,NONE,Garment Upper body,82.17,1
Young Adult,ACTIVE,Regularly,Socks & Tights,113.55,3
Adult,ACTIVE,Regularly,Garment Upper body,239.04,0
Adult,ACTIVE,NONE,Garment Full body,134.46,4
Young Adult,ACTIVE,NONE,Garment Full body,134.46,1
Young Adult,ACTIVE,NONE,Garment Upper body,113.55,1
Young Adult,ACTIVE,Regularly,Garment Upper body,134.46,3
Adult,ACTIVE,NONE,Garment Upper body,186.75,4
Elderly,ACTIVE,NONE,Underwear,291.33,4
Elderly,ACTIVE,NONE,Swimwear,82.17,4
Elderly,ACTIVE,NONE,Garment Upper body,270.41,4
Adult,ACTIVE,NONE,Garment Lower body,448.19,4
Young Adult,ACTIVE,NONE,Garment Lower body,103.09,1
Young Adult,ACTIVE,Regularly,Garment Upper body,291.33,3
Adult,ACTIVE,NONE,Garment Upper body,440.66,4
Young Adult,ACTIVE,Regularly,Garment Upper body,239.04,3
Adult,ACTIVE,Regularly,Garment Upper body,616.56,0
Adult,ACTIVE,Regularly,Garment Upper body,283.48,0
Young Adult,ACTIVE,Regularly,Garment Lower body,134.46,3
Young Adult,ACTIVE,Regularly,Swimwear,134.46,3
Elderly,ACTIVE,Regularly,Garment Lower body,124,0
Young Adult,ACTIVE,Regularly,Garment Upper body,165.83,3
Young Adult,ACTIVE,NONE,Garment Lower body,42.96,1
Young Adult,ACTIVE,NONE,Garment Upper body,186.75,1
Adult,ACTIVE,NONE,Swimwear,63.35,4
Adult,ACTIVE,Regularly,Garment Full body,152.45,0
Young Adult,ACTIVE,Regularly,Accessories,116.89,3
Young Adult,ACTIVE,Regularly,Garment Lower body,105.18,3
Young Adult,ACTIVE,NONE,Accessories,82.17,1
Young Adult,ACTIVE,NONE,Underwear,134.46,1
Young Adult,ACTIVE,Regularly,Garment Upper body,186.75,3
Adult,ACTIVE,Regularly,Garment Upper body,103.09,0
Adult,ACTIVE,Regularly,Garment Full body,280.87,0
Adult,ACTIVE,NONE,Accessories,103.09,4
Adult,ACTIVE,NONE,Garment Upper body,134.46,4
Young Adult,ACTIVE,NONE,Garment Full body,207.67,1
Elderly,ACTIVE,Regularly,Garment Upper body,179.33,0
Young Adult,ACTIVE,NONE,Garment Upper body,186.75,1
Young Adult,ACTIVE,Regularly,Garment Full body,291.33,3
Adult,ACTIVE,NONE,Garment Upper body,327.93,4
Adult,ACTIVE,NONE,Garment Upper body,197.21,4
Adult,ACTIVE,NONE,Garment Upper body,113.55,4
Elderly,ACTIVE,NONE,Garment Upper body,239.04,4
Adult,ACTIVE,Regularly,Garment Upper body,239.04,0
Adult,ACTIVE,Regularly,Swimwear,134.46,0
Young Adult,ACTIVE,NONE,Garment Lower body,239.04,1
Adult,ACTIVE,Regularly,Garment Upper body,448.3,0
Young Adult,ACTIVE,NONE,Garment Lower body,239.04,1
Adult,ACTIVE,Regularly,Garment Lower body,343.61,0
Adult,ACTIVE,NONE,Garment Lower body,212.89,4
Adult,ACTIVE,NONE,Garment Full body,239.04,4
Young Adult,ACTIVE,Regularly,Garment Upper body,134.46,3
Young Adult,ACTIVE,NONE,Garment Lower body,239.04,1
Young Adult,ACTIVE,NONE,Swimwear,343.61,1
Elderly,ACTIVE,Regularly,Garment Upper body,165.42,0
Young Adult,ACTIVE,Regularly,Garment Upper body,239.04,3
Adult,ACTIVE,NONE,Garment Upper body,448.19,4
Adult,PRE-CREATE,NONE,Underwear,343.61,2
Adult,ACTIVE,Regularly,Socks & Tights,113.55,0
Elderly,ACTIVE,NONE,Garment Upper body,92.63,4
Young Adult,ACTIVE,NONE,Swimwear,161.65,1
Young Adult,ACTIVE,Regularly,Garment Upper body,552.77,3
Adult,ACTIVE,NONE,Garment Upper body,134.46,4
Young Adult,ACTIVE,Regularly,Garment Upper body,134.46,3
Young Adult,ACTIVE,Regularly,Garment Upper body,92.63,3
Elderly,ACTIVE,Regularly,Garment Lower body,296.56,0
Adult,ACTIVE,Regularly,Garment Upper body,291.33,0
Elderly,ACTIVE,Regularly,Garment Upper body,615.51,0
Elderly,ACTIVE,Regularly,Garment Upper body,197.21,0
Young Adult,ACTIVE,NONE,Garment Upper body,328.97,1
Elderly,ACTIVE,Regularly,Garment Upper body,103.09,0
Elderly,ACTIVE,Regularly,Garment Lower body,229.73,0
Young Adult,ACTIVE,Regularly,Underwear,92.63,3
Elderly,ACTIVE,Regularly,Garment Lower body,69.83,0
Young Adult,ACTIVE,NONE,Underwear,252.11,1
Young Adult,ACTIVE,Regularly,Nightwear,113.55,3
Young Adult,ACTIVE,Regularly,Garment Lower body,74.64,3
Young Adult,ACTIVE,NONE,Garment Upper body,165.83,1
Adult,ACTIVE,NONE,Socks & Tights,103.09,4
Adult,ACTIVE,NONE,Garment Upper body,218.12,4
Young Adult,ACTIVE,NONE,Garment Lower body,197.21,1
Young Adult,ACTIVE,NONE,Garment Upper body,218.12,1
Young Adult,ACTIVE,Regularly,Garment Lower body,406.36,3
Young Adult,ACTIVE,NONE,Garment Lower body,343.61,1
Young Adult,ACTIVE,NONE,Underwear,186.75,1
Young Adult,ACTIVE,NONE,Garment Upper body,165.83,1
Young Adult,ACTIVE,Regularly,Garment Upper body,134.46,3
Young Adult,ACTIVE,NONE,Garment Upper body,291.33,1
Young Adult,ACTIVE,NONE,Shoes,280.87,1
Young Adult,ACTIVE,Regularly,Garment Upper body,113.55,3
Elderly,ACTIVE,NONE,Socks & Tights,113.55,4
Adult,ACTIVE,Regularly,Garment Lower body,343.61,0
Adult,ACTIVE,NONE,Garment Upper body,71.72,4
Young Adult,PRE-CREATE,NONE,Garment Upper body,239.04,2
Adult,ACTIVE,NONE,Garment Upper body,124,4
Young Adult,ACTIVE,Regularly,Accessories,50.8,3
Young Adult,ACTIVE,NONE,Garment Lower body,218.12,1
Young Adult,ACTIVE,NONE,Garment Lower body,239.04,1
Young Adult,ACTIVE,NONE,Underwear,134.46,1
Young Adult,ACTIVE,NONE,Garment Upper body,186.75,1
Adult,ACTIVE,NONE,Garment Full body,343.61,4
Young Adult,ACTIVE,Regularly,Garment Full body,343.61,3
Elderly,ACTIVE,Regularly,Garment Full body,186.75,0
Young Adult,ACTIVE,NONE,Garment Upper body,82.17,1
Young Adult,ACTIVE,Regularly,Garment Lower body,113.55,3
Young Adult,ACTIVE,Regularly,Garment Upper body,134.46,3
Elderly,ACTIVE,Regularly,Garment Upper body,448.19,0
Young Adult,ACTIVE,NONE,Garment Full body,186.75,1
Young Adult,ACTIVE,Regularly,Swimwear,134.46,3
Young Adult,ACTIVE,Regularly,Garment Upper body,97.96,3
Adult,ACTIVE,Regularly,Garment Upper body,101,0
Young Adult,ACTIVE,NONE,Socks & Tights,64.71,1
Young Adult,ACTIVE,NONE,Garment Full body,186.75,1
Young Adult,ACTIVE,Regularly,Garment Upper body,176.29,3
Young Adult,ACTIVE,Regularly,Underwear,343.61,3
Young Adult,ACTIVE,Regularly,Underwear,92.63,3
Adult,ACTIVE,Regularly,Garment Lower body,186.75,0
Adult,ACTIVE,NONE,Garment Full body,138.64,4
Young Adult,ACTIVE,NONE,Garment Lower body,239.04,1
Young Adult,ACTIVE,Regularly,Accessories,163.22,3
Adult,ACTIVE,Regularly,Garment Upper body,171.06,0
Elderly,ACTIVE,Regularly,Garment Upper body,134.46,0
Young Adult,ACTIVE,Regularly,Garment Upper body,239.04,3
Young Adult,ACTIVE,NONE,Garment Lower body,239.04,1
Young Adult,ACTIVE,NONE,Garment Upper body,71.72,1
Young Adult,PRE-CREATE,NONE,Garment Lower body,134.46,2
Adult,ACTIVE,NONE,Garment Upper body,239.04,4
Adult,ACTIVE,Regularly,Garment Lower body,239.04,0
Young Adult,ACTIVE,Regularly,Garment Upper body,239.04,3
Young Adult,ACTIVE,Regularly,Garment Upper body,92.63,3
Elderly,ACTIVE,Regularly,Garment Full body,657.34,0
Elderly,ACTIVE,NONE,Underwear,239.04,4
Adult,ACTIVE,Regularly,Garment Lower body,233.5,0
Young Adult,ACTIVE,NONE,Garment Upper body,134.46,1
Young Adult,ACTIVE,Regularly,Garment Upper body,186.75,3
Young Adult,ACTIVE,Regularly,Underwear,171.06,3
Young Adult,ACTIVE,NONE,Socks & Tights,80.08,1
Adult,ACTIVE,NONE,Garment Upper body,82.17,4
Young Adult,ACTIVE,NONE,Garment Full body,395.9,1
Adult,ACTIVE,NONE,Garment Lower body,134.46,4
Adult,ACTIVE,Regularly,Garment Upper body,130.28,0
Young Adult,ACTIVE,NONE,Garment Full body,124,1
Young Adult,ACTIVE,Regularly,Garment Lower body,239.04,3
Young Adult,ACTIVE,NONE,Underwear,67.53,1
Adult,ACTIVE,NONE,Garment Full body,227.53,4
Young Adult,ACTIVE,Regularly,Swimwear,239.04,3
Elderly,ACTIVE,Regularly,Swimwear,218.12,0
Elderly,ACTIVE,Regularly,Garment Full body,227.53,0
Young Adult,ACTIVE,Regularly,Garment Full body,343.61,3
Young Adult,ACTIVE,NONE,Garment Lower body,232.03,1
Adult,ACTIVE,Regularly,Garment Lower body,165.83,0
Young Adult,ACTIVE,Regularly,Garment Lower body,176.29,3
Adult,ACTIVE,Regularly,Nightwear,134.46,0
Young Adult,ACTIVE,Regularly,Garment Lower body,265.18,3
Elderly,ACTIVE,Regularly,Garment Lower body,265.18,0
Adult,ACTIVE,NONE,Garment Upper body,186.75,4
Adult,ACTIVE,NONE,Garment Upper body,82.17,4
Adult,ACTIVE,Regularly,Garment Lower body,328.45,0
Adult,ACTIVE,Regularly,Shoes,291.33,0
Adult,ACTIVE,NONE,Garment Upper body,218.12,4
Adult,ACTIVE,Regularly,Garment Lower body,138.64,0
Young Adult,ACTIVE,NONE,Garment Upper body,343.61,1
Elderly,ACTIVE,NONE,Garment Upper body,197.21,4
Elderly,ACTIVE,Regularly,Garment Full body,171.06,0
Adult,ACTIVE,NONE,Nightwear,239.04,4
Young Adult,ACTIVE,NONE,Garment Upper body,235.27,1
Young Adult,ACTIVE,Regularly,Garment Upper body,239.04,3
Elderly,ACTIVE,NONE,Garment Upper body,434.18,4
Young Adult,ACTIVE,NONE,Garment Upper body,218.12,1
Young Adult,ACTIVE,Regularly,Swimwear,186.75,3
Teenager,ACTIVE,Regularly,Garment Full body,343.61,0
Young Adult,ACTIVE,Regularly,Garment Upper body,82.17,3
Young Adult,ACTIVE,NONE,Swimwear,158.51,1
Young Adult,ACTIVE,Regularly,Garment Lower body,82.17,3
Young Adult,ACTIVE,NONE,Swimwear,115.64,1
Young Adult,ACTIVE,Regularly,Garment Upper body,186.75,3
Adult,ACTIVE,Regularly,Garment Lower body,172.42,0
Young Adult,ACTIVE,Regularly,Accessories,218.12,3
Young Adult,ACTIVE,NONE,Garment Lower body,218.12,1
Young Adult,ACTIVE,NONE,Garment Lower body,134.46,1
Adult,ACTIVE,NONE,Underwear,291.33,4
Young Adult,ACTIVE,NONE,Socks & Tights,40.34,1
Young Adult,ACTIVE,Regularly,Garment Lower body,197.31,3
Young Adult,ACTIVE,NONE,Garment Upper body,160.61,1
Young Adult,ACTIVE,NONE,Swimwear,165.83,1
Adult,ACTIVE,Regularly,Underwear,92.63,0
Young Adult,ACTIVE,Regularly,Swimwear,134.46,3
Young Adult,ACTIVE,NONE,Underwear,186.75,1
Young Adult,ACTIVE,Regularly,Swimwear,134.46,3
Young Adult,ACTIVE,Regularly,Garment Upper body,186.75,3
Teenager,ACTIVE,Regularly,Garment Lower body,134.46,0
Young Adult,ACTIVE,NONE,Garment Full body,330.44,1
Elderly,ACTIVE,Regularly,Garment Upper body,50.8,0
Young Adult,ACTIVE,NONE,Garment Upper body,163.22,1
Young Adult,ACTIVE,NONE,Underwear,57.39,1
Young Adult,ACTIVE,NONE,Garment Upper body,215.82,1
Adult,ACTIVE,Regularly,Garment Lower body,134.46,0
Young Adult,ACTIVE,Regularly,Garment Full body,239.04,3
Young Adult,ACTIVE,Regularly,Garment Upper body,197.21,3
Young Adult,ACTIVE,NONE,Garment Upper body,131.32,1
Young Adult,ACTIVE,Regularly,Garment Upper body,92.63,3
Adult,ACTIVE,Regularly,Garment Lower body,552.77,0
Young Adult,ACTIVE,Regularly,Garment Upper body,239.04,3
Young Adult,ACTIVE,NONE,Swimwear,110.1,1
Young Adult,ACTIVE,NONE,Garment Upper body,265.18,1
Adult,ACTIVE,Regularly,Garment Lower body,239.04,0
Young Adult,ACTIVE,Regularly,Garment Upper body,218.12,3
Young Adult,ACTIVE,NONE,Garment Full body,343.61,1
Young Adult,ACTIVE,NONE,Garment Upper body,343.61,1
Young Adult,ACTIVE,NONE,Garment Upper body,82.17,1
Elderly,ACTIVE,NONE,Garment Upper body,239.04,4
Adult,ACTIVE,NONE,Garment Upper body,239.04,4
Young Adult,ACTIVE,NONE,Socks & Tights,113.55,1
Young Adult,ACTIVE,Regularly,Garment Upper body,343.61,3
Adult,ACTIVE,Regularly,Garment Upper body,67.53,0
Young Adult,ACTIVE,Regularly,Garment Upper body,186.75,3
Young Adult,ACTIVE,NONE,Garment Upper body,181.21,1
Young Adult,ACTIVE,Regularly,Garment Upper body,71.72,3
Young Adult,ACTIVE,Regularly,Swimwear,231.72,3
Adult,ACTIVE,NONE,Garment Lower body,239.04,4
Young Adult,ACTIVE,Regularly,Garment Upper body,113.55,3
Young Adult,ACTIVE,NONE,Garment Upper body,103.09,1
Young Adult,ACTIVE,NONE,Garment Lower body,343.61,1
Adult,ACTIVE,Regularly,Garment Upper body,210.7,0
Young Adult,ACTIVE,Regularly,Garment Upper body,239.04,3
Adult,ACTIVE,Regularly,Accessories,113.55,0
Young Adult,ACTIVE,NONE,Shoes,239.04,1
Young Adult,ACTIVE,Regularly,Garment Upper body,103.09,3
Adult,ACTIVE,Regularly,Underwear,186.75,0
Young Adult,ACTIVE,NONE,Underwear,114.38,1
Young Adult,ACTIVE,NONE,Swimwear,134.46,1
Young Adult,ACTIVE,Regularly,Garment Upper body,207.67,3
Adult,ACTIVE,Regularly,Garment Upper body,186.75,0
Young Adult,ACTIVE,NONE,Garment Upper body,197.21,1
Young Adult,ACTIVE,Regularly,Garment Upper body,92.63,3
Young Adult,ACTIVE,Regularly,Swimwear,134.46,3
Adult,ACTIVE,NONE,Garment Upper body,187.17,4
Adult,ACTIVE,Regularly,Garment Lower body,113.55,0
Young Adult,ACTIVE,NONE,Swimwear,186.75,1
Young Adult,ACTIVE,NONE,Accessories,61.26,1
Teenager,ACTIVE,NONE,Garment Upper body,134.46,0
Young Adult,ACTIVE,Regularly,Garment Upper body,105.18,3
Young Adult,ACTIVE,Regularly,Garment Lower body,239.04,3
Adult,ACTIVE,Regularly,Garment Upper body,95.04,0
Young Adult,ACTIVE,Regularly,Garment Upper body,113.02,3
Elderly,ACTIVE,Regularly,Garment Full body,283.8,0
Elderly,ACTIVE,Regularly,Socks & Tights,134.46,0
Adult,ACTIVE,NONE,Garment Lower body,92.63,4
Elderly,ACTIVE,Regularly,Garment Upper body,138.64,0
Young Adult,ACTIVE,NONE,Underwear,134.46,1
Adult,ACTIVE,Regularly,Garment Upper body,165.83,0
Young Adult,ACTIVE,NONE,Garment Upper body,61.26,1
Young Adult,ACTIVE,Regularly,Garment Upper body,82.17,3
Young Adult,ACTIVE,NONE,Garment Full body,71.72,1
Young Adult,ACTIVE,Regularly,Garment Lower body,395.9,3
Young Adult,ACTIVE,NONE,Garment Upper body,95.77,1
Adult,ACTIVE,NONE,Garment Upper body,92.63,4
Young Adult,ACTIVE,Regularly,Garment Upper body,111.87,3
Young Adult,ACTIVE,NONE,Garment Lower body,265.18,1
Young Adult,ACTIVE,Regularly,Garment Upper body,82.17,3
Adult,ACTIVE,Regularly,Garment Lower body,134.46,0
Young Adult,ACTIVE,Regularly,Garment Full body,239.04,3
Young Adult,ACTIVE,NONE,Garment Upper body,165.83,1
Young Adult,ACTIVE,Regularly,Garment Upper body,448.19,3
Young Adult,ACTIVE,Regularly,Garment Upper body,218.12,3
Elderly,ACTIVE,Regularly,Garment Lower body,343.61,0
Young Adult,ACTIVE,NONE,Garment Lower body,134.46,1
Young Adult,ACTIVE,NONE,Garment Upper body,343.61,1
Young Adult,ACTIVE,NONE,Garment Lower body,343.61,1
Young Adult,ACTIVE,NONE,Garment Upper body,113.55,1
Young Adult,ACTIVE,NONE,Garment Lower body,134.46,1
Young Adult,ACTIVE,NONE,Swimwear,134.46,1
Young Adult,ACTIVE,NONE,Underwear,113.55,1
Young Adult,ACTIVE,NONE,Garment Upper body,239.04,1
Adult,ACTIVE,Regularly,Garment Full body,239.04,0
Elderly,ACTIVE,NONE,Garment Upper body,186.75,4
Young Adult,ACTIVE,NONE,Garment Full body,155.38,1
Young Adult,ACTIVE,NONE,Garment Full body,113.55,1
Young Adult,ACTIVE,NONE,Garment Full body,186.75,1
Elderly,ACTIVE,NONE,Garment Upper body,163.22,4
Elderly,ACTIVE,Regularly,Underwear,163.22,0
Young Adult,ACTIVE,Regularly,Garment Lower body,239.04,3
Elderly,ACTIVE,NONE,Garment Full body,239.04,4
Adult,ACTIVE,Regularly,Nightwear,165.83,0
Adult,ACTIVE,NONE,Garment Lower body,343.61,4
Young Adult,ACTIVE,NONE,Garment Upper body,124.74,1
Adult,ACTIVE,NONE,Garment Lower body,239.04,4
Young Adult,ACTIVE,Regularly,Swimwear,113.55,3
Adult,ACTIVE,Regularly,Garment Lower body,186.75,0
Young Adult,ACTIVE,NONE,Garment Full body,186.75,1
Young Adult,ACTIVE,Regularly,Garment Upper body,134.46,3
Young Adult,ACTIVE,NONE,Garment Upper body,82.17,1
Adult,ACTIVE,Regularly,Shoes,134.46,0
Young Adult,ACTIVE,Regularly,Underwear,134.46,3
Young Adult,ACTIVE,NONE,Garment Lower body,186.75,1
Adult,ACTIVE,NONE,Garment Upper body,82.17,4
Adult,ACTIVE,Regularly,Garment Upper body,448.19,0
Young Adult,ACTIVE,NONE,Swimwear,176.29,1
Elderly,ACTIVE,NONE,Garment Upper body,71.72,4
Young Adult,ACTIVE,NONE,Garment Upper body,343.61,1
Young Adult,ACTIVE,Regularly,Accessories,57.08,3
Adult,ACTIVE,NONE,Garment Full body,291.33,4
Young Adult,ACTIVE,NONE,Garment Lower body,71.72,1
Elderly,ACTIVE,NONE,Garment Lower body,120.55,4
Young Adult,ACTIVE,NONE,Garment Upper body,113.55,1
Adult,ACTIVE,NONE,Garment Lower body,343.61,4
Young Adult,ACTIVE,NONE,Garment Upper body,113.55,1
Adult,ACTIVE,NONE,Nightwear,82.17,4
Young Adult,ACTIVE,Regularly,Swimwear,124.11,3
Adult,ACTIVE,NONE,Garment Upper body,239.04,4
Adult,ACTIVE,Regularly,Garment Full body,197.21,0
Young Adult,ACTIVE,NONE,Accessories,113.55,1
Young Adult,ACTIVE,NONE,Garment Upper body,82.17,1
Young Adult,ACTIVE,NONE,Garment Upper body,63.35,1
Young Adult,ACTIVE,Regularly,Garment Upper body,113.55,3
Young Adult,ACTIVE,NONE,Garment Upper body,159.98,1
Adult,ACTIVE,NONE,Garment Lower body,186.75,4
Young Adult,ACTIVE,NONE,Underwear,124,1
Young Adult,ACTIVE,NONE,Underwear,208.5,1
Adult,ACTIVE,Regularly,Garment Lower body,543.46,0
Young Adult,ACTIVE,NONE,Garment Upper body,239.04,1
Young Adult,ACTIVE,Regularly,Garment Upper body,218.12,3
Young Adult,ACTIVE,NONE,Garment Lower body,239.04,1
Young Adult,ACTIVE,Regularly,Garment Lower body,171.06,3
Young Adult,ACTIVE,Regularly,Garment Upper body,112.08,3
Young Adult,ACTIVE,Regularly,Garment Full body,197.21,3
Young Adult,ACTIVE,NONE,Garment Upper body,124,1
Adult,ACTIVE,Regularly,Garment Lower body,131.64,0
Young Adult,ACTIVE,NONE,Garment Lower body,291.33,1
Young Adult,ACTIVE,NONE,Garment Upper body,163.53,1
Adult,ACTIVE,Regularly,Garment Upper body,169.49,0
Adult,ACTIVE,Regularly,Garment Upper body,165.83,0
Young Adult,ACTIVE,NONE,Garment Upper body,186.75,1
Elderly,ACTIVE,NONE,Garment Upper body,239.04,4
Adult,ACTIVE,Regularly,Garment Upper body,134.46,0
Young Adult,ACTIVE,Regularly,Accessories,103.09,3
Adult,ACTIVE,Regularly,Shoes,134.46,0
Adult,ACTIVE,Regularly,Garment Lower body,395.9,0
Adult,ACTIVE,NONE,Garment Upper body,448.19,4
Young Adult,ACTIVE,NONE,Garment Upper body,107.48,1
Young Adult,ACTIVE,NONE,Garment Upper body,343.61,1
Adult,ACTIVE,NONE,Garment Lower body,312.24,4
Elderly,ACTIVE,NONE,Accessories,113.55,4
Young Adult,ACTIVE,NONE,Underwear,134.46,1
Elderly,ACTIVE,NONE,Garment Lower body,103.09,4
Young Adult,ACTIVE,Regularly,Garment Full body,239.04,3
Elderly,ACTIVE,NONE,Garment Full body,181.73,4
Adult,ACTIVE,NONE,Nightwear,155.38,4
Young Adult,ACTIVE,NONE,Garment Upper body,113.55,1
Young Adult,ACTIVE,Regularly,Swimwear,448.19,3
Young Adult,ACTIVE,Regularly,Underwear,134.46,3
Young Adult,ACTIVE,Regularly,Garment Upper body,155.38,3
Adult,ACTIVE,Regularly,Garment Lower body,183.51,0
Adult,ACTIVE,NONE,Garment Upper body,186.75,4
Adult,ACTIVE,Regularly,Garment Lower body,99.85,0
Young Adult,ACTIVE,NONE,Garment Lower body,113.55,1
Adult,ACTIVE,Regularly,Garment Upper body,239.04,0
Adult,ACTIVE,Regularly,Garment Upper body,218.23,0
Adult,ACTIVE,Regularly,Garment Full body,239.04,0
Young Adult,ACTIVE,Regularly,Garment Lower body,186.75,3
Adult,ACTIVE,NONE,Garment Full body,165.83,4
Adult,ACTIVE,NONE,Underwear,186.75,4
Young Adult,ACTIVE,NONE,Garment Upper body,111.56,1
Young Adult,ACTIVE,Regularly,Swimwear,82.17,3
Young Adult,ACTIVE,NONE,Garment Full body,186.75,1
Young Adult,ACTIVE,NONE,Garment Upper body,239.04,1
Adult,ACTIVE,NONE,Garment Full body,165.83,4
Elderly,ACTIVE,NONE,Garment Upper body,165.83,4
Young Adult,ACTIVE,NONE,Swimwear,186.75,1
Young Adult,ACTIVE,Regularly,Garment Full body,132.79,3
Elderly,ACTIVE,NONE,Shoes,82.17,4
Young Adult,ACTIVE,NONE,Swimwear,134.46,1
Elderly,ACTIVE,NONE,Garment Lower body,171.06,4
Young Adult,ACTIVE,NONE,Garment Lower body,165.83,1
Elderly,ACTIVE,Regularly,Garment Upper body,186.75,0
Young Adult,ACTIVE,NONE,Swimwear,50.8,1
Adult,ACTIVE,Regularly,Garment Lower body,134.46,0
Young Adult,ACTIVE,NONE,Garment Upper body,218.12,1
Young Adult,ACTIVE,NONE,Garment Upper body,82.17,1
Adult,ACTIVE,NONE,Garment Upper body,239.04,4
Young Adult,ACTIVE,NONE,Garment Upper body,134.46,1
Adult,ACTIVE,NONE,Swimwear,186.75,4
Young Adult,ACTIVE,NONE,Garment Lower body,336.82,1
Young Adult,ACTIVE,NONE,Garment Upper body,239.04,1
Young Adult,ACTIVE,Regularly,Garment Upper body,343.61,3
Young Adult,ACTIVE,NONE,Underwear,80.08,1
Young Adult,ACTIVE,NONE,Garment Lower body,291.33,1
Young Adult,ACTIVE,NONE,Garment Upper body,155.38,1
Young Adult,ACTIVE,NONE,Swimwear,343.61,1
Young Adult,ACTIVE,Regularly,Garment Upper body,176.29,3
Adult,ACTIVE,Regularly,Garment Upper body,82.17,0
Adult,ACTIVE,Regularly,Garment Lower body,186.75,0
Adult,ACTIVE,NONE,Garment Full body,239.04,4
Young Adult,ACTIVE,NONE,Garment Lower body,343.61,1
Adult,ACTIVE,Regularly,Garment Upper body,134.46,0
Young Adult,ACTIVE,NONE,Garment Full body,172.74,1
Young Adult,ACTIVE,NONE,Garment Full body,313.71,1
Young Adult,ACTIVE,NONE,Accessories,124,1
Young Adult,ACTIVE,NONE,Garment Upper body,186.75,1
Young Adult,ACTIVE,Regularly,Swimwear,134.46,3
Young Adult,ACTIVE,NONE,Garment Lower body,118.78,1
Adult,ACTIVE,NONE,Garment Lower body,218.12,4
Young Adult,ACTIVE,NONE,Garment Upper body,239.04,1
Adult,ACTIVE,NONE,Swimwear,118.04,4
Elderly,ACTIVE,Regularly,Garment Upper body,291.33,0
Adult,ACTIVE,NONE,Swimwear,199.3,4
Young Adult,ACTIVE,NONE,Garment Full body,218.12,1
Young Adult,ACTIVE,Regularly,Swimwear,291.33,3
Young Adult,PRE-CREATE,NONE,Underwear,92.63,2
Young Adult,ACTIVE,Regularly,Socks & Tights,65.44,3
Elderly,ACTIVE,NONE,Underwear,109.89,4
Adult,ACTIVE,Regularly,Underwear,124,0
Young Adult,ACTIVE,Regularly,Garment Full body,448.19,3
Young Adult,ACTIVE,NONE,Garment Full body,113.65,1
Adult,ACTIVE,Regularly,Underwear,124,0
Young Adult,ACTIVE,NONE,Swimwear,155.38,1
Young Adult,ACTIVE,NONE,Garment Lower body,186.75,1
Young Adult,ACTIVE,NONE,Garment Upper body,117,1
Young Adult,ACTIVE,NONE,Swimwear,99.95,1
Young Adult,ACTIVE,Regularly,Swimwear,134.46,3
Young Adult,ACTIVE,NONE,Swimwear,128.71,1
Adult,ACTIVE,NONE,Socks & Tights,134.46,4
Young Adult,ACTIVE,Regularly,Garment Lower body,134.46,3
Young Adult,ACTIVE,Regularly,Swimwear,134.46,3
Young Adult,ACTIVE,NONE,Accessories,322.7,1
Young Adult,ACTIVE,NONE,Garment Lower body,186.75,1
Adult,ACTIVE,NONE,Garment Upper body,186.75,4
Elderly,ACTIVE,Regularly,Garment Upper body,249.5,0
Adult,ACTIVE,NONE,Accessories,61.26,4
Young Adult,ACTIVE,NONE,Garment Upper body,57.08,1
Adult,ACTIVE,NONE,Garment Upper body,163.43,4
Young Adult,ACTIVE,Regularly,Garment Lower body,134.46,3
Young Adult,ACTIVE,NONE,Garment Full body,101,1
Adult,ACTIVE,NONE,Garment Upper body,113.55,4
Young Adult,ACTIVE,Regularly,Garment Upper body,500.48,3
Young Adult,ACTIVE,Regularly,Swimwear,134.46,3
Young Adult,ACTIVE,NONE,Accessories,113.55,1
Adult,ACTIVE,Regularly,Underwear,131.85,0
Young Adult,ACTIVE,NONE,Underwear,186.75,1
Young Adult,NO MEMBERSHIP,NONE,Garment Upper body,186.75,2
Elderly,ACTIVE,Regularly,Garment Full body,239.04,0
Young Adult,ACTIVE,Regularly,Garment Lower body,218.12,3
Adult,ACTIVE,Regularly,Accessories,63.35,0
Young Adult,ACTIVE,Regularly,Garment Upper body,82.17,3
Young Adult,ACTIVE,Regularly,Garment Lower body,265.18,3
Adult,ACTIVE,Regularly,Garment Lower body,291.33,0
Young Adult,ACTIVE,NONE,Garment Upper body,239.04,1
Young Adult,ACTIVE,Regularly,Garment Upper body,82.17,3
Young Adult,ACTIVE,NONE,Garment Upper body,134.46,1
Young Adult,ACTIVE,NONE,Socks & Tights,110.62,1
Elderly,ACTIVE,Regularly,Garment Lower body,165.83,0
Young Adult,ACTIVE,NONE,Garment Upper body,186.75,1
Young Adult,ACTIVE,NONE,Underwear,113.55,1
Young Adult,ACTIVE,NONE,Underwear,252.11,1
Young Adult,ACTIVE,NONE,Garment Upper body,207.67,1
Elderly,ACTIVE,Regularly,Garment Upper body,165.83,0
Young Adult,ACTIVE,NONE,Garment Full body,343.61,1
Elderly,ACTIVE,Regularly,Garment Upper body,866.5,0
Young Adult,ACTIVE,Regularly,Swimwear,134.46,3
Young Adult,ACTIVE,Regularly,Garment Lower body,197.21,3
Young Adult,ACTIVE,NONE,Garment Upper body,82.17,1
Adult,ACTIVE,NONE,Garment Lower body,239.04,4
Young Adult,ACTIVE,NONE,Underwear,184.45,1
Elderly,ACTIVE,Regularly,Accessories,83.22,0
Young Adult,PRE-CREATE,NONE,Underwear,124,2
Adult,ACTIVE,NONE,Swimwear,186.75,4
Young Adult,ACTIVE,NONE,Garment Upper body,291.33,1
Adult,ACTIVE,Regularly,Garment Upper body,239.04,0
Adult,ACTIVE,NONE,Garment Upper body,92.63,4
Adult,ACTIVE,NONE,Garment Upper body,134.46,4
Young Adult,ACTIVE,NONE,Garment Lower body,204.21,1
Elderly,ACTIVE,Regularly,Garment Full body,291.33,0
Adult,ACTIVE,NONE,Swimwear,186.75,4
Young Adult,ACTIVE,Regularly,Garment Full body,180.48,3
Young Adult,ACTIVE,NONE,Garment Upper body,307.43,1
Young Adult,ACTIVE,NONE,Garment Full body,207.67,1
Young Adult,ACTIVE,Regularly,Garment Upper body,134.46,3
Young Adult,ACTIVE,Regularly,Garment Upper body,239.04,3
Adult,ACTIVE,Regularly,Shoes,343.61,0
Young Adult,ACTIVE,NONE,Underwear,134.46,1
Adult,ACTIVE,Regularly,Garment Upper body,113.55,0
Adult,ACTIVE,NONE,Garment Upper body,165.83,4
Adult,ACTIVE,NONE,Garment Lower body,218.12,4
Adult,ACTIVE,NONE,Accessories,50.8,4
Adult,ACTIVE,NONE,Accessories,61.26,4
Young Adult,ACTIVE,Regularly,Accessories,113.55,3
Adult,ACTIVE,NONE,Garment Lower body,239.04,4
Elderly,ACTIVE,NONE,Garment Full body,186.75,4
Young Adult,ACTIVE,Regularly,Accessories,113.55,3
Young Adult,ACTIVE,NONE,Underwear,151.93,1
Young Adult,ACTIVE,Regularly,Garment Upper body,134.46,3
Young Adult,ACTIVE,NONE,Garment Upper body,80.08,1
Adult,ACTIVE,NONE,Garment Upper body,436.16,4
Young Adult,ACTIVE,NONE,Underwear,165.83,1
Adult,ACTIVE,NONE,Garment Upper body,239.04,4
Adult,ACTIVE,Regularly,Garment Full body,218.12,0
Elderly,ACTIVE,NONE,Garment Upper body,165.83,4
Adult,ACTIVE,NONE,Garment Full body,218.12,4
Adult,ACTIVE,NONE,Shoes,552.77,4
Young Adult,ACTIVE,NONE,Shoes,448.19,1
Young Adult,ACTIVE,Regularly,Garment Upper body,134.46,3
Young Adult,ACTIVE,Regularly,Socks & Tights,50.91,3
Adult,ACTIVE,Regularly,Shoes,259.95,0
Young Adult,ACTIVE,NONE,Unknown,165.83,1
Adult,ACTIVE,Regularly,Garment Upper body,216.14,0
Adult,ACTIVE,Regularly,Garment Lower body,138.64,0
Young Adult,ACTIVE,NONE,Garment Lower body,197.21,1
Young Adult,ACTIVE,Regularly,Accessories,82.17,3
Elderly,ACTIVE,NONE,Garment Lower body,134.46,4
Young Adult,ACTIVE,NONE,Garment Upper body,522.86,1
Elderly,ACTIVE,Regularly,Garment Full body,113.55,0
Young Adult,ACTIVE,Regularly,Garment Upper body,341,3
Elderly,ACTIVE,Regularly,Garment Upper body,186.75,0
Young Adult,ACTIVE,NONE,Garment Upper body,113.55,1
Elderly,ACTIVE,Regularly,Garment Upper body,448.19,0
Adult,ACTIVE,NONE,Garment Upper body,186.75,4
Young Adult,ACTIVE,Regularly,Garment Upper body,1901.91,3
Young Adult,ACTIVE,Regularly,Garment Upper body,239.04,3
Young Adult,ACTIVE,NONE,Garment Upper body,103.09,1
Young Adult,ACTIVE,Regularly,Garment Lower body,265.18,3
Adult,PRE-CREATE,NONE,Garment Full body,395.9,2
Young Adult,ACTIVE,NONE,Socks & Tights,113.55,1
Young Adult,ACTIVE,NONE,Swimwear,152.24,1
Young Adult,ACTIVE,Regularly,Garment Full body,147.53,3
Adult,ACTIVE,NONE,Garment Lower body,239.04,4
Adult,ACTIVE,Regularly,Garment Lower body,343.61,0
Young Adult,ACTIVE,NONE,Garment Lower body,186.75,1
Young Adult,ACTIVE,NONE,Garment Lower body,164.16,1
Adult,ACTIVE,NONE,Garment Upper body,165.83,4
Elderly,ACTIVE,Regularly,Garment Full body,165.83,0
Adult,ACTIVE,NONE,Socks & Tights,82.17,4
Adult,ACTIVE,Regularly,Garment Lower body,165.83,0
Adult,ACTIVE,NONE,Garment Full body,186.75,4
Young Adult,ACTIVE,Regularly,Underwear,291.33,3
Adult,ACTIVE,NONE,Garment Lower body,134.46,4
Young Adult,ACTIVE,Regularly,Garment Full body,265.29,3
Adult,ACTIVE,NONE,Garment Lower body,500.48,4
Elderly,ACTIVE,NONE,Swimwear,130.28,4
Adult,ACTIVE,NONE,Garment Upper body,73.49,4
Adult,ACTIVE,Regularly,Garment Upper body,105.18,0
Young Adult,ACTIVE,NONE,Garment Lower body,277.94,1
Young Adult,ACTIVE,NONE,Accessories,132.47,1
Young Adult,ACTIVE,NONE,Swimwear,124,1
Young Adult,ACTIVE,Regularly,Garment Upper body,182.99,3
Adult,ACTIVE,Regularly,Garment Upper body,239.04,0
Elderly,ACTIVE,NONE,Nightwear,212.37,4
Adult,ACTIVE,Regularly,Garment Lower body,552.77,0
Adult,ACTIVE,NONE,Garment Full body,134.46,4
Young Adult,ACTIVE,NONE,Garment Upper body,134.46,1
Adult,ACTIVE,Regularly,Garment Upper body,134.46,0
Young Adult,ACTIVE,Regularly,Underwear,122.96,3
Young Adult,ACTIVE,NONE,Garment Upper body,186.75,1
Adult,ACTIVE,NONE,Garment Full body,50.8,4
Elderly,ACTIVE,Regularly,Garment Full body,211.53,0
Young Adult,ACTIVE,Regularly,Garment Upper body,56.55,3
Young Adult,ACTIVE,Regularly,Swimwear,124,3
Adult,ACTIVE,NONE,Garment Lower body,134.46,4
Teenager,ACTIVE,NONE,Swimwear,171.06,0
Elderly,ACTIVE,Regularly,Garment Upper body,239.04,0
Young Adult,ACTIVE,Regularly,Garment Upper body,113.55,3
Young Adult,PRE-CREATE,NONE,Underwear,165.83,2
Adult,ACTIVE,NONE,Garment Full body,207.67,4
Young Adult,ACTIVE,NONE,Nightwear,134.46,1
Young Adult,ACTIVE,Regularly,Garment Upper body,128.92,3
Young Adult,ACTIVE,NONE,Garment Upper body,343.61,1
Young Adult,ACTIVE,NONE,Garment Upper body,82.17,1
Elderly,ACTIVE,NONE,Garment Lower body,163.22,4
Adult,ACTIVE,NONE,Garment Lower body,291.33,4
Young Adult,ACTIVE,NONE,Shoes,223.25,1
Elderly,ACTIVE,Regularly,Garment Lower body,134.46,0
Adult,ACTIVE,NONE,Garment Lower body,239.04,4
Elderly,ACTIVE,NONE,Garment Upper body,134.46,4
Elderly,ACTIVE,NONE,Garment Upper body,343.61,4
Young Adult,ACTIVE,NONE,Garment Upper body,343.61,1
Adult,ACTIVE,Regularly,Garment Lower body,291.33,0
Young Adult,ACTIVE,NONE,Garment Upper body,102.57,1
Elderly,ACTIVE,Regularly,Accessories,134.46,0
Adult,ACTIVE,NONE,Garment Upper body,113.55,4
Young Adult,ACTIVE,Regularly,Garment Upper body,124,3
Adult,ACTIVE,NONE,Garment Upper body,186.75,4
Young Adult,ACTIVE,NONE,Garment Lower body,284.95,1
Young Adult,ACTIVE,Regularly,Accessories,168.87,3
Adult,ACTIVE,NONE,Garment Upper body,124,4
Adult,ACTIVE,NONE,Garment Upper body,109.78,4
Young Adult,ACTIVE,NONE,Garment Upper body,343.61,1
Adult,ACTIVE,NONE,Swimwear,163.22,4
Young Adult,ACTIVE,NONE,Garment Lower body,215.09,1
Young Adult,ACTIVE,NONE,Garment Upper body,128.5,1
Adult,ACTIVE,NONE,Garment Lower body,134.46,4
Adult,ACTIVE,Regularly,Garment Lower body,165.83,0
Young Adult,ACTIVE,NONE,Nightwear,152.24,1
Young Adult,ACTIVE,Regularly,Garment Full body,866.5,3
Adult,ACTIVE,NONE,Garment Full body,291.33,4
Young Adult,ACTIVE,NONE,Underwear,92.63,1
Young Adult,ACTIVE,NONE,Garment Upper body,239.04,1
Young Adult,ACTIVE,Regularly,Shoes,239.04,3
Adult,ACTIVE,Regularly,Garment Upper body,111.25,0
Young Adult,ACTIVE,NONE,Garment Lower body,134.46,1
Young Adult,ACTIVE,Regularly,Garment Upper body,134.46,3
Young Adult,ACTIVE,NONE,Swimwear,186.75,1
Young Adult,ACTIVE,NONE,Garment Lower body,134.46,1
Adult,ACTIVE,NONE,Swimwear,197.21,4
Young Adult,ACTIVE,Regularly,Shoes,92.63,3
Young Adult,ACTIVE,NONE,Garment Upper body,71.72,1
Elderly,ACTIVE,NONE,Garment Lower body,291.33,4
Young Adult,ACTIVE,NONE,Garment Upper body,144.92,1
Adult,ACTIVE,NONE,Garment Upper body,235.59,4
Adult,ACTIVE,Regularly,Underwear,301.78,0
Young Adult,ACTIVE,NONE,Garment Lower body,155.38,1
Adult,ACTIVE,NONE,Underwear,145.44,4
Young Adult,PRE-CREATE,NONE,Garment Upper body,61.26,2
Young Adult,ACTIVE,NONE,Garment Full body,657.34,1
Young Adult,ACTIVE,NONE,Garment Upper body,186.75,1
Young Adult,ACTIVE,NONE,Underwear,186.75,1
Adult,ACTIVE,Regularly,Garment Upper body,134.46,0
Young Adult,ACTIVE,NONE,Garment Upper body,61.26,1
Young Adult,ACTIVE,Regularly,Garment Full body,92.63,3
Young Adult,ACTIVE,Regularly,Garment Lower body,395.9,3
Young Adult,ACTIVE,NONE,Garment Upper body,239.04,1
Adult,ACTIVE,NONE,Garment Lower body,239.04,4
Young Adult,ACTIVE,Regularly,Garment Lower body,239.04,3
Adult,ACTIVE,Regularly,Garment Upper body,82.17,0
Young Adult,ACTIVE,Regularly,Garment Upper body,186.75,3
Elderly,ACTIVE,Regularly,Garment Lower body,218.12,0
Adult,ACTIVE,Regularly,Garment Upper body,113.55,0
Adult,ACTIVE,NONE,Shoes,657.34,4
Elderly,ACTIVE,NONE,Garment Upper body,92.63,4
Young Adult,ACTIVE,Regularly,Underwear,134.46,3
Young Adult,ACTIVE,Regularly,Garment Upper body,183.19,3
Elderly,ACTIVE,NONE,Nightwear,168.76,4
Young Adult,ACTIVE,Regularly,Garment Lower body,343.61,3
Young Adult,ACTIVE,NONE,Garment Upper body,134.46,1
Young Adult,ACTIVE,Regularly,Swimwear,239.04,3
Young Adult,ACTIVE,NONE,Underwear,134.46,1
Young Adult,ACTIVE,Regularly,Garment Full body,204.32,3
Young Adult,ACTIVE,Regularly,Socks & Tights,134.46,3
Adult,ACTIVE,Regularly,Garment Upper body,134.46,0
Young Adult,ACTIVE,NONE,Underwear,134.46,1
Adult,ACTIVE,Regularly,Garment Lower body,239.04,0
Young Adult,ACTIVE,Regularly,Underwear,40.34,3
Young Adult,ACTIVE,NONE,Garment Lower body,144.92,1
Young Adult,ACTIVE,NONE,Garment Full body,216.14,1
Adult,ACTIVE,NONE,Nightwear,291.33,4
Adult,ACTIVE,Regularly,Garment Lower body,234.44,0
Young Adult,ACTIVE,Regularly,Garment Upper body,291.33,3
Young Adult,ACTIVE,NONE,Swimwear,197.21,1
Adult,ACTIVE,Regularly,Garment Lower body,186.75,0
Young Adult,ACTIVE,NONE,Garment Lower body,343.61,1
Adult,PRE-CREATE,NONE,Garment Lower body,239.04,2
Adult,ACTIVE,Regularly,Garment Lower body,113.55,0
Young Adult,ACTIVE,NONE,Garment Full body,134.46,1
Young Adult,ACTIVE,NONE,Underwear,91.06,1
Young Adult,ACTIVE,Regularly,Garment Upper body,218.12,3
Young Adult,ACTIVE,Regularly,Garment Upper body,113.55,3
Young Adult,ACTIVE,NONE,Garment Upper body,389,1
Adult,ACTIVE,Regularly,Garment Upper body,134.46,0
Young Adult,ACTIVE,NONE,Garment Full body,343.61,1
Young Adult,ACTIVE,Regularly,Accessories,186.85,3
Adult,ACTIVE,NONE,Garment Full body,218.12,4
Adult,ACTIVE,Regularly,Underwear,186.75,0
Young Adult,ACTIVE,NONE,Underwear,134.46,1
Elderly,ACTIVE,NONE,Garment Full body,134.46,4
Young Adult,ACTIVE,Regularly,Underwear,96.81,3
Young Adult,ACTIVE,NONE,Garment Lower body,134.46,1
Young Adult,ACTIVE,Regularly,Garment Lower body,239.04,3
Young Adult,ACTIVE,Regularly,Garment Upper body,186.75,3
Adult,ACTIVE,Regularly,Accessories,63.35,0
Adult,ACTIVE,Regularly,Garment Upper body,134.46,0
Young Adult,ACTIVE,Regularly,Garment Upper body,180.48,3
Young Adult,ACTIVE,Regularly,Swimwear,71.72,3
Adult,ACTIVE,NONE,Garment Upper body,61.26,4
Young Adult,ACTIVE,NONE,Garment Lower body,134.46,1
Adult,ACTIVE,NONE,Garment Upper body,239.04,4
Young Adult,ACTIVE,Regularly,Garment Lower body,78.72,3
Adult,ACTIVE,Regularly,Garment Upper body,152.24,0
Young Adult,ACTIVE,NONE,Garment Upper body,239.04,1
Young Adult,ACTIVE,NONE,Garment Lower body,343.61,1
Young Adult,ACTIVE,NONE,Garment Lower body,235.38,1
Young Adult,ACTIVE,Regularly,Garment Upper body,82.17,3
Young Adult,ACTIVE,Regularly,Shoes,113.55,3
Adult,ACTIVE,NONE,Underwear,165.83,4
Young Adult,ACTIVE,Regularly,Garment Upper body,422.05,3
Young Adult,ACTIVE,Regularly,Underwear,239.04,3
Adult,ACTIVE,Regularly,Garment Lower body,239.04,0
Young Adult,ACTIVE,NONE,Garment Lower body,291.33,1
Young Adult,ACTIVE,NONE,Swimwear,134.46,1
Teenager,ACTIVE,NONE,Garment Upper body,113.55,0
Elderly,NO MEMBERSHIP,NONE,Accessories,197.21,2
Young Adult,ACTIVE,NONE,Garment Upper body,134.46,1
Young Adult,ACTIVE,NONE,Garment Full body,239.04,1
Adult,ACTIVE,Regularly,Garment Upper body,239.04,0
Young Adult,ACTIVE,Regularly,Garment Full body,144.92,3
Young Adult,ACTIVE,Regularly,Accessories,121.91,3
Young Adult,ACTIVE,NONE,Garment Upper body,134.46,1
Young Adult,ACTIVE,Regularly,Garment Full body,343.61,3
Young Adult,ACTIVE,NONE,Garment Upper body,82.17,1
Teenager,ACTIVE,Regularly,Swimwear,163.22,0
Young Adult,ACTIVE,NONE,Garment Lower body,218.12,1
Adult,ACTIVE,Regularly,Garment Full body,552.77,0
Young Adult,ACTIVE,Regularly,Garment Full body,218.12,3
Young Adult,ACTIVE,Regularly,Garment Lower body,92.63,3
Elderly,ACTIVE,NONE,Socks & Tights,71.72,4
Adult,ACTIVE,NONE,Garment Full body,186.75,4
Young Adult,ACTIVE,NONE,Underwear,124,1
Young Adult,ACTIVE,Regularly,Garment Upper body,165.83,3
Young Adult,ACTIVE,Regularly,Swimwear,96.81,3
Young Adult,ACTIVE,Regularly,Garment Upper body,134.46,3
Young Adult,ACTIVE,NONE,Shoes,343.61,1
Elderly,ACTIVE,Regularly,Swimwear,291.33,0
Young Adult,ACTIVE,NONE,Garment Full body,552.77,1
Young Adult,ACTIVE,Regularly,Garment Full body,249.5,3
Young Adult,ACTIVE,NONE,Garment Full body,184.14,1
Adult,ACTIVE,Regularly,Underwear,343.61,0
Young Adult,ACTIVE,NONE,Nightwear,239.04,1
Elderly,PRE-CREATE,NONE,Garment Upper body,171.06,2
Young Adult,ACTIVE,NONE,Garment Lower body,239.04,1
Young Adult,ACTIVE,Regularly,Garment Upper body,124,3
Young Adult,ACTIVE,NONE,Socks & Tights,134.46,1
Young Adult,ACTIVE,NONE,Garment Full body,226.59,1
Young Adult,ACTIVE,Regularly,Garment Lower body,291.33,3
Adult,ACTIVE,NONE,Garment Upper body,197.21,4
Young Adult,ACTIVE,NONE,Underwear,165.83,1
Young Adult,ACTIVE,NONE,Garment Upper body,82.17,1
Young Adult,LEFT CLUB,NONE,Garment Upper body,239.04,4
Adult,ACTIVE,NONE,Garment Upper body,76.94,4
Young Adult,ACTIVE,NONE,Underwear,134.46,1
Young Adult,ACTIVE,Regularly,Garment Lower body,113.55,3
Young Adult,ACTIVE,Regularly,Garment Upper body,76.94,3
Adult,ACTIVE,NONE,Garment Upper body,858.24,4
Adult,ACTIVE,NONE,Garment Upper body,186.75,4
Young Adult,ACTIVE,Regularly,Garment Upper body,127.56,3
Young Adult,ACTIVE,NONE,Nightwear,186.75,1
Young Adult,ACTIVE,Regularly,Garment Upper body,163.74,3
Young Adult,ACTIVE,Regularly,Garment Upper body,138.64,3
Young Adult,ACTIVE,Regularly,Garment Upper body,134.46,3
Adult,ACTIVE,Regularly,Accessories,113.65,0
Elderly,ACTIVE,NONE,Garment Lower body,406.36,4
Young Adult,ACTIVE,NONE,Garment Upper body,105.18,1
Adult,ACTIVE,NONE,Swimwear,186.75,4
Adult,ACTIVE,Regularly,Underwear,138.64,0
Young Adult,ACTIVE,NONE,Garment Lower body,207.67,1
Young Adult,ACTIVE,NONE,Garment Upper body,163.22,1
Adult,ACTIVE,Regularly,Garment Full body,134.46,0
Young Adult,ACTIVE,NONE,Garment Lower body,74.33,1
Young Adult,ACTIVE,Regularly,Shoes,395.9,3
Adult,ACTIVE,NONE,Shoes,120.13,4
Adult,ACTIVE,Regularly,Garment Upper body,144.92,0
Adult,ACTIVE,Regularly,Swimwear,218.12,0
Young Adult,ACTIVE,Regularly,Garment Upper body,343.61,3
Adult,ACTIVE,NONE,Swimwear,165.83,4
Young Adult,ACTIVE,Regularly,Garment Full body,552.77,3
Young Adult,ACTIVE,NONE,Underwear,86.36,1
Adult,ACTIVE,NONE,Garment Upper body,207.67,4
Young Adult,ACTIVE,NONE,Underwear,165.83,1
Adult,ACTIVE,Regularly,Garment Upper body,531.85,0
Young Adult,ACTIVE,NONE,Garment Lower body,343.61,1
Young Adult,ACTIVE,Regularly,Garment Upper body,140,3
Young Adult,ACTIVE,Regularly,Accessories,134.46,3
Young Adult,ACTIVE,Regularly,Garment Upper body,133.52,3
Elderly,ACTIVE,NONE,Nightwear,134.46,4
Young Adult,ACTIVE,Regularly,Garment Upper body,448.19,3
Young Adult,ACTIVE,NONE,Underwear,89.39,1
Adult,ACTIVE,Regularly,Garment Upper body,71.72,0
Young Adult,ACTIVE,NONE,Garment Full body,176.29,1
Young Adult,ACTIVE,NONE,Garment Upper body,71.72,1
Young Adult,ACTIVE,NONE,Shoes,552.77,1
Adult,ACTIVE,Regularly,Garment Full body,227.95,0
Young Adult,ACTIVE,NONE,Garment Full body,134.46,1
Young Adult,ACTIVE,NONE,Garment Upper body,239.04,1
Young Adult,ACTIVE,NONE,Garment Upper body,186.75,1
Young Adult,ACTIVE,Regularly,Garment Full body,239.04,3
Young Adult,ACTIVE,NONE,Accessories,172.74,1
Adult,ACTIVE,Regularly,Accessories,120.55,0
Young Adult,ACTIVE,Regularly,Garment Lower body,239.04,3
Young Adult,ACTIVE,NONE,Garment Lower body,218.12,1
Young Adult,ACTIVE,NONE,Garment Upper body,164.79,1
Young Adult,ACTIVE,NONE,Garment Upper body,215.51,1
Young Adult,ACTIVE,Regularly,Garment Upper body,186.75,3
Elderly,ACTIVE,Regularly,Garment Upper body,239.04,0
Young Adult,ACTIVE,NONE,Socks & Tights,99.64,1
Adult,ACTIVE,NONE,Garment Lower body,155.38,4
Adult,PRE-CREATE,NONE,Garment Upper body,82.17,2
Elderly,ACTIVE,NONE,Underwear,105.18,4
Adult,ACTIVE,NONE,Garment Upper body,186.75,4
Young Adult,ACTIVE,NONE,Garment Upper body,233.91,1
Young Adult,ACTIVE,Regularly,Garment Full body,276.16,3
Young Adult,ACTIVE,NONE,Garment Upper body,239.04,1
Adult,ACTIVE,Regularly,Garment Lower body,239.04,0
Young Adult,ACTIVE,Regularly,Garment Upper body,186.75,3
Adult,ACTIVE,NONE,Unknown,186.75,4
Adult,ACTIVE,Regularly,Shoes,165.83,0
Elderly,ACTIVE,Regularly,Garment Upper body,531.85,0
Adult,ACTIVE,Regularly,Garment Upper body,160.71,0
Young Adult,ACTIVE,NONE,Shoes,132.27,1
Adult,ACTIVE,NONE,Garment Lower body,239.04,4
Young Adult,ACTIVE,NONE,Underwear,144.92,1
Young Adult,ACTIVE,Regularly,Garment Full body,113.55,3
Teenager,ACTIVE,NONE,Underwear,113.55,0
Adult,ACTIVE,Regularly,Socks & Tights,165.83,0
Elderly,ACTIVE,NONE,Underwear,165.83,4
Adult,ACTIVE,NONE,Swimwear,239.04,4
Young Adult,ACTIVE,NONE,Garment Upper body,186.75,1
Young Adult,ACTIVE,NONE,Garment Upper body,186.75,1
Adult,ACTIVE,Regularly,Accessories,176.29,0
Young Adult,ACTIVE,Regularly,Swimwear,218.12,3
Young Adult,ACTIVE,Regularly,Garment Lower body,186.75,3
Young Adult,ACTIVE,NONE,Garment Upper body,134.46,1
Young Adult,ACTIVE,NONE,Underwear,186.75,1
Adult,ACTIVE,NONE,Garment Lower body,343.61,4
Adult,ACTIVE,Regularly,Garment Lower body,343.61,0
Elderly,ACTIVE,NONE,Garment Upper body,239.04,4
Young Adult,ACTIVE,Regularly,Garment Lower body,180.48,3
Young Adult,ACTIVE,NONE,Underwear,343.61,1
Adult,ACTIVE,Regularly,Garment Lower body,155.38,0
Young Adult,ACTIVE,NONE,Swimwear,343.61,1
Young Adult,ACTIVE,NONE,Garment Upper body,165.83,1
Young Adult,ACTIVE,NONE,Garment Lower body,186.75,1
Young Adult,ACTIVE,NONE,Underwear,130.8,1
Young Adult,ACTIVE,Regularly,Underwear,92.63,3
Young Adult,ACTIVE,NONE,Underwear,218.12,1
Elderly,ACTIVE,Regularly,Garment Full body,249.5,0
Young Adult,ACTIVE,NONE,Swimwear,134.46,1
Adult,ACTIVE,Regularly,Garment Full body,280.87,0
Young Adult,ACTIVE,Regularly,Garment Full body,312.24,3
Adult,ACTIVE,Regularly,Garment Lower body,134.46,0
Young Adult,ACTIVE,Regularly,Garment Upper body,265.18,3
Young Adult,ACTIVE,NONE,Garment Lower body,343.61,1
Adult,ACTIVE,Regularly,Garment Lower body,233.29,0
Elderly,ACTIVE,NONE,Garment Upper body,280.87,4
Adult,ACTIVE,NONE,Unknown,165.83,4
Adult,ACTIVE,Regularly,Accessories,265.18,0
Young Adult,ACTIVE,NONE,Garment Lower body,186.75,1
Young Adult,ACTIVE,NONE,Garment Upper body,181,1
Young Adult,ACTIVE,NONE,Underwear,239.04,1
Adult,ACTIVE,NONE,Garment Lower body,252.11,4
Young Adult,ACTIVE,Regularly,Garment Upper body,113.55,3
Young Adult,ACTIVE,NONE,Garment Lower body,312.24,1
Young Adult,ACTIVE,Regularly,Garment Upper body,186.75,3
Adult,ACTIVE,Regularly,Garment Lower body,239.04,0
Elderly,ACTIVE,NONE,Swimwear,82.17,4
Young Adult,ACTIVE,NONE,Garment Lower body,197.21,1
Young Adult,ACTIVE,Regularly,Garment Lower body,239.04,3
Young Adult,ACTIVE,NONE,Garment Lower body,335.67,1
Young Adult,ACTIVE,NONE,Garment Upper body,143.66,1
Young Adult,ACTIVE,NONE,Garment Full body,291.33,1
Young Adult,ACTIVE,NONE,Garment Lower body,165.83,1
Young Adult,ACTIVE,NONE,Garment Upper body,390.05,1
Young Adult,ACTIVE,NONE,Swimwear,186.75,1
Adult,ACTIVE,Regularly,Garment Full body,291.33,0
Young Adult,ACTIVE,Regularly,Garment Upper body,71.72,3
Young Adult,ACTIVE,Regularly,Garment Full body,395.9,3
Young Adult,ACTIVE,Regularly,Garment Upper body,144.92,3
Young Adult,ACTIVE,Regularly,Garment Upper body,134.46,3
Young Adult,ACTIVE,Regularly,Garment Upper body,239.04,3
Young Adult,ACTIVE,Regularly,Garment Upper body,113.55,3
Adult,ACTIVE,Regularly,Garment Lower body,99.64,0
Adult,ACTIVE,Regularly,Garment Full body,354.07,0
Elderly,ACTIVE,NONE,Garment Upper body,76.94,4
Young Adult,ACTIVE,NONE,Garment Upper body,134.46,1
Adult,ACTIVE,Regularly,Garment Upper body,134.46,0
Young Adult,ACTIVE,NONE,Garment Upper body,165.83,1
Elderly,ACTIVE,NONE,Swimwear,186.75,4
Adult,ACTIVE,NONE,Garment Upper body,500.48,4
Young Adult,ACTIVE,Regularly,Garment Lower body,134.46,3
Young Adult,ACTIVE,NONE,Garment Lower body,249.5,1
Young Adult,ACTIVE,Regularly,Garment Lower body,291.33,3
Young Adult,ACTIVE,NONE,Garment Full body,239.04,1
Young Adult,ACTIVE,NONE,Garment Upper body,343.61,1
Young Adult,ACTIVE,NONE,Garment Upper body,291.33,1
Elderly,ACTIVE,Regularly,Garment Upper body,134.46,0
Young Adult,ACTIVE,NONE,Garment Upper body,186.75,1
Young Adult,ACTIVE,NONE,Garment Upper body,82.17,1
Adult,ACTIVE,Regularly,Swimwear,218.12,0
Adult,ACTIVE,NONE,Garment Lower body,239.04,4
Adult,ACTIVE,Regularly,Accessories,113.55,0
Young Adult,ACTIVE,Regularly,Garment Full body,218.12,3
Adult,ACTIVE,NONE,Garment Upper body,100.68,4
Adult,ACTIVE,NONE,Underwear,291.33,4
Young Adult,ACTIVE,Regularly,Garment Upper body,239.04,3
Adult,ACTIVE,NONE,Garment Upper body,239.04,4
Elderly,ACTIVE,Regularly,Garment Upper body,343.61,0
Young Adult,ACTIVE,NONE,Garment Full body,343.61,1
Young Adult,ACTIVE,NONE,Garment Lower body,291.33,1
Young Adult,ACTIVE,Regularly,Garment Upper body,71.72,3
Adult,ACTIVE,Regularly,Garment Lower body,552.77,0
Young Adult,ACTIVE,NONE,Underwear,134.46,1
Young Adult,ACTIVE,Regularly,Garment Upper body,92.63,3
Young Adult,ACTIVE,NONE,Garment Lower body,165.83,1
Adult,ACTIVE,Regularly,Underwear,92.63,0
Young Adult,ACTIVE,NONE,Garment Lower body,105.18,1
Adult,ACTIVE,NONE,Socks & Tights,61.26,4
Young Adult,ACTIVE,Regularly,Swimwear,79.56,3
Young Adult,ACTIVE,Regularly,Garment Upper body,343.61,3
Young Adult,ACTIVE,NONE,Swimwear,133.73,1
Young Adult,ACTIVE,NONE,Garment Upper body,389.63,1
Adult,ACTIVE,Regularly,Shoes,103.09,0
Young Adult,NO MEMBERSHIP,NONE,Swimwear,186.75,2
Young Adult,ACTIVE,Regularly,Garment Full body,218.12,3
Young Adult,ACTIVE,Regularly,Garment Lower body,207.67,3
Elderly,ACTIVE,Regularly,Garment Full body,552.77,0
Young Adult,ACTIVE,NONE,Underwear,192.4,1
Adult,ACTIVE,Regularly,Garment Upper body,239.04,0
Young Adult,ACTIVE,Regularly,Garment Upper body,56.03,3
Adult,ACTIVE,Regularly,Garment Upper body,105.18,0
Young Adult,ACTIVE,NONE,Garment Lower body,239.04,1
Young Adult,ACTIVE,NONE,Accessories,134.46,1
Adult,ACTIVE,NONE,Garment Upper body,186.75,4
Adult,ACTIVE,NONE,Garment Full body,186.75,4
Young Adult,ACTIVE,NONE,Garment Lower body,124,1
Adult,ACTIVE,NONE,Garment Upper body,186.75,4
Adult,ACTIVE,Regularly,Underwear,103.09,0
Young Adult,PRE-CREATE,NONE,Garment Upper body,343.61,2
Adult,ACTIVE,Regularly,Swimwear,134.46,0
Young Adult,ACTIVE,NONE,Garment Lower body,154.33,1
Young Adult,ACTIVE,NONE,Garment Lower body,239.04,1
Young Adult,ACTIVE,NONE,Garment Lower body,124,1
Young Adult,ACTIVE,NONE,Garment Upper body,186.75,1
Young Adult,ACTIVE,Regularly,Garment Lower body,448.19,3
Elderly,ACTIVE,Regularly,Accessories,62.93,0
Young Adult,ACTIVE,NONE,Garment Lower body,291.33,1
Young Adult,PRE-CREATE,NONE,Garment Upper body,134.46,2
Adult,ACTIVE,NONE,Garment Upper body,61.26,4
Elderly,ACTIVE,NONE,Swimwear,134.46,4
Adult,ACTIVE,Regularly,Garment Upper body,163.95,0
Elderly,ACTIVE,Regularly,Accessories,448.19,0
Young Adult,ACTIVE,NONE,Underwear,101,1
Adult,ACTIVE,Regularly,Underwear,112.4,0
Elderly,ACTIVE,Regularly,Garment Lower body,178.17,0
Elderly,ACTIVE,NONE,Shoes,395.9,4
Adult,ACTIVE,NONE,Underwear,92.63,4
Adult,ACTIVE,NONE,Garment Lower body,239.04,4
Young Adult,ACTIVE,Regularly,Garment Upper body,280.97,3
Young Adult,ACTIVE,NONE,Swimwear,215.51,1
Young Adult,ACTIVE,Regularly,Garment Upper body,113.55,3
Young Adult,ACTIVE,NONE,Swimwear,81.76,1
Young Adult,ACTIVE,NONE,Garment Full body,124,1
Young Adult,ACTIVE,NONE,Swimwear,134.46,1
Adult,ACTIVE,NONE,Underwear,229.84,4
Adult,ACTIVE,Regularly,Underwear,233.29,0
Adult,ACTIVE,NONE,Accessories,134.46,4
Young Adult,ACTIVE,Regularly,Underwear,186.75,3
Elderly,ACTIVE,NONE,Underwear,145.44,4
Young Adult,ACTIVE,Regularly,Garment Lower body,249.5,3
Young Adult,ACTIVE,NONE,Garment Full body,395.9,1
Young Adult,ACTIVE,NONE,Underwear,71.72,1
Young Adult,ACTIVE,NONE,Garment Full body,448.19,1
Young Adult,ACTIVE,Regularly,Garment Upper body,71.72,3
Elderly,ACTIVE,Regularly,Garment Upper body,343.61,0
Young Adult,ACTIVE,NONE,Accessories,110.83,1
Young Adult,ACTIVE,Regularly,Garment Full body,155.48,3
Adult,ACTIVE,NONE,Swimwear,186.75,4
Young Adult,ACTIVE,NONE,Shoes,80.08,1
Young Adult,ACTIVE,NONE,Garment Full body,113.55,1
Young Adult,ACTIVE,Regularly,Swimwear,291.33,3
Young Adult,ACTIVE,Regularly,Garment Upper body,239.04,3
Young Adult,NO MEMBERSHIP,NONE,Garment Upper body,239.04,2
Young Adult,ACTIVE,NONE,Garment Full body,343.61,1
Elderly,ACTIVE,NONE,Garment Upper body,118.88,4
Adult,ACTIVE,Regularly,Accessories,92.63,0
Adult,ACTIVE,NONE,Garment Upper body,82.17,4
Young Adult,ACTIVE,NONE,Garment Upper body,82.17,1
Adult,ACTIVE,Regularly,Garment Full body,291.33,0
Young Adult,ACTIVE,NONE,Garment Upper body,134.46,1
Young Adult,ACTIVE,NONE,Garment Upper body,134.46,1
Young Adult,ACTIVE,Regularly,Garment Upper body,165.83,3
Young Adult,ACTIVE,NONE,Garment Upper body,92.63,1
Young Adult,ACTIVE,Regularly,Garment Upper body,134.46,3
Young Adult,ACTIVE,NONE,Garment Lower body,134.46,1
Young Adult,ACTIVE,NONE,Garment Upper body,134.46,1
Adult,ACTIVE,Regularly,Garment Upper body,448.19,0
Young Adult,ACTIVE,Regularly,Shoes,395.9,3
Young Adult,ACTIVE,Regularly,Accessories,165.83,3
Young Adult,ACTIVE,NONE,Garment Upper body,165.83,1
Young Adult,ACTIVE,Regularly,Swimwear,218.12,3
Young Adult,ACTIVE,NONE,Underwear,113.55,1
Adult,ACTIVE,NONE,Garment Upper body,186.75,4
Adult,ACTIVE,NONE,Garment Upper body,134.46,4
Young Adult,ACTIVE,NONE,Garment Lower body,173.36,1
Adult,ACTIVE,NONE,Garment Upper body,165.83,4
Young Adult,ACTIVE,NONE,Socks & Tights,69.1,1
Young Adult,ACTIVE,Regularly,Garment Upper body,186.75,3
Adult,ACTIVE,Regularly,Garment Full body,90.96,0
Young Adult,ACTIVE,Regularly,Underwear,186.75,3
Adult,ACTIVE,NONE,Garment Lower body,134.46,4
Adult,ACTIVE,NONE,Garment Upper body,113.55,4
Young Adult,ACTIVE,NONE,Garment Full body,212.27,1
Young Adult,ACTIVE,Regularly,Garment Upper body,50.8,3
Elderly,ACTIVE,NONE,Garment Upper body,186.75,4
Young Adult,ACTIVE,NONE,Underwear,82.17,1
Young Adult,ACTIVE,Regularly,Garment Upper body,134.46,3
Adult,ACTIVE,NONE,Garment Full body,291.33,4
Young Adult,ACTIVE,NONE,Accessories,134.46,1
Adult,ACTIVE,NONE,Garment Upper body,274.59,4
Young Adult,ACTIVE,Regularly,Garment Lower body,197.21,3
Young Adult,ACTIVE,NONE,Swimwear,186.75,1
Young Adult,ACTIVE,Regularly,Garment Upper body,474.34,3
Adult,ACTIVE,Regularly,Shoes,218.12,0
Young Adult,ACTIVE,NONE,Garment Full body,343.61,1
Adult,ACTIVE,NONE,Garment Lower body,186.75,4
Young Adult,ACTIVE,NONE,Underwear,61.26,1
Adult,ACTIVE,NONE,Garment Upper body,134.46,4
Adult,ACTIVE,NONE,Garment Upper body,448.19,4
Young Adult,ACTIVE,NONE,Garment Upper body,82.17,1
Elderly,ACTIVE,Regularly,Underwear,92.63,0
Young Adult,ACTIVE,Regularly,Garment Upper body,239.04,3
Young Adult,ACTIVE,NONE,Accessories,103.09,1
Young Adult,ACTIVE,NONE,Garment Lower body,165.83,1
Young Adult,ACTIVE,NONE,Garment Upper body,82.17,1
Adult,ACTIVE,NONE,Garment Full body,155.38,4
Elderly,ACTIVE,Regularly,Garment Upper body,1065.3,0
Adult,ACTIVE,NONE,Underwear,134.46,4
Adult,ACTIVE,Regularly,Underwear,173.16,0
Young Adult,ACTIVE,Regularly,Garment Lower body,127.87,3
Young Adult,ACTIVE,Regularly,Garment Lower body,207.67,3
Young Adult,ACTIVE,Regularly,Garment Upper body,552.77,3
Adult,ACTIVE,NONE,Garment Full body,186.75,4
Elderly,ACTIVE,NONE,Garment Upper body,186.75,4
Adult,ACTIVE,NONE,Nightwear,201.39,4
Young Adult,ACTIVE,NONE,Garment Upper body,113.55,1
Adult,ACTIVE,NONE,Garment Upper body,118.78,4
Adult,ACTIVE,NONE,Garment Upper body,197.21,4
Adult,ACTIVE,Regularly,Garment Upper body,239.04,0
Young Adult,ACTIVE,Regularly,Garment Full body,134.46,3
Young Adult,ACTIVE,NONE,Garment Upper body,186.75,1
Young Adult,ACTIVE,Regularly,Underwear,103.09,3
Young Adult,ACTIVE,NONE,Swimwear,186.75,1
Young Adult,ACTIVE,NONE,Garment Upper body,114.59,1
Adult,ACTIVE,NONE,Underwear,57.08,4
Adult,ACTIVE,Regularly,Garment Full body,218.12,0
Elderly,PRE-CREATE,NONE,Garment Upper body,343.61,2
Young Adult,ACTIVE,NONE,Garment Upper body,134.46,1
Young Adult,ACTIVE,NONE,Garment Lower body,155.38,1
Adult,ACTIVE,Regularly,Swimwear,134.46,0
Elderly,ACTIVE,Regularly,Garment Lower body,343.61,0
Adult,ACTIVE,NONE,Garment Upper body,158.41,4
Young Adult,ACTIVE,Regularly,Garment Full body,291.33,3
Young Adult,ACTIVE,Regularly,Socks & Tights,110.41,3
Young Adult,ACTIVE,Regularly,Swimwear,177.97,3
Young Adult,ACTIVE,NONE,Swimwear,186.75,1
Adult,NO MEMBERSHIP,NONE,Garment Upper body,207.67,2
Young Adult,ACTIVE,NONE,Garment Lower body,186.75,1
Young Adult,ACTIVE,Regularly,Garment Lower body,165.83,3
Adult,ACTIVE,NONE,Garment Full body,291.33,4
Adult,ACTIVE,Regularly,Garment Full body,86.36,0
Young Adult,ACTIVE,NONE,Garment Full body,406.36,1
Adult,ACTIVE,NONE,Garment Full body,239.04,4
Adult,ACTIVE,Regularly,Garment Upper body,124,0
Young Adult,ACTIVE,Regularly,Garment Lower body,343.61,3
Young Adult,ACTIVE,NONE,Garment Upper body,85.1,1
Young Adult,ACTIVE,NONE,Garment Upper body,103.09,1
Young Adult,ACTIVE,Regularly,Garment Full body,265.18,3
Adult,ACTIVE,Regularly,Garment Full body,181.21,0
Young Adult,ACTIVE,NONE,Accessories,78.93,1
Adult,ACTIVE,Regularly,Garment Upper body,134.46,0
Young Adult,ACTIVE,NONE,Garment Upper body,448.19,1
Young Adult,ACTIVE,Regularly,Garment Upper body,97.86,3
Adult,ACTIVE,Regularly,Garment Upper body,291.33,0
Adult,ACTIVE,NONE,Garment Lower body,239.04,4
Adult,ACTIVE,NONE,Underwear,134.46,4
Adult,ACTIVE,Regularly,Garment Upper body,160.61,0
Young Adult,ACTIVE,NONE,Garment Upper body,110.2,1
Elderly,ACTIVE,NONE,Garment Lower body,239.04,4
Young Adult,ACTIVE,NONE,Garment Lower body,291.33,1
Young Adult,ACTIVE,NONE,Garment Lower body,280.87,1
Young Adult,ACTIVE,Regularly,Accessories,82.17,3
Young Adult,ACTIVE,NONE,Garment Lower body,343.61,1
Adult,ACTIVE,NONE,Garment Lower body,152.24,4
Young Adult,ACTIVE,NONE,Garment Lower body,291.33,1
Young Adult,ACTIVE,NONE,Garment Upper body,232.55,1
Young Adult,ACTIVE,NONE,Garment Upper body,134.46,1
Young Adult,ACTIVE,Regularly,Garment Lower body,291.33,3
Young Adult,ACTIVE,Regularly,Garment Upper body,239.04,3
Adult,ACTIVE,Regularly,Garment Lower body,343.61,0
Adult,ACTIVE,Regularly,Garment Upper body,239.04,0
Adult,ACTIVE,NONE,Garment Upper body,113.55,4
Young Adult,ACTIVE,Regularly,Garment Upper body,92.63,3
Young Adult,ACTIVE,NONE,Garment Lower body,218.12,1
Elderly,ACTIVE,Regularly,Garment Upper body,149.31,0
Adult,ACTIVE,Regularly,Garment Upper body,113.55,0
Young Adult,ACTIVE,Regularly,Garment Lower body,293.94,3
Young Adult,ACTIVE,Regularly,Garment Upper body,113.55,3
Young Adult,ACTIVE,Regularly,Underwear,239.04,3
Young Adult,ACTIVE,Regularly,Garment Upper body,129.86,3
Young Adult,ACTIVE,Regularly,Garment Upper body,160.82,3
Elderly,ACTIVE,Regularly,Garment Upper body,113.55,0
Young Adult,ACTIVE,Regularly,Garment Upper body,86.36,3
Young Adult,ACTIVE,NONE,Garment Upper body,395.9,1
Elderly,ACTIVE,NONE,Garment Upper body,186.75,4
Young Adult,ACTIVE,Regularly,Swimwear,103.09,3
Adult,ACTIVE,NONE,Accessories,82.17,4
Adult,ACTIVE,NONE,Garment Upper body,125.05,4
Adult,ACTIVE,Regularly,Garment Lower body,448.19,0
Young Adult,ACTIVE,Regularly,Swimwear,148.27,3
Adult,ACTIVE,NONE,Garment Upper body,113.65,4
Adult,ACTIVE,NONE,Underwear,134.46,4
Elderly,ACTIVE,NONE,Garment Upper body,113.55,4
Adult,ACTIVE,Regularly,Garment Full body,335.56,0
Young Adult,ACTIVE,Regularly,Accessories,131.95,3
Young Adult,ACTIVE,Regularly,Garment Full body,218.12,3
Young Adult,ACTIVE,NONE,Garment Lower body,186.75,1
Adult,ACTIVE,NONE,Garment Full body,291.33,4
Adult,ACTIVE,Regularly,Garment Lower body,186.75,0
Young Adult,ACTIVE,NONE,Garment Upper body,92.63,1
Adult,ACTIVE,Regularly,Garment Lower body,165.83,0
Young Adult,ACTIVE,NONE,Garment Lower body,165.83,1
Young Adult,ACTIVE,Regularly,Garment Lower body,291.33,3
Young Adult,ACTIVE,NONE,Garment Upper body,155.8,1
Young Adult,ACTIVE,Regularly,Accessories,103.09,3
Young Adult,ACTIVE,NONE,Swimwear,134.46,1
Elderly,ACTIVE,NONE,Garment Lower body,134.46,4
Young Adult,ACTIVE,Regularly,Garment Lower body,265.18,3
Young Adult,ACTIVE,Regularly,Garment Upper body,278.25,3
Adult,ACTIVE,Regularly,Garment Full body,113.55,0
Elderly,ACTIVE,Regularly,Garment Upper body,291.33,0
Young Adult,ACTIVE,Regularly,Shoes,165.83,3
Young Adult,ACTIVE,Regularly,Garment Upper body,123.69,3
Elderly,ACTIVE,NONE,Underwear,293,4
Young Adult,ACTIVE,NONE,Garment Lower body,291.33,1
Adult,ACTIVE,Regularly,Garment Lower body,105.18,0
Young Adult,ACTIVE,Regularly,Garment Upper body,103.09,3
Young Adult,ACTIVE,Regularly,Garment Upper body,448.19,3
Young Adult,ACTIVE,Regularly,Garment Upper body,97.13,3
Young Adult,ACTIVE,Regularly,Garment Upper body,239.04,3
Adult,ACTIVE,Regularly,Accessories,155.48,0
Young Adult,ACTIVE,NONE,Underwear,134.46,1
Young Adult,ACTIVE,Regularly,Garment Lower body,67.53,3
Elderly,ACTIVE,Regularly,Garment Upper body,170.23,0
Young Adult,ACTIVE,NONE,Garment Full body,152.24,1
Young Adult,ACTIVE,NONE,Garment Upper body,291.33,1
Adult,ACTIVE,Regularly,Accessories,448.3,0
Young Adult,ACTIVE,Regularly,Garment Upper body,71.72,3
Young Adult,ACTIVE,Regularly,Garment Upper body,239.04,3
Adult,ACTIVE,NONE,Garment Upper body,657.34,4
Adult,ACTIVE,NONE,Garment Upper body,343.61,4
Young Adult,ACTIVE,Regularly,Swimwear,113.55,3
Adult,ACTIVE,Regularly,Garment Upper body,218.12,0
Young Adult,ACTIVE,Regularly,Garment Lower body,291.33,3
Young Adult,ACTIVE,Regularly,Garment Lower body,124,3
Adult,ACTIVE,NONE,Swimwear,134.46,4
Adult,ACTIVE,Regularly,Garment Lower body,197.21,0
Adult,ACTIVE,Regularly,Accessories,40.34,0
Young Adult,PRE-CREATE,NONE,Garment Full body,343.61,2
Young Adult,ACTIVE,NONE,Garment Upper body,291.33,1
Elderly,ACTIVE,Regularly,Swimwear,96.81,0
Young Adult,ACTIVE,NONE,Garment Upper body,233.7,1
Adult,ACTIVE,NONE,Accessories,134.46,4
Young Adult,ACTIVE,Regularly,Accessories,113.55,3
Young Adult,ACTIVE,Regularly,Garment Upper body,230.67,3
Young Adult,ACTIVE,Regularly,Garment Lower body,255.77,3
Adult,ACTIVE,NONE,Underwear,130.49,4
Adult,ACTIVE,NONE,Swimwear,184.24,4
Young Adult,ACTIVE,NONE,Garment Upper body,103.09,1
Young Adult,ACTIVE,NONE,Garment Lower body,406.36,1
Young Adult,ACTIVE,NONE,Garment Lower body,134.46,1
Adult,ACTIVE,Regularly,Garment Upper body,226.7,0
Adult,ACTIVE,NONE,Garment Upper body,113.55,4
Young Adult,ACTIVE,NONE,Accessories,134.46,1
Young Adult,ACTIVE,NONE,Garment Lower body,322.7,1
Young Adult,ACTIVE,Regularly,Garment Lower body,196.27,3
Young Adult,ACTIVE,NONE,Garment Full body,448.19,1
Adult,ACTIVE,Regularly,Garment Lower body,71.72,0
Young Adult,ACTIVE,NONE,Garment Upper body,76.94,1
Adult,ACTIVE,Regularly,Socks & Tights,113.55,0
Young Adult,ACTIVE,Regularly,Accessories,239.04,3
Young Adult,ACTIVE,NONE,Garment Upper body,134.46,1
Young Adult,ACTIVE,NONE,Garment Lower body,171.06,1
Adult,ACTIVE,Regularly,Garment Lower body,134.46,0
Adult,ACTIVE,NONE,Garment Lower body,176.29,4
Adult,ACTIVE,Regularly,Garment Lower body,239.04,0
Adult,ACTIVE,NONE,Swimwear,50.8,4
Adult,ACTIVE,NONE,Garment Full body,134.46,4
Young Adult,ACTIVE,Regularly,Garment Upper body,82.17,3
Young Adult,ACTIVE,NONE,Garment Upper body,61.26,1
Adult,ACTIVE,Regularly,Garment Full body,186.75,0
Young Adult,ACTIVE,NONE,Garment Upper body,343.61,1
Young Adult,ACTIVE,NONE,Garment Upper body,239.04,1
Young Adult,ACTIVE,NONE,Garment Full body,291.33,1
Young Adult,ACTIVE,Regularly,Garment Lower body,218.12,3
Young Adult,ACTIVE,NONE,Garment Lower body,239.04,1
Young Adult,ACTIVE,Regularly,Garment Upper body,291.33,3
Adult,ACTIVE,Regularly,Underwear,186.75,0
Young Adult,ACTIVE,NONE,Garment Full body,343.61,1
Adult,ACTIVE,NONE,Garment Upper body,134.46,4
Young Adult,ACTIVE,Regularly,Garment Upper body,134.46,3
Adult,ACTIVE,Regularly,Garment Upper body,113.55,0
Young Adult,ACTIVE,NONE,Garment Upper body,134.46,1
Young Adult,ACTIVE,NONE,Garment Lower body,343.61,1
Young Adult,ACTIVE,Regularly,Garment Lower body,134.46,3
Adult,ACTIVE,Regularly,Underwear,82.17,0
Young Adult,ACTIVE,NONE,Garment Upper body,343.61,1
Adult,ACTIVE,Regularly,Swimwear,239.04,0
Young Adult,ACTIVE,Regularly,Accessories,61.26,3
Young Adult,ACTIVE,NONE,Garment Upper body,186.85,1
Young Adult,ACTIVE,NONE,Garment Upper body,239.04,1
Young Adult,ACTIVE,NONE,Garment Upper body,427.28,1
Young Adult,ACTIVE,Regularly,Swimwear,218.12,3
Adult,ACTIVE,NONE,Garment Upper body,113.55,4
Adult,ACTIVE,NONE,Swimwear,134.46,4
Young Adult,ACTIVE,NONE,Underwear,218.12,1
Elderly,ACTIVE,NONE,Garment Lower body,124,4
Elderly,PRE-CREATE,NONE,Garment Lower body,165.83,2
Elderly,PRE-CREATE,NONE,Garment Upper body,1065.3,2
Adult,ACTIVE,Regularly,Garment Upper body,186.75,0
Young Adult,ACTIVE,Regularly,Underwear,94.83,3
Adult,ACTIVE,NONE,Garment Upper body,231.4,4
Young Adult,ACTIVE,NONE,Garment Upper body,234.75,1
Adult,ACTIVE,Regularly,Accessories,113.55,0
Adult,PRE-CREATE,NONE,Garment Upper body,343.61,2
Adult,PRE-CREATE,NONE,Garment Upper body,291.33,2
Elderly,ACTIVE,Regularly,Underwear,134.46,0
Adult,ACTIVE,Regularly,Garment Upper body,133.1,0
Young Adult,ACTIVE,NONE,Garment Lower body,113.55,1
Adult,ACTIVE,NONE,Garment Upper body,239.04,4
Elderly,ACTIVE,Regularly,Garment Lower body,92.11,0
Elderly,ACTIVE,Regularly,Accessories,113.55,0
Adult,ACTIVE,NONE,Garment Upper body,71.72,4
Young Adult,ACTIVE,NONE,Garment Full body,291.33,1
Young Adult,ACTIVE,Regularly,Socks & Tights,50.8,3
Young Adult,ACTIVE,Regularly,Shoes,218.12,3
Young Adult,ACTIVE,NONE,Nightwear,186.75,1
Elderly,ACTIVE,Regularly,Garment Lower body,239.04,0
Young Adult,ACTIVE,NONE,Swimwear,183.3,1
Young Adult,ACTIVE,Regularly,Underwear,165.83,3
Adult,PRE-CREATE,NONE,Garment Upper body,552.77,2
Young Adult,ACTIVE,NONE,Underwear,186.75,1
Young Adult,ACTIVE,NONE,Garment Upper body,163.22,1
Elderly,ACTIVE,NONE,Garment Full body,186.75,4
Young Adult,ACTIVE,Regularly,Garment Upper body,82.17,3
Young Adult,ACTIVE,Regularly,Garment Full body,319.25,3
Young Adult,ACTIVE,Regularly,Garment Lower body,134.46,3
Adult,ACTIVE,NONE,Underwear,288.29,4
Adult,ACTIVE,NONE,Garment Lower body,291.33,4
Adult,ACTIVE,Regularly,Underwear,180.48,0
Young Adult,ACTIVE,Regularly,Garment Upper body,63.35,3
Young Adult,ACTIVE,NONE,Shoes,343.61,1
Young Adult,ACTIVE,NONE,Garment Lower body,124,1
Young Adult,ACTIVE,Regularly,Garment Upper body,95.87,3
Adult,ACTIVE,Regularly,Garment Upper body,87.4,0
Young Adult,ACTIVE,Regularly,Accessories,134.46,3
Young Adult,ACTIVE,NONE,Accessories,343.61,1
Young Adult,ACTIVE,Regularly,Garment Full body,186.75,3
Young Adult,ACTIVE,NONE,Garment Upper body,448.19,1
Adult,ACTIVE,NONE,Garment Upper body,118.78,4
Young Adult,ACTIVE,Regularly,Underwear,86.36,3
Adult,ACTIVE,Regularly,Garment Upper body,113.55,0
Young Adult,ACTIVE,NONE,Underwear,152.24,1
Elderly,ACTIVE,Regularly,Garment Lower body,165.83,0
Teenager,ACTIVE,NONE,Garment Upper body,239.04,0
Young Adult,ACTIVE,NONE,Garment Full body,239.04,1
Adult,ACTIVE,NONE,Garment Full body,280.87,4
Young Adult,ACTIVE,Regularly,Garment Full body,395.9,3
Young Adult,ACTIVE,NONE,Accessories,113.55,1
Adult,ACTIVE,Regularly,Garment Full body,239.04,0
Young Adult,ACTIVE,NONE,Garment Upper body,239.04,1
Young Adult,ACTIVE,NONE,Garment Upper body,113.55,1
Young Adult,ACTIVE,NONE,Garment Upper body,186.75,1
Young Adult,ACTIVE,NONE,Garment Lower body,186.75,1
Young Adult,ACTIVE,NONE,Garment Upper body,134.46,1
Young Adult,ACTIVE,Regularly,Underwear,186.75,3
Adult,ACTIVE,Regularly,Underwear,186.75,0
Adult,ACTIVE,Regularly,Garment Upper body,128.71,0
Young Adult,ACTIVE,NONE,Garment Full body,186.75,1
Adult,ACTIVE,Regularly,Garment Full body,343.61,0
Young Adult,ACTIVE,NONE,Garment Upper body,72.45,1
Young Adult,ACTIVE,Regularly,Garment Full body,155.38,3
Young Adult,ACTIVE,NONE,Underwear,186.75,1
Young Adult,ACTIVE,NONE,Shoes,239.04,1
Adult,PRE-CREATE,NONE,Garment Upper body,71.72,2
Young Adult,ACTIVE,Regularly,Garment Upper body,186.75,3
Young Adult,ACTIVE,Regularly,Garment Lower body,147.53,3
Elderly,ACTIVE,Regularly,Garment Upper body,157.57,0
Adult,ACTIVE,Regularly,Socks & Tights,61.26,0
Adult,ACTIVE,Regularly,Garment Upper body,163.22,0
Adult,ACTIVE,Regularly,Garment Full body,92.63,0
Young Adult,ACTIVE,Regularly,Garment Lower body,552.77,3
Adult,ACTIVE,NONE,Garment Full body,165.83,4
Young Adult,ACTIVE,NONE,Socks & Tights,99.64,1
Young Adult,ACTIVE,Regularly,Swimwear,186.75,3
Young Adult,ACTIVE,NONE,Garment Full body,1065.3,1
Young Adult,ACTIVE,NONE,Underwear,214.15,1
Young Adult,ACTIVE,Regularly,Garment Lower body,343.61,3
Adult,ACTIVE,Regularly,Garment Full body,239.04,0
Adult,ACTIVE,Regularly,Garment Upper body,131.95,0
Elderly,ACTIVE,Regularly,Garment Lower body,40.34,0
Adult,ACTIVE,Regularly,Garment Lower body,171.06,0
Adult,ACTIVE,NONE,Garment Full body,291.33,4
Young Adult,ACTIVE,Regularly,Accessories,103.09,3
Young Adult,ACTIVE,NONE,Underwear,113.55,1
Young Adult,ACTIVE,NONE,Garment Lower body,186.75,1
Young Adult,ACTIVE,Regularly,Garment Upper body,239.04,3
Adult,ACTIVE,Regularly,Socks & Tights,49.65,0
Adult,ACTIVE,NONE,Garment Upper body,134.46,4
Young Adult,ACTIVE,NONE,Nightwear,103.09,1
Young Adult,ACTIVE,NONE,Socks & Tights,85.62,1
Adult,ACTIVE,Regularly,Garment Upper body,124,0
Elderly,ACTIVE,NONE,Garment Upper body,134.46,4
Young Adult,ACTIVE,NONE,Garment Upper body,239.04,1
Young Adult,ACTIVE,NONE,Garment Lower body,67.53,1
Adult,ACTIVE,Regularly,Garment Upper body,301.78,0
Young Adult,ACTIVE,NONE,Garment Lower body,239.04,1
Young Adult,ACTIVE,Regularly,Garment Lower body,165.83,3
Young Adult,ACTIVE,Regularly,Garment Upper body,103.09,3
Young Adult,ACTIVE,Regularly,Garment Lower body,239.04,3
Adult,ACTIVE,NONE,Garment Upper body,343.61,4
Young Adult,ACTIVE,NONE,Swimwear,118.78,1
Adult,ACTIVE,NONE,Garment Full body,343.61,4
Adult,ACTIVE,NONE,Shoes,239.04,4
Adult,ACTIVE,Regularly,Garment Lower body,138.64,0
Young Adult,ACTIVE,NONE,Underwear,134.46,1
Adult,ACTIVE,NONE,Socks & Tights,120.55,4
Young Adult,ACTIVE,NONE,Garment Full body,552.77,1
Adult,ACTIVE,NONE,Garment Lower body,186.75,4
Young Adult,ACTIVE,NONE,Garment Full body,186.75,1
Elderly,ACTIVE,NONE,Garment Upper body,113.55,4
Young Adult,ACTIVE,NONE,Garment Upper body,134.46,1
Adult,ACTIVE,Regularly,Underwear,165.83,0
Elderly,ACTIVE,Regularly,Garment Lower body,239.04,0
Young Adult,ACTIVE,NONE,Garment Full body,239.04,1
Adult,ACTIVE,Regularly,Garment Upper body,124,0
Adult,ACTIVE,NONE,Underwear,92.63,4
Young Adult,ACTIVE,Regularly,Underwear,113.55,3
Young Adult,ACTIVE,NONE,Underwear,218.12,1
Adult,ACTIVE,Regularly,Garment Upper body,155.38,0
Young Adult,ACTIVE,Regularly,Garment Lower body,186.75,3
Young Adult,ACTIVE,NONE,Garment Upper body,343.61,1
Adult,ACTIVE,Regularly,Garment Upper body,134.46,0
Young Adult,ACTIVE,Regularly,Underwear,134.46,3
Young Adult,ACTIVE,Regularly,Swimwear,186.75,3
Young Adult,ACTIVE,NONE,Underwear,171.06,1
Young Adult,ACTIVE,NONE,Swimwear,124,1
Young Adult,ACTIVE,NONE,Garment Lower body,124,1
Young Adult,ACTIVE,Regularly,Garment Upper body,124,3
Elderly,ACTIVE,NONE,Garment Upper body,197.21,4
Adult,ACTIVE,NONE,Garment Upper body,82.17,4
Adult,ACTIVE,NONE,Socks & Tights,168.55,4
Young Adult,ACTIVE,NONE,Underwear,291.33,1
Young Adult,ACTIVE,NONE,Accessories,218.12,1
Young Adult,ACTIVE,NONE,Garment Lower body,165.83,1
Adult,ACTIVE,Regularly,Garment Upper body,120.97,0
Adult,ACTIVE,NONE,Garment Upper body,239.04,4
Young Adult,ACTIVE,NONE,Swimwear,218.12,1
Young Adult,ACTIVE,Regularly,Garment Upper body,197.21,3
Young Adult,ACTIVE,NONE,Garment Full body,197.21,1
Elderly,ACTIVE,NONE,Garment Upper body,134.46,4
Elderly,ACTIVE,Regularly,Garment Full body,178.59,0
Adult,ACTIVE,NONE,Swimwear,180.48,4
Young Adult,ACTIVE,NONE,Underwear,124,1
Adult,ACTIVE,Regularly,Garment Upper body,281.6,0
Elderly,ACTIVE,Regularly,Garment Lower body,239.04,0
Young Adult,ACTIVE,Regularly,Shoes,239.04,3
Adult,ACTIVE,NONE,Garment Upper body,218.12,4
Adult,ACTIVE,NONE,Underwear,124,4
Adult,ACTIVE,Regularly,Underwear,239.04,0
Young Adult,ACTIVE,Regularly,Garment Upper body,343.61,3
Young Adult,ACTIVE,Regularly,Garment Lower body,197.31,3
Adult,ACTIVE,Regularly,Underwear,186.75,0
Elderly,ACTIVE,Regularly,Garment Upper body,92.63,0
Adult,ACTIVE,Regularly,Garment Upper body,61.26,0
Young Adult,ACTIVE,NONE,Garment Upper body,186.75,1
Elderly,ACTIVE,Regularly,Garment Full body,103.09,0
Young Adult,ACTIVE,Regularly,Swimwear,186.75,3
Adult,ACTIVE,Regularly,Underwear,186.75,0
Young Adult,ACTIVE,Regularly,Garment Upper body,230.67,3
Young Adult,ACTIVE,NONE,Garment Upper body,113.55,1
Young Adult,ACTIVE,NONE,Garment Lower body,197.21,1
Young Adult,ACTIVE,Regularly,Garment Upper body,92.63,3
Elderly,ACTIVE,Regularly,Garment Upper body,171.06,0
Adult,ACTIVE,NONE,Garment Full body,218.12,4
Young Adult,ACTIVE,NONE,Garment Upper body,239.04,1
Adult,PRE-CREATE,NONE,Garment Lower body,239.04,2
Young Adult,ACTIVE,NONE,Garment Upper body,239.04,1
Young Adult,ACTIVE,NONE,Garment Upper body,134.46,1
Adult,ACTIVE,NONE,Accessories,79.14,4
Elderly,ACTIVE,NONE,Garment Upper body,239.04,4
Young Adult,ACTIVE,Regularly,Garment Lower body,176.29,3
Adult,ACTIVE,NONE,Garment Upper body,186.75,4
Young Adult,ACTIVE,Regularly,Garment Upper body,134.46,3
Young Adult,ACTIVE,NONE,Accessories,95.77,1
Young Adult,ACTIVE,NONE,Accessories,113.55,1
Adult,ACTIVE,Regularly,Swimwear,186.75,0
Adult,ACTIVE,Regularly,Garment Upper body,82.17,0
Young Adult,ACTIVE,Regularly,Swimwear,186.75,3
Young Adult,ACTIVE,NONE,Garment Upper body,280.87,1
Young Adult,ACTIVE,NONE,Garment Upper body,163.22,1
Young Adult,ACTIVE,NONE,Garment Upper body,197.21,1
Young Adult,ACTIVE,NONE,Garment Upper body,197.21,1
Adult,ACTIVE,NONE,Garment Upper body,126.1,4
Elderly,ACTIVE,Regularly,Garment Upper body,134.46,0
Young Adult,ACTIVE,Regularly,Garment Upper body,159.04,3
Young Adult,ACTIVE,Regularly,Nightwear,71.72,3
Adult,ACTIVE,NONE,Socks & Tights,134.46,4
Adult,ACTIVE,Regularly,Garment Full body,239.04,0
Young Adult,ACTIVE,NONE,Underwear,113.55,1
Adult,ACTIVE,Regularly,Garment Upper body,552.77,0
Young Adult,ACTIVE,NONE,Garment Lower body,155.38,1
Adult,ACTIVE,NONE,Swimwear,124,4
Adult,ACTIVE,NONE,Underwear,165.83,4
Young Adult,ACTIVE,NONE,Garment Upper body,199.3,1
Young Adult,ACTIVE,NONE,Garment Lower body,239.04,1
Young Adult,ACTIVE,NONE,Garment Full body,337.34,1
Young Adult,ACTIVE,NONE,Garment Upper body,134.46,1
Adult,ACTIVE,NONE,Underwear,212.27,4
Young Adult,ACTIVE,NONE,Garment Full body,343.61,1
Young Adult,ACTIVE,NONE,Garment Upper body,113.55,1
Adult,ACTIVE,Regularly,Garment Upper body,500.48,0
Adult,ACTIVE,Regularly,Garment Lower body,171.06,0
Young Adult,ACTIVE,Regularly,Garment Upper body,239.04,3
Young Adult,ACTIVE,NONE,Garment Upper body,228.58,1
Elderly,ACTIVE,NONE,Accessories,134.46,4
Adult,PRE-CREATE,NONE,Garment Upper body,197.21,2
Adult,ACTIVE,NONE,Garment Full body,239.04,4
Young Adult,ACTIVE,NONE,Swimwear,134.46,1
Young Adult,ACTIVE,Regularly,Garment Upper body,134.46,3
Young Adult,ACTIVE,NONE,Accessories,83.32,1
Young Adult,ACTIVE,NONE,Accessories,61.26,1
Young Adult,ACTIVE,Regularly,Accessories,82.17,3
Young Adult,ACTIVE,NONE,Swimwear,134.46,1
Adult,ACTIVE,NONE,Garment Upper body,343.61,4
Young Adult,ACTIVE,NONE,Garment Lower body,186.75,1
Adult,ACTIVE,Regularly,Garment Upper body,134.46,0
Young Adult,ACTIVE,NONE,Garment Lower body,291.33,1
Young Adult,ACTIVE,Regularly,Garment Upper body,137.7,3
Young Adult,ACTIVE,Regularly,Underwear,291.33,3
Adult,ACTIVE,NONE,Garment Upper body,239.04,4
Elderly,ACTIVE,Regularly,Garment Full body,186.75,0
Young Adult,ACTIVE,Regularly,Garment Full body,343.61,3
Elderly,ACTIVE,NONE,Garment Upper body,239.04,4
Young Adult,ACTIVE,NONE,Underwear,186.75,1
Young Adult,ACTIVE,Regularly,Garment Lower body,239.04,3
Elderly,ACTIVE,NONE,Garment Full body,197.21,4
Elderly,ACTIVE,Regularly,Underwear,113.65,0
Young Adult,ACTIVE,NONE,Garment Upper body,175.35,1
Young Adult,ACTIVE,Regularly,Swimwear,134.46,3
Young Adult,ACTIVE,NONE,Garment Lower body,343.61,1
Elderly,ACTIVE,NONE,Garment Upper body,448.19,4
Young Adult,ACTIVE,NONE,Accessories,109.89,1
Adult,PRE-CREATE,NONE,Garment Full body,343.61,2
Young Adult,ACTIVE,Regularly,Swimwear,291.33,3
Young Adult,ACTIVE,NONE,Underwear,199.3,1
Young Adult,ACTIVE,Regularly,Garment Upper body,343.61,3
Adult,ACTIVE,NONE,Garment Upper body,186.75,4
Elderly,ACTIVE,Regularly,Underwear,171.06,0
Young Adult,ACTIVE,Regularly,Garment Upper body,134.46,3
Young Adult,ACTIVE,Regularly,Garment Lower body,82.17,3
Young Adult,ACTIVE,NONE,Garment Upper body,322.7,1
Adult,ACTIVE,NONE,Swimwear,152.24,4
Young Adult,ACTIVE,NONE,Underwear,155.38,1
Adult,ACTIVE,NONE,Garment Upper body,105.18,4
Teenager,ACTIVE,NONE,Garment Upper body,134.46,0
Elderly,ACTIVE,Regularly,Garment Full body,218.12,0
Young Adult,ACTIVE,NONE,Nightwear,134.46,1
Young Adult,ACTIVE,Regularly,Garment Upper body,134.46,3
Young Adult,ACTIVE,Regularly,Garment Lower body,239.04,3
Young Adult,ACTIVE,NONE,Underwear,113.55,1
Young Adult,ACTIVE,NONE,Swimwear,124,1
Young Adult,ACTIVE,NONE,Garment Upper body,124,1
Young Adult,ACTIVE,NONE,Underwear,134.46,1
Young Adult,ACTIVE,Regularly,Garment Upper body,165.83,3
Adult,ACTIVE,Regularly,Garment Upper body,171.06,0
Adult,ACTIVE,Regularly,Garment Lower body,186.75,0
Young Adult,ACTIVE,NONE,Garment Upper body,165.83,1
Young Adult,ACTIVE,Regularly,Garment Upper body,239.04,3
Young Adult,ACTIVE,Regularly,Garment Upper body,343.61,3
Young Adult,ACTIVE,NONE,Garment Upper body,82.17,1
Young Adult,ACTIVE,NONE,Garment Full body,218.12,1
Adult,ACTIVE,NONE,Garment Lower body,291.33,4
Adult,ACTIVE,Regularly,Garment Lower body,176.29,0
Young Adult,ACTIVE,NONE,Garment Upper body,83.22,1
Young Adult,ACTIVE,NONE,Garment Full body,239.04,1
Young Adult,ACTIVE,NONE,Garment Upper body,155.38,1
Young Adult,ACTIVE,NONE,Garment Upper body,165.83,1
Young Adult,ACTIVE,Regularly,Accessories,186.75,3
Young Adult,ACTIVE,Regularly,Garment Lower body,239.04,3
Adult,ACTIVE,NONE,Garment Upper body,134.46,4
Young Adult,ACTIVE,NONE,Socks & Tights,64.81,1
Elderly,ACTIVE,Regularly,Garment Upper body,103.09,0
Adult,ACTIVE,Regularly,Garment Lower body,273.86,0
Young Adult,ACTIVE,Regularly,Garment Upper body,113.55,3
Adult,ACTIVE,NONE,Garment Upper body,134.46,4
Young Adult,ACTIVE,Regularly,Garment Lower body,237.16,3
Adult,ACTIVE,Regularly,Garment Upper body,186.75,0
Young Adult,ACTIVE,Regularly,Garment Upper body,186.75,3
Elderly,ACTIVE,NONE,Garment Full body,165.83,4
Young Adult,ACTIVE,NONE,Underwear,108,1
Adult,ACTIVE,Regularly,Garment Upper body,124,0
Young Adult,ACTIVE,Regularly,Garment Lower body,234.96,3
Young Adult,ACTIVE,NONE,Garment Upper body,552.77,1
Young Adult,ACTIVE,Regularly,Garment Full body,218.12,3
Adult,ACTIVE,Regularly,Swimwear,186.75,0
Young Adult,ACTIVE,NONE,Garment Upper body,322.7,1
Young Adult,ACTIVE,NONE,Garment Lower body,186.75,1
Young Adult,ACTIVE,NONE,Garment Upper body,165.83,1
Young Adult,ACTIVE,NONE,Accessories,239.04,1
Elderly,ACTIVE,NONE,Garment Upper body,134.46,4
Elderly,ACTIVE,Regularly,Garment Upper body,186.75,0
Young Adult,ACTIVE,NONE,Garment Lower body,134.46,1
Young Adult,ACTIVE,Regularly,Garment Upper body,61.26,3
Adult,ACTIVE,Regularly,Garment Lower body,291.33,0
Young Adult,ACTIVE,NONE,Garment Lower body,235.27,1
Young Adult,ACTIVE,NONE,Garment Upper body,1065.3,1
Young Adult,ACTIVE,Regularly,Accessories,61.26,3
Young Adult,ACTIVE,Regularly,Accessories,239.04,3
Young Adult,ACTIVE,NONE,Garment Full body,386.07,1
Young Adult,ACTIVE,NONE,Garment Upper body,71.72,1
Elderly,ACTIVE,NONE,Garment Upper body,239.04,4
Young Adult,ACTIVE,NONE,Garment Lower body,239.04,1
Adult,ACTIVE,Regularly,Garment Lower body,92.63,0
Young Adult,ACTIVE,NONE,Underwear,103.09,1
Young Adult,ACTIVE,NONE,Garment Upper body,218.12,1
Young Adult,ACTIVE,Regularly,Underwear,239.04,3
Young Adult,ACTIVE,NONE,Shoes,228.58,1
Young Adult,ACTIVE,Regularly,Garment Full body,159.98,3
Young Adult,ACTIVE,NONE,Garment Upper body,186.75,1
Adult,ACTIVE,Regularly,Garment Lower body,130.28,0
Young Adult,ACTIVE,Regularly,Garment Lower body,291.33,3
Young Adult,ACTIVE,Regularly,Garment Lower body,186.75,3
Young Adult,ACTIVE,Regularly,Swimwear,134.46,3
Young Adult,ACTIVE,Regularly,Swimwear,82.17,3
Young Adult,ACTIVE,NONE,Garment Lower body,239.04,1
Adult,ACTIVE,Regularly,Socks & Tights,113.55,0
Young Adult,ACTIVE,Regularly,Garment Full body,239.04,3
Young Adult,ACTIVE,NONE,Garment Upper body,134.46,1
Young Adult,ACTIVE,Regularly,Garment Lower body,186.75,3
Adult,ACTIVE,NONE,Accessories,113.55,4
Young Adult,ACTIVE,NONE,Socks & Tights,113.55,1
Young Adult,ACTIVE,NONE,Garment Upper body,118.78,1
Elderly,ACTIVE,Regularly,Garment Lower body,144.92,0
Elderly,ACTIVE,NONE,Garment Lower body,134.46,4
Young Adult,ACTIVE,Regularly,Garment Upper body,124,3
Adult,ACTIVE,Regularly,Garment Upper body,186.75,0
Young Adult,ACTIVE,Regularly,Nightwear,124,3
Adult,ACTIVE,NONE,Garment Upper body,186.75,4
Young Adult,ACTIVE,NONE,Garment Upper body,92.63,1
Elderly,ACTIVE,Regularly,Garment Upper body,134.46,0
Adult,ACTIVE,NONE,Nightwear,134.46,4
Young Adult,ACTIVE,Regularly,Garment Upper body,134.46,3
Adult,ACTIVE,Regularly,Garment Upper body,82.17,0
Elderly,ACTIVE,NONE,Garment Upper body,82.17,4
Young Adult,ACTIVE,NONE,Garment Lower body,103.09,1
Adult,ACTIVE,Regularly,Garment Lower body,134.46,0
Young Adult,ACTIVE,NONE,Underwear,113.55,1
Adult,ACTIVE,NONE,Garment Upper body,134.46,4
Young Adult,ACTIVE,NONE,Garment Lower body,526.62,1
Elderly,ACTIVE,Regularly,Garment Upper body,96.81,0
Adult,ACTIVE,NONE,Garment Upper body,91.17,4
Young Adult,ACTIVE,NONE,Nightwear,124,1
Young Adult,ACTIVE,NONE,Garment Upper body,197.21,1
Young Adult,ACTIVE,Regularly,Shoes,291.33,3
Young Adult,ACTIVE,Regularly,Swimwear,82.17,3
Young Adult,ACTIVE,Regularly,Garment Upper body,134.46,3
Adult,ACTIVE,Regularly,Garment Lower body,322.7,0
Young Adult,PRE-CREATE,NONE,Garment Upper body,176.29,2
Adult,ACTIVE,NONE,Garment Full body,239.04,4
Young Adult,ACTIVE,NONE,Garment Upper body,92.63,1
Young Adult,ACTIVE,Regularly,Accessories,183.09,3
Adult,ACTIVE,NONE,Garment Upper body,296.56,4
Young Adult,ACTIVE,NONE,Garment Full body,291.33,1
Young Adult,ACTIVE,Regularly,Garment Full body,239.04,3
Young Adult,ACTIVE,Regularly,Garment Upper body,343.61,3
Young Adult,ACTIVE,Regularly,Garment Full body,367.14,3
Young Adult,ACTIVE,NONE,Garment Upper body,186.75,1
Young Adult,ACTIVE,Regularly,Accessories,104.76,3
Young Adult,ACTIVE,NONE,Garment Lower body,106.44,1
Young Adult,ACTIVE,NONE,Garment Lower body,186.75,1
Young Adult,ACTIVE,NONE,Garment Upper body,291.33,1
Young Adult,ACTIVE,Regularly,Garment Upper body,406.36,3
Young Adult,ACTIVE,Regularly,Garment Upper body,122.12,3
Young Adult,ACTIVE,Regularly,Garment Upper body,239.04,3
Adult,ACTIVE,Regularly,Garment Upper body,128.92,0
Young Adult,ACTIVE,NONE,Underwear,71.72,1
Adult,ACTIVE,Regularly,Garment Upper body,265.18,0
Young Adult,ACTIVE,NONE,Garment Full body,165.83,1
Adult,ACTIVE,Regularly,Garment Upper body,86.15,0
Adult,ACTIVE,Regularly,Garment Upper body,395.9,0
Young Adult,ACTIVE,Regularly,Garment Upper body,134.46,3
Adult,ACTIVE,Regularly,Garment Full body,199.3,0
Elderly,ACTIVE,Regularly,Garment Full body,186.75,0
Young Adult,ACTIVE,Regularly,Garment Upper body,406.36,3
Adult,ACTIVE,NONE,Garment Lower body,134.46,4
Young Adult,ACTIVE,Regularly,Garment Full body,87.4,3
Young Adult,ACTIVE,Regularly,Garment Upper body,395.9,3
Young Adult,ACTIVE,Regularly,Swimwear,186.75,3
Young Adult,ACTIVE,NONE,Swimwear,92.21,1
Adult,ACTIVE,NONE,Garment Upper body,186.75,4
Adult,ACTIVE,Regularly,Garment Upper body,82.17,0
Young Adult,ACTIVE,Regularly,Garment Upper body,282.96,3
Adult,ACTIVE,Regularly,Garment Upper body,343.61,0
Elderly,ACTIVE,NONE,Underwear,165.83,4
Elderly,ACTIVE,Regularly,Garment Lower body,364.53,0
Young Adult,ACTIVE,NONE,Underwear,180.48,1
Young Adult,ACTIVE,NONE,Garment Upper body,62.2,1
Young Adult,ACTIVE,NONE,Shoes,448.19,1
Adult,ACTIVE,NONE,Garment Upper body,277,4
Young Adult,ACTIVE,NONE,Garment Lower body,239.04,1
Young Adult,ACTIVE,NONE,Garment Full body,165.83,1
Young Adult,ACTIVE,Regularly,Garment Upper body,82.17,3
Young Adult,ACTIVE,NONE,Underwear,92.63,1
Young Adult,ACTIVE,NONE,Garment Upper body,134.46,1
Young Adult,ACTIVE,Regularly,Swimwear,207.67,3
Young Adult,ACTIVE,NONE,Nightwear,152.24,1
Adult,ACTIVE,NONE,Socks & Tights,124,4
Young Adult,ACTIVE,NONE,Garment Upper body,113.55,1
Adult,PRE-CREATE,Regularly,Swimwear,343.61,2
Young Adult,ACTIVE,NONE,Garment Lower body,82.17,1
Adult,ACTIVE,NONE,Garment Upper body,270.41,4
Young Adult,ACTIVE,Regularly,Socks & Tights,134.46,3
Adult,ACTIVE,NONE,Accessories,71.72,4
Young Adult,ACTIVE,Regularly,Garment Full body,197.21,3
Adult,ACTIVE,Regularly,Socks & Tights,50.91,0
Young Adult,ACTIVE,NONE,Garment Lower body,343.61,1
Adult,ACTIVE,NONE,Garment Lower body,186.75,4
Adult,ACTIVE,NONE,Garment Lower body,239.04,4
Adult,ACTIVE,NONE,Garment Lower body,113.55,4
Young Adult,ACTIVE,NONE,Garment Upper body,226.7,1
Young Adult,ACTIVE,Regularly,Garment Lower body,284.84,3
Young Adult,ACTIVE,NONE,Garment Upper body,163.12,1
Adult,ACTIVE,NONE,Garment Upper body,105.18,4
Young Adult,ACTIVE,Regularly,Shoes,291.33,3
Adult,ACTIVE,NONE,Garment Lower body,82.17,4
Young Adult,ACTIVE,Regularly,Garment Lower body,239.04,3
Young Adult,ACTIVE,NONE,Garment Lower body,138.64,1
Young Adult,ACTIVE,Regularly,Garment Upper body,134.46,3
Adult,ACTIVE,NONE,Garment Upper body,239.04,4
Young Adult,ACTIVE,NONE,Garment Upper body,92.11,1
Elderly,ACTIVE,Regularly,Garment Full body,239.04,0
Young Adult,ACTIVE,Regularly,Garment Upper body,186.75,3
Young Adult,ACTIVE,NONE,Accessories,63.77,1
Adult,ACTIVE,NONE,Garment Lower body,291.33,4
Young Adult,ACTIVE,Regularly,Garment Full body,239.04,3
Adult,PRE-CREATE,Regularly,Garment Lower body,239.04,2
Young Adult,ACTIVE,Regularly,Underwear,124,3
Young Adult,ACTIVE,NONE,Garment Full body,389.21,1
Adult,ACTIVE,NONE,Accessories,92.63,4
Young Adult,ACTIVE,NONE,Garment Lower body,234.86,1
Adult,ACTIVE,Regularly,Garment Full body,2111.06,0
Young Adult,ACTIVE,NONE,Garment Lower body,118.78,1
Young Adult,ACTIVE,Regularly,Garment Lower body,239.04,3
Adult,ACTIVE,Regularly,Garment Upper body,76.94,0
Elderly,ACTIVE,NONE,Garment Upper body,152.66,4
Young Adult,ACTIVE,Regularly,Garment Upper body,218.12,3
Young Adult,ACTIVE,Regularly,Garment Upper body,280.87,3
Adult,ACTIVE,NONE,Shoes,165.83,4
Elderly,ACTIVE,Regularly,Garment Upper body,155.38,0
Young Adult,ACTIVE,NONE,Garment Full body,176.71,1
Young Adult,ACTIVE,Regularly,Garment Full body,280.87,3
Young Adult,ACTIVE,NONE,Underwear,186.75,1
Adult,ACTIVE,Regularly,Garment Full body,186.75,0
Adult,ACTIVE,NONE,Garment Upper body,315.07,4
Elderly,ACTIVE,Regularly,Garment Upper body,239.04,0
Young Adult,ACTIVE,NONE,Swimwear,218.12,1
Young Adult,ACTIVE,Regularly,Garment Upper body,82.17,3
Adult,ACTIVE,Regularly,Garment Lower body,134.46,0
Elderly,ACTIVE,Regularly,Underwear,138.64,0
Young Adult,ACTIVE,Regularly,Garment Lower body,239.04,3
Young Adult,ACTIVE,Regularly,Accessories,82.17,3
Young Adult,ACTIVE,NONE,Garment Full body,285.99,1
Young Adult,ACTIVE,Regularly,Nightwear,165.83,3
Young Adult,ACTIVE,NONE,Accessories,113.55,1
Young Adult,ACTIVE,NONE,Garment Full body,354.07,1
Adult,ACTIVE,Regularly,Garment Upper body,186.75,0
Young Adult,ACTIVE,NONE,Garment Full body,239.04,1
Adult,ACTIVE,Regularly,Nightwear,239.04,0
Adult,ACTIVE,NONE,Swimwear,186.75,4
Adult,ACTIVE,Regularly,Garment Upper body,186.75,0
Young Adult,ACTIVE,Regularly,Garment Upper body,291.33,3
Young Adult,ACTIVE,NONE,Garment Upper body,134.46,1
Adult,ACTIVE,NONE,Garment Lower body,134.46,4
Young Adult,ACTIVE,Regularly,Garment Full body,124,3
Young Adult,ACTIVE,NONE,Garment Upper body,395.9,1
Adult,ACTIVE,Regularly,Garment Upper body,134.46,0
Young Adult,ACTIVE,Regularly,Garment Upper body,71.72,3
Young Adult,ACTIVE,NONE,Garment Lower body,134.46,1
Adult,ACTIVE,Regularly,Underwear,114.59,0
Young Adult,ACTIVE,NONE,Garment Upper body,134.46,1
Adult,ACTIVE,NONE,Garment Upper body,61.26,4
Young Adult,ACTIVE,NONE,Garment Lower body,265.18,1
Adult,ACTIVE,NONE,Underwear,124,4
Young Adult,ACTIVE,Regularly,Garment Lower body,134.46,3
Adult,ACTIVE,Regularly,Garment Full body,197.21,0
Elderly,ACTIVE,NONE,Garment Upper body,594.6,4
Adult,ACTIVE,NONE,Garment Upper body,61.26,4
Adult,ACTIVE,NONE,Garment Full body,278.57,4
Adult,ACTIVE,Regularly,Garment Lower body,186.75,0
Young Adult,ACTIVE,NONE,Underwear,186.75,1
Young Adult,ACTIVE,Regularly,Accessories,218.12,3
Young Adult,ACTIVE,NONE,Garment Upper body,121.91,1
Adult,ACTIVE,Regularly,Garment Upper body,239.04,0
Young Adult,ACTIVE,Regularly,Garment Upper body,343.61,3
Young Adult,ACTIVE,NONE,Garment Lower body,124,1
Young Adult,ACTIVE,Regularly,Garment Full body,385.45,3
Elderly,ACTIVE,NONE,Garment Upper body,165.83,4
Young Adult,ACTIVE,NONE,Garment Upper body,657.34,1
Young Adult,ACTIVE,NONE,Garment Lower body,291.33,1
Teenager,ACTIVE,NONE,Underwear,134.46,0
Elderly,ACTIVE,Regularly,Accessories,165.83,0
Adult,ACTIVE,NONE,Garment Lower body,197.21,4
Adult,ACTIVE,Regularly,Garment Upper body,144.92,0
Adult,ACTIVE,Regularly,Garment Upper body,239.04,0
Adult,ACTIVE,Regularly,Garment Upper body,291.33,0
Young Adult,ACTIVE,NONE,Swimwear,82.17,1
Young Adult,ACTIVE,NONE,Garment Upper body,291.33,1
Young Adult,ACTIVE,Regularly,Shoes,239.04,3
Adult,ACTIVE,Regularly,Garment Upper body,134.46,0
Elderly,ACTIVE,NONE,Garment Upper body,138.75,4
Young Adult,ACTIVE,Regularly,Garment Upper body,448.19,3
Adult,ACTIVE,NONE,Accessories,186.75,4
Elderly,PRE-CREATE,Regularly,Garment Upper body,448.19,2
Young Adult,ACTIVE,NONE,Garment Upper body,71.72,1
Adult,ACTIVE,NONE,Garment Lower body,71.72,4
Young Adult,ACTIVE,NONE,Swimwear,218.12,1
Young Adult,ACTIVE,NONE,Garment Upper body,134.46,1
Young Adult,ACTIVE,NONE,Garment Upper body,218.12,1
Elderly,ACTIVE,Regularly,Garment Lower body,291.33,0
Elderly,ACTIVE,Regularly,Garment Upper body,239.04,0
Young Adult,ACTIVE,NONE,Garment Full body,296.56,1
Young Adult,ACTIVE,NONE,Garment Lower body,291.33,1
Young Adult,ACTIVE,NONE,Garment Lower body,186.75,1
Adult,ACTIVE,NONE,Garment Upper body,552.77,4
Elderly,ACTIVE,Regularly,Garment Full body,155.38,0
Young Adult,ACTIVE,Regularly,Garment Upper body,172.84,3
Adult,ACTIVE,NONE,Underwear,134.46,4
Young Adult,ACTIVE,NONE,Swimwear,134.46,1
Adult,ACTIVE,Regularly,Underwear,186.75,0
Young Adult,ACTIVE,Regularly,Accessories,103.09,3
Young Adult,ACTIVE,NONE,Underwear,186.75,1
Adult,ACTIVE,NONE,Swimwear,186.75,4
Young Adult,ACTIVE,NONE,Underwear,218.12,1
Adult,ACTIVE,NONE,Garment Lower body,218.23,4
Young Adult,ACTIVE,Regularly,Accessories,71.72,3
Young Adult,ACTIVE,NONE,Underwear,265.18,1
Young Adult,ACTIVE,NONE,Garment Upper body,147.53,1
Adult,ACTIVE,NONE,Garment Upper body,134.46,4
Elderly,ACTIVE,Regularly,Garment Lower body,239.04,0
Elderly,ACTIVE,Regularly,Garment Full body,186.75,0
Young Adult,ACTIVE,Regularly,Garment Upper body,161.86,3
Young Adult,ACTIVE,NONE,Garment Full body,440.45,1
Young Adult,ACTIVE,Regularly,Garment Lower body,124,3
Young Adult,ACTIVE,NONE,Swimwear,186.75,1
Young Adult,ACTIVE,Regularly,Swimwear,186.75,3
Young Adult,ACTIVE,NONE,Swimwear,74.33,1
Young Adult,ACTIVE,Regularly,Garment Upper body,186.75,3
Young Adult,ACTIVE,Regularly,Garment Full body,186.75,3
Adult,ACTIVE,Regularly,Garment Full body,155.38,0
Young Adult,ACTIVE,Regularly,Garment Upper body,1065.3,3
Young Adult,ACTIVE,Regularly,Swimwear,164.58,3
Teenager,ACTIVE,NONE,Accessories,239.04,0
Adult,PRE-CREATE,NONE,Swimwear,186.75,2
Young Adult,ACTIVE,Regularly,Garment Upper body,113.55,3
Young Adult,ACTIVE,Regularly,Garment Lower body,239.04,3
Young Adult,ACTIVE,NONE,Garment Full body,265.18,1
Young Adult,ACTIVE,NONE,Garment Upper body,186.75,1
Young Adult,ACTIVE,NONE,Swimwear,165.83,1
Young Adult,ACTIVE,NONE,Garment Lower body,448.19,1
Adult,ACTIVE,Regularly,Garment Upper body,113.65,0
Young Adult,ACTIVE,Regularly,Underwear,199.3,3
Elderly,ACTIVE,NONE,Underwear,165.83,4
Young Adult,ACTIVE,Regularly,Garment Upper body,186.75,3
Young Adult,ACTIVE,NONE,Garment Lower body,85.83,1
Adult,ACTIVE,Regularly,Garment Lower body,239.04,0
Young Adult,ACTIVE,Regularly,Garment Upper body,186.75,3
Adult,ACTIVE,NONE,Garment Lower body,173.47,4
Young Adult,ACTIVE,Regularly,Garment Upper body,165.83,3
Young Adult,ACTIVE,Regularly,Swimwear,80.08,3
Young Adult,ACTIVE,NONE,Garment Upper body,448.19,1
Young Adult,ACTIVE,Regularly,Nightwear,267.9,3
Adult,ACTIVE,Regularly,Underwear,126.93,0
Elderly,ACTIVE,NONE,Swimwear,186.75,4
Young Adult,ACTIVE,Regularly,Garment Full body,138.64,3
Young Adult,ACTIVE,Regularly,Swimwear,134.46,3
Young Adult,ACTIVE,NONE,Garment Lower body,448.19,1
Adult,ACTIVE,Regularly,Garment Lower body,218.12,0
Young Adult,ACTIVE,Regularly,Garment Lower body,252.11,3
Young Adult,ACTIVE,Regularly,Garment Upper body,177.97,3
Young Adult,ACTIVE,Regularly,Garment Upper body,92.63,3
Young Adult,ACTIVE,Regularly,Garment Full body,270.41,3
Young Adult,ACTIVE,NONE,Garment Lower body,291.33,1
Adult,ACTIVE,Regularly,Garment Lower body,197.21,0
Young Adult,ACTIVE,NONE,Accessories,239.04,1
Adult,ACTIVE,Regularly,Swimwear,395.9,0
Adult,ACTIVE,Regularly,Garment Upper body,82.17,0
Young Adult,ACTIVE,NONE,Garment Upper body,761.92,1
Young Adult,ACTIVE,Regularly,Accessories,113.55,3
Elderly,ACTIVE,Regularly,Garment Full body,103.09,0
Adult,ACTIVE,NONE,Garment Upper body,186.75,4
Elderly,ACTIVE,NONE,Garment Lower body,239.04,4
Young Adult,ACTIVE,Regularly,Garment Full body,343.61,3
Young Adult,ACTIVE,Regularly,Garment Upper body,186.75,3
Adult,ACTIVE,NONE,Underwear,113.55,4
Young Adult,ACTIVE,Regularly,Garment Full body,113.55,3
Young Adult,ACTIVE,Regularly,Garment Upper body,165.83,3
Young Adult,ACTIVE,NONE,Underwear,90.23,1
Adult,ACTIVE,Regularly,Garment Upper body,312.24,0
Young Adult,ACTIVE,NONE,Garment Upper body,186.75,1
Young Adult,ACTIVE,NONE,Shoes,448.19,1
Adult,ACTIVE,Regularly,Garment Lower body,218.12,0
Adult,ACTIVE,Regularly,Garment Full body,134.46,0
Adult,ACTIVE,Regularly,Garment Lower body,343.61,0
Young Adult,ACTIVE,Regularly,Garment Lower body,218.12,3
Adult,ACTIVE,NONE,Garment Full body,265.18,4
Young Adult,ACTIVE,NONE,Garment Upper body,134.46,1
Adult,ACTIVE,NONE,Nightwear,163.22,4
Young Adult,ACTIVE,NONE,Garment Upper body,152.55,1
Young Adult,ACTIVE,Regularly,Garment Upper body,165.83,3
Adult,ACTIVE,Regularly,Garment Upper body,191.98,0
Young Adult,ACTIVE,NONE,Garment Upper body,134.46,1
Young Adult,ACTIVE,NONE,Garment Full body,239.04,1
Adult,ACTIVE,Regularly,Garment Lower body,144.92,0
Young Adult,ACTIVE,NONE,Garment Upper body,291.33,1
Young Adult,ACTIVE,NONE,Garment Upper body,186.75,1
Young Adult,ACTIVE,Regularly,Garment Lower body,343.61,3
Young Adult,ACTIVE,NONE,Garment Lower body,134.46,1
Adult,ACTIVE,Regularly,Garment Full body,343.61,0
Young Adult,ACTIVE,Regularly,Underwear,67.53,3
Young Adult,ACTIVE,NONE,Shoes,327.93,1
Young Adult,ACTIVE,Regularly,Garment Lower body,156.84,3
Young Adult,ACTIVE,Regularly,Garment Upper body,113.55,3
Young Adult,ACTIVE,NONE,Garment Lower body,134.46,1
Young Adult,ACTIVE,Regularly,Garment Lower body,343.61,3
Young Adult,ACTIVE,NONE,Garment Upper body,76.94,1
Young Adult,ACTIVE,Regularly,Swimwear,134.46,3
Young Adult,ACTIVE,NONE,Garment Lower body,280.87,1
Adult,ACTIVE,NONE,Garment Lower body,239.04,4
Young Adult,ACTIVE,NONE,Garment Full body,197.21,1
Young Adult,ACTIVE,NONE,Swimwear,155.38,1
Elderly,ACTIVE,NONE,Garment Upper body,239.04,4
Young Adult,ACTIVE,NONE,Garment Upper body,134.46,1
Adult,ACTIVE,NONE,Garment Lower body,291.33,4
Adult,ACTIVE,Regularly,Underwear,96.81,0
Young Adult,ACTIVE,NONE,Accessories,197.21,1
Young Adult,ACTIVE,NONE,Garment Upper body,56.03,1
Adult,ACTIVE,Regularly,Garment Lower body,197.21,0
Young Adult,ACTIVE,NONE,Garment Lower body,186.75,1
Adult,ACTIVE,NONE,Garment Lower body,79.56,4
Young Adult,ACTIVE,Regularly,Garment Upper body,207.67,3
Young Adult,ACTIVE,Regularly,Garment Lower body,291.33,3
Adult,ACTIVE,NONE,Accessories,71.72,4
Young Adult,ACTIVE,NONE,Underwear,40.45,1
Young Adult,ACTIVE,Regularly,Garment Full body,197.21,3
Young Adult,ACTIVE,Regularly,Garment Full body,184.34,3
Elderly,ACTIVE,Regularly,Garment Upper body,113.55,0
Elderly,ACTIVE,NONE,Garment Lower body,218.12,4
Adult,ACTIVE,NONE,Garment Lower body,165.83,4
Adult,ACTIVE,NONE,Garment Lower body,186.75,4
Young Adult,ACTIVE,NONE,Garment Lower body,134.46,1
Adult,ACTIVE,Regularly,Socks & Tights,113.55,0
Elderly,ACTIVE,Regularly,Garment Upper body,178.91,0
Young Adult,ACTIVE,Regularly,Garment Upper body,82.17,3
Young Adult,ACTIVE,Regularly,Garment Full body,197.21,3
Adult,ACTIVE,Regularly,Garment Upper body,134.46,0
Young Adult,ACTIVE,NONE,Swimwear,121.39,1
Adult,ACTIVE,Regularly,Garment Upper body,186.75,0
Young Adult,ACTIVE,NONE,Garment Upper body,109.99,1
Adult,ACTIVE,NONE,Garment Upper body,165.83,4
Young Adult,ACTIVE,Regularly,Garment Upper body,109.68,3
Adult,ACTIVE,NONE,Swimwear,134.46,4
Young Adult,ACTIVE,Regularly,Garment Lower body,165.83,3
Young Adult,ACTIVE,Regularly,Garment Upper body,322.7,3
Adult,ACTIVE,Regularly,Garment Upper body,186.75,0
Young Adult,ACTIVE,NONE,Garment Lower body,258.07,1
Adult,ACTIVE,NONE,Garment Upper body,92.63,4
Young Adult,ACTIVE,Regularly,Garment Upper body,134.46,3
Adult,ACTIVE,NONE,Garment Lower body,113.55,4
Adult,ACTIVE,NONE,Garment Upper body,343.61,4
Adult,ACTIVE,NONE,Garment Lower body,186.75,4
Young Adult,ACTIVE,NONE,Garment Full body,291.33,1
Young Adult,ACTIVE,Regularly,Garment Upper body,291.33,3
Young Adult,ACTIVE,NONE,Garment Lower body,291.33,1
Adult,ACTIVE,Regularly,Garment Lower body,134.46,0
Adult,ACTIVE,NONE,Garment Lower body,239.04,4
Adult,ACTIVE,Regularly,Garment Full body,395.9,0
Adult,ACTIVE,Regularly,Garment Upper body,165.83,0
Young Adult,ACTIVE,Regularly,Garment Upper body,71.72,3
Young Adult,ACTIVE,Regularly,Garment Upper body,124,3
Young Adult,ACTIVE,NONE,Garment Upper body,239.04,1
Young Adult,ACTIVE,NONE,Garment Upper body,155.38,1
Adult,ACTIVE,Regularly,Garment Upper body,103.09,0
Young Adult,ACTIVE,Regularly,Swimwear,134.46,3
Young Adult,NO MEMBERSHIP,NONE,Garment Full body,395.9,2
Young Adult,ACTIVE,Regularly,Garment Full body,218.12,3
Elderly,ACTIVE,NONE,Garment Lower body,134.46,4
Young Adult,PRE-CREATE,NONE,Garment Upper body,134.46,2
Adult,ACTIVE,NONE,Garment Lower body,165.83,4
Elderly,ACTIVE,Regularly,Garment Full body,239.04,0
Adult,ACTIVE,NONE,Swimwear,163.74,4
Young Adult,ACTIVE,NONE,Swimwear,165.83,1
Young Adult,ACTIVE,Regularly,Garment Upper body,124,3
Elderly,ACTIVE,NONE,Garment Upper body,134.46,4
Young Adult,ACTIVE,NONE,Garment Lower body,343.61,1
Young Adult,ACTIVE,NONE,Garment Lower body,134.46,1
Adult,ACTIVE,Regularly,Garment Upper body,82.17,0
Adult,ACTIVE,Regularly,Swimwear,134.46,0
Adult,ACTIVE,NONE,Garment Upper body,71.72,4
Young Adult,ACTIVE,NONE,Underwear,181.52,1
Young Adult,ACTIVE,NONE,Garment Lower body,280.87,1
Young Adult,ACTIVE,Regularly,Garment Upper body,165.83,3
Adult,ACTIVE,NONE,Garment Lower body,218.12,4
Young Adult,ACTIVE,NONE,Accessories,113.55,1
Elderly,ACTIVE,Regularly,Garment Upper body,165.83,0
Adult,ACTIVE,NONE,Garment Upper body,343.61,4
Young Adult,ACTIVE,NONE,Underwear,134.46,1
Young Adult,ACTIVE,NONE,Accessories,291.33,1
Adult,ACTIVE,NONE,Garment Upper body,333.58,4
Young Adult,ACTIVE,Regularly,Garment Upper body,291.33,3
Young Adult,ACTIVE,NONE,Garment Lower body,552.77,1
Young Adult,ACTIVE,NONE,Garment Full body,113.55,1
Young Adult,ACTIVE,NONE,Underwear,186.75,1
Elderly,ACTIVE,NONE,Garment Upper body,134.46,4
Elderly,ACTIVE,Regularly,Garment Lower body,239.04,0
Adult,ACTIVE,Regularly,Garment Full body,50.8,0
Adult,ACTIVE,Regularly,Garment Lower body,448.19,0
Adult,ACTIVE,Regularly,Garment Upper body,155.38,0
Young Adult,ACTIVE,Regularly,Shoes,1065.3,3
Adult,ACTIVE,NONE,Socks & Tights,59.17,4
Young Adult,ACTIVE,NONE,Garment Upper body,165.83,1
Young Adult,ACTIVE,NONE,Swimwear,186.75,1
Young Adult,ACTIVE,Regularly,Accessories,134.46,3
Adult,ACTIVE,Regularly,Garment Upper body,101.94,0
Elderly,ACTIVE,Regularly,Garment Upper body,291.33,0
Young Adult,ACTIVE,Regularly,Garment Full body,533.73,3
Young Adult,ACTIVE,NONE,Garment Upper body,186.85,1
Adult,PRE-CREATE,NONE,Underwear,218.12,2
Young Adult,ACTIVE,NONE,Garment Upper body,113.55,1
Elderly,ACTIVE,Regularly,Garment Lower body,134.46,0
Young Adult,ACTIVE,Regularly,Garment Upper body,239.04,3
Young Adult,ACTIVE,NONE,Garment Upper body,113.55,1
Young Adult,ACTIVE,NONE,Garment Upper body,82.17,1
Young Adult,ACTIVE,Regularly,Underwear,343.61,3
Young Adult,ACTIVE,NONE,Garment Upper body,343.61,1
Elderly,ACTIVE,NONE,Garment Lower body,239.04,4
Adult,ACTIVE,Regularly,Garment Lower body,144.92,0
Young Adult,ACTIVE,NONE,Socks & Tights,117.94,1
Adult,ACTIVE,Regularly,Underwear,92.63,0
Young Adult,ACTIVE,NONE,Garment Lower body,339.85,1
Adult,ACTIVE,Regularly,Garment Lower body,239.04,0
Young Adult,ACTIVE,Regularly,Accessories,113.55,3
Adult,ACTIVE,Regularly,Garment Upper body,239.04,0
Young Adult,ACTIVE,Regularly,Garment Upper body,113.55,3
Adult,ACTIVE,Regularly,Garment Upper body,82.17,0
Young Adult,ACTIVE,Regularly,Garment Upper body,113.55,3
Adult,ACTIVE,NONE,Garment Lower body,552.77,4
Young Adult,ACTIVE,NONE,Garment Upper body,239.04,1
Young Adult,ACTIVE,NONE,Garment Lower body,291.33,1
Adult,ACTIVE,Regularly,Garment Upper body,92.63,0
Adult,ACTIVE,NONE,Garment Full body,124,4
Young Adult,ACTIVE,Regularly,Garment Upper body,71.72,3
Young Adult,ACTIVE,NONE,Garment Lower body,176.29,1
Adult,ACTIVE,NONE,Garment Upper body,113.55,4
Young Adult,ACTIVE,Regularly,Garment Lower body,225.13,3
Young Adult,ACTIVE,NONE,Swimwear,117.73,1
Adult,ACTIVE,NONE,Accessories,56.97,4
Young Adult,ACTIVE,NONE,Garment Upper body,82.17,1
Adult,ACTIVE,NONE,Garment Full body,176.29,4
Elderly,ACTIVE,NONE,Garment Lower body,552.77,4
Young Adult,ACTIVE,Regularly,Accessories,113.55,3
Adult,ACTIVE,NONE,Garment Lower body,176.29,4
Adult,ACTIVE,Regularly,Garment Upper body,239.04,0
Adult,ACTIVE,NONE,Garment Lower body,207.67,4
Adult,ACTIVE,NONE,Garment Full body,395.9,4
Adult,ACTIVE,Regularly,Garment Upper body,134.46,0
Young Adult,ACTIVE,NONE,Garment Upper body,92.63,1
Young Adult,ACTIVE,NONE,Garment Upper body,343.61,1
Elderly,ACTIVE,NONE,Nightwear,113.55,4
Adult,ACTIVE,Regularly,Garment Lower body,197.21,0
Young Adult,PRE-CREATE,NONE,Shoes,186.75,2
Young Adult,ACTIVE,NONE,Garment Upper body,406.36,1
Elderly,ACTIVE,NONE,Garment Upper body,364.53,4
Young Adult,ACTIVE,NONE,Garment Upper body,89.39,1
Elderly,ACTIVE,Regularly,Garment Full body,270.41,0
Young Adult,ACTIVE,NONE,Garment Lower body,239.04,1
Young Adult,ACTIVE,NONE,Accessories,113.55,1
Young Adult,ACTIVE,Regularly,Garment Lower body,149,3
Adult,ACTIVE,NONE,Shoes,197.21,4
Young Adult,ACTIVE,NONE,Garment Upper body,448.19,1
Adult,ACTIVE,NONE,Garment Upper body,103.09,4
Young Adult,ACTIVE,Regularly,Garment Upper body,88.13,3
Young Adult,ACTIVE,Regularly,Underwear,124,3
Young Adult,ACTIVE,NONE,Garment Upper body,82.17,1
Young Adult,ACTIVE,Regularly,Garment Lower body,239.04,3
Young Adult,ACTIVE,Regularly,Nightwear,186.85,3
Elderly,ACTIVE,Regularly,Garment Lower body,343.61,0
Adult,ACTIVE,Regularly,Underwear,113.55,0
Young Adult,ACTIVE,Regularly,Garment Upper body,134.46,3
Young Adult,ACTIVE,NONE,Garment Upper body,82.17,1
Elderly,ACTIVE,Regularly,Garment Upper body,239.04,0
Young Adult,ACTIVE,Regularly,Garment Upper body,80.19,3
Young Adult,ACTIVE,NONE,Underwear,186.75,1
Young Adult,ACTIVE,NONE,Garment Lower body,291.33,1
Adult,ACTIVE,NONE,Garment Upper body,239.04,4
Young Adult,ACTIVE,Regularly,Swimwear,134.46,3
Adult,ACTIVE,Regularly,Garment Lower body,220.01,0
Young Adult,ACTIVE,NONE,Garment Lower body,239.04,1
Young Adult,ACTIVE,NONE,Garment Full body,448.19,1
Adult,ACTIVE,NONE,Accessories,227.64,4
Young Adult,ACTIVE,NONE,Garment Lower body,197.21,1
Young Adult,ACTIVE,Regularly,Garment Full body,500.48,3
Adult,ACTIVE,NONE,Garment Lower body,218.12,4
Young Adult,ACTIVE,NONE,Garment Upper body,163.22,1
Adult,ACTIVE,Regularly,Garment Upper body,134.46,0
Young Adult,ACTIVE,NONE,Shoes,259.95,1
Young Adult,ACTIVE,Regularly,Shoes,165.83,3
Adult,ACTIVE,NONE,Garment Full body,343.61,4
Young Adult,ACTIVE,Regularly,Garment Full body,164.37,3
Young Adult,ACTIVE,Regularly,Garment Upper body,186.75,3
Adult,ACTIVE,Regularly,Garment Upper body,92.63,0
Elderly,ACTIVE,NONE,Garment Full body,245.94,4
Elderly,ACTIVE,NONE,Garment Upper body,113.55,4
Young Adult,ACTIVE,Regularly,Garment Upper body,192.19,3
Young Adult,ACTIVE,NONE,Garment Upper body,343.61,1
Young Adult,ACTIVE,NONE,Garment Upper body,124,1
Adult,ACTIVE,NONE,Underwear,213,4
Young Adult,PRE-CREATE,NONE,Accessories,113.55,2
Young Adult,ACTIVE,NONE,Accessories,105.18,1
Adult,ACTIVE,Regularly,Garment Upper body,134.46,0
Adult,ACTIVE,Regularly,Garment Upper body,92.63,0
Young Adult,ACTIVE,NONE,Swimwear,124,1
Adult,ACTIVE,NONE,Garment Upper body,239.04,4
Young Adult,ACTIVE,NONE,Underwear,152.24,1
Adult,ACTIVE,Regularly,Garment Full body,176.29,0
Young Adult,ACTIVE,NONE,Garment Lower body,291.33,1
Young Adult,ACTIVE,NONE,Garment Lower body,552.77,1
Young Adult,ACTIVE,NONE,Garment Upper body,291.33,1
Young Adult,ACTIVE,NONE,Garment Lower body,176.4,1
Young Adult,ACTIVE,NONE,Garment Lower body,239.04,1
Adult,ACTIVE,NONE,Underwear,176.29,4
Young Adult,ACTIVE,NONE,Garment Full body,552.77,1
Young Adult,ACTIVE,NONE,Garment Upper body,134.46,1
Elderly,PRE-CREATE,NONE,Swimwear,186.75,2
Young Adult,ACTIVE,NONE,Garment Lower body,124,1
Adult,ACTIVE,Regularly,Garment Upper body,343.61,0
Adult,ACTIVE,NONE,Garment Upper body,291.33,4
Adult,ACTIVE,Regularly,Garment Lower body,239.04,0
Adult,ACTIVE,NONE,Garment Upper body,218.12,4
Adult,ACTIVE,Regularly,Swimwear,92.63,0
Elderly,ACTIVE,Regularly,Garment Upper body,291.33,0
Adult,ACTIVE,NONE,Garment Upper body,291.33,4
Young Adult,ACTIVE,Regularly,Garment Lower body,333.05,3
Young Adult,ACTIVE,NONE,Garment Upper body,103.09,1
Young Adult,ACTIVE,NONE,Garment Upper body,218.12,1
Young Adult,ACTIVE,NONE,Garment Lower body,239.04,1
Young Adult,ACTIVE,NONE,Garment Full body,339.22,1
Young Adult,ACTIVE,NONE,Garment Lower body,218.12,1
Elderly,ACTIVE,Regularly,Garment Full body,866.5,0
Adult,ACTIVE,NONE,Garment Lower body,124,4
Adult,ACTIVE,Regularly,Garment Full body,395.9,0
Adult,ACTIVE,Regularly,Swimwear,113.55,0
Young Adult,ACTIVE,NONE,Underwear,134.46,1
Young Adult,ACTIVE,Regularly,Garment Upper body,134.46,3
Young Adult,NO MEMBERSHIP,NONE,Garment Upper body,186.75,2
Adult,ACTIVE,Regularly,Garment Upper body,113.55,0
Young Adult,ACTIVE,NONE,Garment Full body,134.46,1
Young Adult,ACTIVE,Regularly,Garment Lower body,134.46,3
Young Adult,ACTIVE,NONE,Garment Lower body,92.63,1
Young Adult,ACTIVE,Regularly,Garment Upper body,103.09,3
Young Adult,ACTIVE,NONE,Garment Upper body,134.46,1
Young Adult,ACTIVE,NONE,Garment Upper body,265.18,1
Adult,ACTIVE,Regularly,Garment Upper body,657.34,0
Young Adult,ACTIVE,Regularly,Garment Lower body,265.18,3
Young Adult,ACTIVE,NONE,Garment Upper body,124,1
Young Adult,ACTIVE,NONE,Garment Upper body,97.96,1
Young Adult,ACTIVE,Regularly,Garment Upper body,186.75,3
Adult,ACTIVE,Regularly,Garment Upper body,113.55,0
Adult,ACTIVE,Regularly,Garment Upper body,232.55,0
Young Adult,ACTIVE,Regularly,Accessories,56.03,3
Adult,ACTIVE,Regularly,Garment Upper body,97.34,0
Adult,ACTIVE,NONE,Garment Upper body,134.46,4
Young Adult,ACTIVE,Regularly,Underwear,144.71,3
Young Adult,ACTIVE,NONE,Underwear,134.46,1
Adult,PRE-CREATE,NONE,Underwear,395.9,2
Young Adult,ACTIVE,NONE,Garment Lower body,176.29,1
Young Adult,ACTIVE,NONE,Accessories,88.45,1
Young Adult,ACTIVE,Regularly,Garment Upper body,239.04,3
Adult,ACTIVE,NONE,Underwear,103.09,4
Young Adult,ACTIVE,Regularly,Underwear,134.46,3
Young Adult,ACTIVE,Regularly,Garment Upper body,180.68,3
Adult,ACTIVE,Regularly,Swimwear,155.38,0
Young Adult,ACTIVE,Regularly,Garment Lower body,165.83,3
Young Adult,ACTIVE,Regularly,Accessories,293.42,3
Young Adult,ACTIVE,Regularly,Garment Upper body,280.87,3
Young Adult,ACTIVE,NONE,Garment Full body,218.12,1
Young Adult,ACTIVE,Regularly,Garment Upper body,216.14,3
Adult,ACTIVE,NONE,Garment Lower body,239.04,4
Young Adult,ACTIVE,NONE,Swimwear,218.12,1
Young Adult,ACTIVE,NONE,Garment Lower body,90.33,1
Young Adult,ACTIVE,Regularly,Garment Full body,594.6,3
Adult,ACTIVE,NONE,Underwear,239.04,4
Young Adult,ACTIVE,NONE,Underwear,186.75,1
Young Adult,ACTIVE,NONE,Underwear,124,1
Young Adult,ACTIVE,NONE,Garment Upper body,197.21,1
Adult,ACTIVE,NONE,Garment Lower body,118.78,4
Adult,ACTIVE,Regularly,Underwear,134.46,0
Young Adult,ACTIVE,NONE,Garment Upper body,134.46,1
Young Adult,ACTIVE,NONE,Accessories,61.26,1
Young Adult,ACTIVE,Regularly,Garment Lower body,80.08,3
Young Adult,ACTIVE,NONE,Garment Upper body,165.83,1
Young Adult,ACTIVE,NONE,Garment Lower body,218.12,1
Young Adult,ACTIVE,NONE,Garment Upper body,82.17,1
Young Adult,ACTIVE,NONE,Garment Upper body,643.75,1
Adult,ACTIVE,NONE,Garment Lower body,265.18,4
Adult,ACTIVE,NONE,Garment Full body,171.06,4
Young Adult,ACTIVE,NONE,Garment Full body,280.87,1
Adult,ACTIVE,NONE,Garment Lower body,112.81,4
Adult,ACTIVE,NONE,Swimwear,129.97,4
Young Adult,ACTIVE,NONE,Swimwear,343.61,1
Young Adult,ACTIVE,Regularly,Garment Upper body,122.44,3
Adult,ACTIVE,NONE,Garment Full body,218.12,4
Young Adult,ACTIVE,NONE,Garment Lower body,218.12,1
Young Adult,ACTIVE,NONE,Garment Upper body,134.46,1
Young Adult,ACTIVE,NONE,Accessories,218.12,1
Young Adult,ACTIVE,NONE,Garment Upper body,657.34,1
Young Adult,ACTIVE,NONE,Garment Upper body,186.75,1
Adult,ACTIVE,Regularly,Nightwear,165.83,0
Young Adult,ACTIVE,NONE,Swimwear,239.04,1
Young Adult,ACTIVE,Regularly,Swimwear,124.11,3
Young Adult,ACTIVE,Regularly,Garment Lower body,124,3
Adult,ACTIVE,Regularly,Garment Lower body,134.46,0
Young Adult,ACTIVE,NONE,Garment Upper body,92.63,1
Adult,ACTIVE,Regularly,Accessories,134.46,0
Young Adult,ACTIVE,Regularly,Garment Lower body,165.83,3
Young Adult,ACTIVE,Regularly,Garment Upper body,343.61,3
Adult,ACTIVE,Regularly,Garment Upper body,124,0
Elderly,ACTIVE,NONE,Garment Upper body,113.55,4
Young Adult,ACTIVE,NONE,Garment Upper body,291.33,1
Elderly,ACTIVE,NONE,Nightwear,343.61,4
Young Adult,ACTIVE,NONE,Garment Lower body,239.04,1
Young Adult,ACTIVE,NONE,Garment Upper body,625.97,1
Young Adult,ACTIVE,NONE,Accessories,171.06,1
Young Adult,ACTIVE,Regularly,Underwear,92.63,3
Adult,ACTIVE,NONE,Garment Upper body,134.46,4
Young Adult,ACTIVE,NONE,Garment Lower body,134.46,1
Young Adult,ACTIVE,Regularly,Garment Upper body,112.29,3
Elderly,ACTIVE,NONE,Swimwear,218.12,4
Young Adult,ACTIVE,Regularly,Garment Upper body,82.17,3
Adult,ACTIVE,NONE,Garment Lower body,448.19,4
Young Adult,ACTIVE,NONE,Garment Lower body,176.29,1
Young Adult,ACTIVE,Regularly,Garment Upper body,130.49,3
Young Adult,ACTIVE,Regularly,Garment Upper body,134.46,3
Young Adult,ACTIVE,NONE,Underwear,134.46,1
Adult,ACTIVE,Regularly,Accessories,113.55,0
Adult,ACTIVE,NONE,Underwear,215.82,4
Adult,ACTIVE,Regularly,Garment Lower body,92.63,0
Young Adult,ACTIVE,NONE,Shoes,165.83,1
Young Adult,ACTIVE,Regularly,Garment Upper body,165.83,3
Young Adult,ACTIVE,Regularly,Garment Upper body,82.17,3
Adult,ACTIVE,Regularly,Garment Upper body,252.11,0
Young Adult,ACTIVE,Regularly,Garment Upper body,188.11,3
Adult,ACTIVE,Regularly,Garment Upper body,130.07,0
Young Adult,ACTIVE,Regularly,Garment Upper body,207.67,3
Young Adult,ACTIVE,NONE,Garment Upper body,165.83,1
Young Adult,ACTIVE,NONE,Garment Full body,165.83,1
Young Adult,ACTIVE,Regularly,Garment Upper body,96.92,3
Young Adult,ACTIVE,NONE,Swimwear,343.61,1
Young Adult,ACTIVE,NONE,Garment Full body,263.82,1
Adult,ACTIVE,NONE,Swimwear,134.46,4
Adult,ACTIVE,Regularly,Underwear,184.87,0
Young Adult,ACTIVE,NONE,Nightwear,124,1
Young Adult,ACTIVE,NONE,Garment Upper body,124,1
Adult,ACTIVE,NONE,Socks & Tights,50.8,4
Elderly,ACTIVE,NONE,Socks & Tights,165.83,4
Young Adult,ACTIVE,NONE,Garment Upper body,125.78,1
Young Adult,ACTIVE,NONE,Garment Upper body,103.09,1
Elderly,ACTIVE,Regularly,Garment Upper body,134.46,0
Young Adult,ACTIVE,NONE,Socks & Tights,88.34,1
Teenager,ACTIVE,Regularly,Garment Full body,124,0
Young Adult,ACTIVE,NONE,Garment Upper body,218.12,1
Young Adult,ACTIVE,Regularly,Garment Upper body,71.72,3
Young Adult,ACTIVE,NONE,Accessories,117.83,1
Young Adult,ACTIVE,Regularly,Accessories,103.09,3
Young Adult,ACTIVE,Regularly,Swimwear,134.46,3
Young Adult,ACTIVE,NONE,Garment Upper body,124,1
Young Adult,ACTIVE,NONE,Garment Upper body,134.46,1
Young Adult,ACTIVE,NONE,Garment Upper body,395.9,1
Young Adult,ACTIVE,NONE,Garment Lower body,239.04,1
Young Adult,ACTIVE,Regularly,Garment Full body,343.61,3
Young Adult,ACTIVE,NONE,Garment Lower body,186.75,1
Young Adult,ACTIVE,Regularly,Garment Lower body,186.75,3
Adult,ACTIVE,NONE,Garment Lower body,181.63,4
Elderly,ACTIVE,Regularly,Garment Upper body,186.75,0
Young Adult,ACTIVE,Regularly,Accessories,113.55,3
Young Adult,ACTIVE,NONE,Accessories,113.55,1
Young Adult,ACTIVE,Regularly,Garment Full body,291.33,3
Elderly,ACTIVE,Regularly,Socks & Tights,82.17,0
Adult,ACTIVE,NONE,Accessories,82.17,4
Adult,ACTIVE,NONE,Shoes,228.58,4
Young Adult,ACTIVE,NONE,Garment Upper body,197.21,1
Adult,ACTIVE,NONE,Garment Lower body,159.46,4
Young Adult,ACTIVE,NONE,Garment Full body,322.7,1
Young Adult,ACTIVE,NONE,Garment Full body,122.12,1
Young Adult,ACTIVE,Regularly,Swimwear,71.72,3
Young Adult,ACTIVE,NONE,Garment Upper body,343.61,1
Adult,ACTIVE,Regularly,Swimwear,239.04,0
Young Adult,ACTIVE,Regularly,Garment Upper body,218.12,3
Young Adult,ACTIVE,Regularly,Garment Upper body,134.46,3
Young Adult,ACTIVE,NONE,Garment Lower body,103.09,1
Adult,ACTIVE,NONE,Garment Lower body,124,4
Young Adult,ACTIVE,NONE,Swimwear,125.78,1
Adult,ACTIVE,Regularly,Garment Upper body,134.46,0
Young Adult,ACTIVE,NONE,Garment Upper body,113.55,1
Young Adult,ACTIVE,Regularly,Garment Upper body,50.8,3
Adult,ACTIVE,NONE,Garment Upper body,291.33,4
Teenager,ACTIVE,NONE,Garment Lower body,291.33,0
Adult,ACTIVE,Regularly,Swimwear,186.75,0
Young Adult,ACTIVE,Regularly,Accessories,134.46,3
Adult,ACTIVE,Regularly,Garment Lower body,225.13,0
Young Adult,ACTIVE,Regularly,Garment Upper body,61.26,3
Young Adult,ACTIVE,NONE,Garment Upper body,552.77,1
Teenager,ACTIVE,NONE,Garment Full body,239.04,0
Young Adult,ACTIVE,Regularly,Underwear,155.38,3
Adult,ACTIVE,NONE,Underwear,343.61,4
Young Adult,ACTIVE,Regularly,Garment Upper body,134.46,3
Adult,ACTIVE,NONE,Garment Upper body,134.46,4
Young Adult,ACTIVE,Regularly,Garment Lower body,291.33,3
Adult,ACTIVE,Regularly,Garment Lower body,239.04,0
Young Adult,ACTIVE,Regularly,Garment Upper body,103.09,3
Adult,ACTIVE,NONE,Garment Lower body,165.83,4
Elderly,ACTIVE,Regularly,Garment Full body,155.38,0
Adult,ACTIVE,Regularly,Underwear,165.83,0
Adult,ACTIVE,Regularly,Garment Upper body,80.08,0
Young Adult,ACTIVE,NONE,Swimwear,199.3,1
Young Adult,ACTIVE,Regularly,Underwear,113.55,3
Young Adult,ACTIVE,Regularly,Garment Lower body,134.46,3
Adult,ACTIVE,NONE,Underwear,239.04,4
Adult,ACTIVE,NONE,Garment Upper body,615.51,4
Young Adult,ACTIVE,NONE,Garment Upper body,165.83,1
Young Adult,ACTIVE,NONE,Garment Full body,395.9,1
Young Adult,ACTIVE,Regularly,Garment Full body,207.67,3
Young Adult,ACTIVE,NONE,Garment Upper body,79.45,1
Adult,ACTIVE,Regularly,Underwear,165.83,0
Adult,ACTIVE,NONE,Garment Lower body,234.44,4
Young Adult,ACTIVE,NONE,Garment Upper body,58.23,1
Young Adult,ACTIVE,Regularly,Swimwear,186.75,3
Young Adult,ACTIVE,Regularly,Garment Upper body,343.61,3
Young Adult,ACTIVE,Regularly,Garment Lower body,395.9,3
Young Adult,ACTIVE,Regularly,Garment Upper body,768.82,3
Adult,ACTIVE,NONE,Garment Full body,186.75,4
Adult,ACTIVE,Regularly,Garment Lower body,448.19,0
Adult,ACTIVE,Regularly,Underwear,134.46,0
Elderly,ACTIVE,Regularly,Garment Upper body,1379.03,0
Adult,ACTIVE,NONE,Garment Upper body,114.8,4
Adult,ACTIVE,Regularly,Socks & Tights,113.55,0
Young Adult,ACTIVE,NONE,Swimwear,186.75,1
Young Adult,ACTIVE,NONE,Garment Upper body,134.46,1
Adult,ACTIVE,NONE,Garment Upper body,189.89,4
Elderly,ACTIVE,NONE,Garment Lower body,197.21,4
Young Adult,ACTIVE,NONE,Garment Upper body,134.46,1
Young Adult,ACTIVE,NONE,Garment Lower body,343.61,1
Young Adult,ACTIVE,NONE,Garment Full body,165.83,1
Young Adult,ACTIVE,NONE,Swimwear,165.83,1
Adult,ACTIVE,Regularly,Garment Upper body,55.82,0
Adult,ACTIVE,Regularly,Garment Lower body,280.87,0
Young Adult,ACTIVE,Regularly,Underwear,186.75,3
Young Adult,ACTIVE,Regularly,Swimwear,343.61,3
Young Adult,ACTIVE,Regularly,Swimwear,134.46,3
Adult,ACTIVE,NONE,Garment Upper body,134.46,4
Adult,ACTIVE,NONE,Garment Upper body,186.75,4
Young Adult,ACTIVE,NONE,Garment Full body,186.75,1
Adult,ACTIVE,Regularly,Swimwear,165.83,0
Adult,ACTIVE,Regularly,Swimwear,144.92,0
Adult,ACTIVE,NONE,Garment Full body,552.77,4
Adult,ACTIVE,Regularly,Accessories,186.75,0
Adult,ACTIVE,NONE,Swimwear,70.98,4
Adult,ACTIVE,NONE,Garment Upper body,79.14,4
Adult,ACTIVE,Regularly,Garment Upper body,239.04,0
Adult,ACTIVE,Regularly,Garment Upper body,82.17,0
Young Adult,ACTIVE,NONE,Garment Upper body,291.33,1
Young Adult,ACTIVE,NONE,Accessories,197.21,1
Young Adult,ACTIVE,NONE,Garment Upper body,134.46,1
Young Adult,ACTIVE,NONE,Garment Upper body,343.61,1
Young Adult,ACTIVE,NONE,Garment Lower body,131.43,1
Adult,ACTIVE,NONE,Garment Lower body,252.11,4
Adult,ACTIVE,NONE,Nightwear,165.83,4
Young Adult,ACTIVE,NONE,Garment Lower body,343.61,1
Young Adult,ACTIVE,Regularly,Garment Upper body,134.46,3
Adult,ACTIVE,NONE,Garment Lower body,165.83,4
Young Adult,PRE-CREATE,NONE,Garment Upper body,239.04,2
Young Adult,ACTIVE,NONE,Garment Lower body,395.9,1
Adult,ACTIVE,NONE,Accessories,50.8,4
Young Adult,ACTIVE,Regularly,Garment Full body,239.04,3
Young Adult,ACTIVE,NONE,Garment Lower body,218.12,1
Adult,ACTIVE,Regularly,Garment Upper body,253.99,0
Adult,ACTIVE,Regularly,Garment Upper body,186.75,0
Young Adult,ACTIVE,NONE,Garment Full body,119.82,1
Adult,ACTIVE,NONE,Underwear,134.46,4
Adult,ACTIVE,NONE,Garment Lower body,171.06,4
Elderly,ACTIVE,Regularly,Garment Lower body,156.74,0
Young Adult,ACTIVE,Regularly,Garment Upper body,652.12,3
Adult,ACTIVE,NONE,Garment Upper body,343.61,4
Young Adult,ACTIVE,NONE,Underwear,239.04,1
Young Adult,ACTIVE,Regularly,Garment Full body,239.04,3
Young Adult,ACTIVE,NONE,Garment Full body,239.04,1
Young Adult,ACTIVE,NONE,Garment Upper body,291.33,1
Young Adult,ACTIVE,NONE,Garment Upper body,186.75,1
Adult,ACTIVE,Regularly,Garment Lower body,92.63,0
Young Adult,ACTIVE,Regularly,Garment Upper body,395.9,3
Young Adult,ACTIVE,Regularly,Garment Upper body,50.8,3
Young Adult,ACTIVE,Regularly,Socks & Tights,50.17,3
Young Adult,ACTIVE,Regularly,Garment Lower body,130.28,3
Young Adult,ACTIVE,NONE,Garment Upper body,237.68,1
Young Adult,ACTIVE,Regularly,Accessories,71.72,3
Young Adult,ACTIVE,Regularly,Garment Lower body,205.26,3
Young Adult,ACTIVE,NONE,Garment Full body,197.21,1
Adult,ACTIVE,NONE,Garment Upper body,77.99,4
Young Adult,ACTIVE,NONE,Socks & Tights,47.66,1
Adult,ACTIVE,Regularly,Garment Upper body,92.63,0
Young Adult,ACTIVE,NONE,Garment Upper body,448.19,1
Young Adult,ACTIVE,NONE,Garment Lower body,134.46,1
Young Adult,ACTIVE,NONE,Garment Upper body,291.33,1
Adult,ACTIVE,NONE,Swimwear,186.75,4
Young Adult,ACTIVE,NONE,Garment Lower body,291.33,1
Elderly,ACTIVE,Regularly,Garment Lower body,343.61,0
Adult,ACTIVE,NONE,Garment Upper body,82.17,4
Young Adult,ACTIVE,NONE,Garment Upper body,186.75,1
Young Adult,ACTIVE,NONE,Underwear,134.46,1
Adult,ACTIVE,NONE,Garment Lower body,239.04,4
Young Adult,ACTIVE,NONE,Garment Lower body,448.19,1
Young Adult,ACTIVE,Regularly,Garment Upper body,48.81,3
Adult,ACTIVE,Regularly,Garment Full body,150.04,0
Adult,ACTIVE,NONE,Garment Upper body,125.05,4
Adult,ACTIVE,NONE,Garment Upper body,448.19,4
Young Adult,ACTIVE,Regularly,Garment Upper body,239.04,3
Young Adult,ACTIVE,NONE,Underwear,77.89,1
Young Adult,ACTIVE,NONE,Underwear,155.38,1
Adult,ACTIVE,NONE,Garment Upper body,92.63,4
Adult,ACTIVE,Regularly,Garment Upper body,291.33,0
Young Adult,ACTIVE,Regularly,Garment Upper body,113.55,3
Elderly,ACTIVE,NONE,Underwear,103.09,4
Elderly,ACTIVE,Regularly,Garment Full body,239.04,0
Adult,ACTIVE,NONE,Garment Upper body,113.55,4
Adult,ACTIVE,NONE,Underwear,113.55,4
Adult,ACTIVE,NONE,Garment Lower body,239.04,4
Adult,ACTIVE,Regularly,Underwear,92.63,0
Elderly,ACTIVE,NONE,Socks & Tights,100.58,4
Young Adult,PRE-CREATE,NONE,Garment Upper body,343.61,2
Young Adult,ACTIVE,NONE,Swimwear,186.75,1
Young Adult,ACTIVE,Regularly,Garment Lower body,239.04,3
Adult,ACTIVE,NONE,Garment Upper body,125.15,4
Young Adult,ACTIVE,Regularly,Accessories,134.46,3
Adult,ACTIVE,Regularly,Garment Upper body,71.72,0
Young Adult,ACTIVE,Regularly,Garment Upper body,113.55,3
Adult,ACTIVE,NONE,Garment Upper body,118.78,4
Young Adult,ACTIVE,NONE,Garment Upper body,218.12,1
Young Adult,ACTIVE,NONE,Accessories,152.24,1
Adult,ACTIVE,NONE,Garment Lower body,427.38,4
Adult,ACTIVE,NONE,Garment Upper body,103.09,4
Young Adult,ACTIVE,NONE,Garment Lower body,239.04,1
Young Adult,ACTIVE,NONE,Garment Upper body,124,1
Young Adult,ACTIVE,NONE,Underwear,134.46,1
Adult,ACTIVE,Regularly,Swimwear,159.35,0
Adult,ACTIVE,NONE,Shoes,395.9,4
Young Adult,ACTIVE,Regularly,Garment Upper body,103.09,3
Young Adult,ACTIVE,Regularly,Garment Lower body,165.83,3
Young Adult,ACTIVE,NONE,Garment Upper body,186.75,1
Elderly,ACTIVE,NONE,Garment Lower body,165.83,4
Teenager,ACTIVE,Regularly,Underwear,113.55,0
Adult,ACTIVE,NONE,Garment Lower body,82.28,4
Young Adult,ACTIVE,Regularly,Garment Lower body,207.67,3
Young Adult,ACTIVE,NONE,Garment Lower body,218.12,1
Adult,ACTIVE,NONE,Garment Lower body,155.38,4
Young Adult,ACTIVE,Regularly,Garment Upper body,92.63,3
Young Adult,ACTIVE,NONE,Garment Lower body,239.04,1
Adult,ACTIVE,Regularly,Garment Upper body,71.72,0
Young Adult,ACTIVE,NONE,Swimwear,165.83,1
Young Adult,ACTIVE,Regularly,Underwear,71.72,3
Young Adult,ACTIVE,NONE,Garment Upper body,239.04,1
Adult,ACTIVE,Regularly,Garment Upper body,227.12,0
Adult,ACTIVE,Regularly,Underwear,218.12,0
Adult,ACTIVE,Regularly,Garment Upper body,134.46,0
Young Adult,ACTIVE,Regularly,Garment Upper body,134.46,3
Adult,ACTIVE,NONE,Garment Lower body,186.75,4
Adult,ACTIVE,Regularly,Garment Upper body,239.04,0
Adult,ACTIVE,NONE,Garment Lower body,343.61,4
Young Adult,ACTIVE,NONE,Underwear,186.75,1
Adult,ACTIVE,Regularly,Garment Lower body,552.77,0
Young Adult,ACTIVE,NONE,Garment Full body,134.46,1
Young Adult,ACTIVE,Regularly,Garment Upper body,186.75,3
Young Adult,ACTIVE,NONE,Garment Upper body,657.34,1
Adult,ACTIVE,Regularly,Underwear,134.46,0
Young Adult,ACTIVE,Regularly,Garment Lower body,291.33,3
Young Adult,ACTIVE,NONE,Garment Upper body,252.11,1
Young Adult,ACTIVE,NONE,Garment Full body,343.61,1
Adult,ACTIVE,NONE,Nightwear,113.55,4
Elderly,ACTIVE,Regularly,Garment Lower body,92.63,0
Adult,ACTIVE,NONE,Garment Full body,186.75,4
Young Adult,ACTIVE,Regularly,Garment Lower body,92.63,3
Young Adult,PRE-CREATE,NONE,Garment Upper body,103.09,2
Adult,ACTIVE,Regularly,Swimwear,186.75,0
Young Adult,ACTIVE,Regularly,Swimwear,82.17,3
Young Adult,ACTIVE,Regularly,Garment Upper body,113.55,3
Adult,ACTIVE,Regularly,Garment Upper body,156.21,0
Adult,ACTIVE,Regularly,Underwear,218.12,0
Adult,ACTIVE,Regularly,Garment Full body,186.75,0
Young Adult,ACTIVE,NONE,Garment Upper body,239.04,1
Adult,ACTIVE,Regularly,Shoes,113.02,0
Adult,ACTIVE,Regularly,Garment Upper body,312.24,0
Adult,ACTIVE,NONE,Garment Upper body,110.1,4
Young Adult,ACTIVE,Regularly,Garment Lower body,134.46,3
Young Adult,ACTIVE,Regularly,Garment Lower body,186.75,3
Adult,ACTIVE,NONE,Underwear,186.75,4
Young Adult,ACTIVE,Regularly,Garment Lower body,343.61,3
Teenager,ACTIVE,Regularly,Garment Lower body,322.7,0
Young Adult,ACTIVE,NONE,Garment Lower body,61.26,1
Young Adult,ACTIVE,NONE,Garment Full body,265.18,1
Young Adult,ACTIVE,NONE,Garment Lower body,291.33,1
Young Adult,ACTIVE,Regularly,Garment Upper body,291.33,3
Young Adult,ACTIVE,NONE,Garment Full body,441.92,1
Young Adult,ACTIVE,NONE,Garment Upper body,118.78,1
Young Adult,ACTIVE,Regularly,Garment Upper body,124,3
Young Adult,ACTIVE,NONE,Shoes,165.83,1
Young Adult,ACTIVE,Regularly,Garment Upper body,82.17,3
Young Adult,ACTIVE,NONE,Garment Upper body,239.04,1
Adult,ACTIVE,NONE,Garment Upper body,74.85,4
Young Adult,ACTIVE,NONE,Swimwear,186.75,1
Young Adult,ACTIVE,Regularly,Underwear,134.46,3
Young Adult,ACTIVE,NONE,Underwear,165.83,1
Young Adult,ACTIVE,Regularly,Swimwear,395.9,3
Adult,ACTIVE,NONE,Garment Upper body,59.27,4
Young Adult,ACTIVE,NONE,Garment Lower body,364.53,1
Young Adult,ACTIVE,NONE,Garment Upper body,103.09,1
Elderly,ACTIVE,NONE,Garment Upper body,343.61,4
Young Adult,ACTIVE,Regularly,Garment Upper body,171.06,3
Adult,ACTIVE,Regularly,Garment Upper body,239.04,0
Young Adult,ACTIVE,Regularly,Garment Upper body,165.83,3
Young Adult,ACTIVE,Regularly,Garment Upper body,114.59,3
Adult,ACTIVE,Regularly,Underwear,207.87,0
Young Adult,ACTIVE,NONE,Garment Upper body,71.72,1
Young Adult,ACTIVE,Regularly,Garment Upper body,186.75,3
Young Adult,ACTIVE,Regularly,Garment Lower body,343.61,3
Young Adult,ACTIVE,NONE,Garment Upper body,343.61,1
Young Adult,ACTIVE,NONE,Accessories,113.55,1
Young Adult,ACTIVE,Regularly,Garment Upper body,165.83,3
Young Adult,ACTIVE,Regularly,Garment Upper body,113.55,3
Young Adult,ACTIVE,NONE,Garment Upper body,1065.3,1
Adult,ACTIVE,NONE,Garment Lower body,338.28,4
Young Adult,ACTIVE,Regularly,Garment Upper body,550.47,3
Adult,ACTIVE,Regularly,Garment Upper body,82.17,0
Young Adult,ACTIVE,NONE,Garment Upper body,92.63,1
Young Adult,ACTIVE,NONE,Garment Upper body,165.83,1
Young Adult,ACTIVE,NONE,Socks & Tights,134.46,1
Young Adult,ACTIVE,NONE,Garment Lower body,239.04,1
Young Adult,ACTIVE,Regularly,Garment Upper body,82.17,3
Young Adult,ACTIVE,NONE,Underwear,291.33,1
Young Adult,ACTIVE,Regularly,Underwear,186.75,3
Young Adult,ACTIVE,Regularly,Swimwear,239.04,3
Young Adult,ACTIVE,Regularly,Garment Lower body,296.56,3
Young Adult,ACTIVE,Regularly,Garment Upper body,114.59,3
Young Adult,ACTIVE,NONE,Garment Full body,82.17,1
Elderly,ACTIVE,Regularly,Garment Upper body,128.5,0
Elderly,ACTIVE,NONE,Underwear,95.77,4
Young Adult,ACTIVE,NONE,Garment Upper body,239.04,1
Young Adult,ACTIVE,NONE,Garment Upper body,441.5,1
Adult,ACTIVE,Regularly,Garment Full body,186.75,0
Young Adult,ACTIVE,Regularly,Garment Full body,761.92,3
Young Adult,ACTIVE,Regularly,Garment Upper body,128.71,3
Adult,ACTIVE,NONE,Garment Upper body,319.77,4
Adult,ACTIVE,NONE,Garment Upper body,239.04,4
Young Adult,ACTIVE,NONE,Shoes,343.61,1
Young Adult,ACTIVE,Regularly,Garment Full body,531.85,3
Young Adult,ACTIVE,NONE,Swimwear,186.75,1
Young Adult,ACTIVE,Regularly,Garment Lower body,406.36,3
Young Adult,ACTIVE,NONE,Garment Lower body,186.75,1
Young Adult,ACTIVE,Regularly,Garment Full body,657.34,3
Elderly,ACTIVE,NONE,Garment Lower body,239.04,4
Adult,ACTIVE,NONE,Swimwear,134.46,4
Young Adult,ACTIVE,NONE,Swimwear,134.46,1
Adult,ACTIVE,Regularly,Garment Upper body,239.04,0
Young Adult,ACTIVE,NONE,Garment Upper body,131.12,1
Adult,ACTIVE,Regularly,Accessories,134.46,0
Young Adult,ACTIVE,NONE,Garment Upper body,265.18,1
Adult,ACTIVE,Regularly,Garment Upper body,82.17,0
Young Adult,ACTIVE,Regularly,Garment Full body,124,3
Adult,ACTIVE,NONE,Garment Lower body,103.09,4
Young Adult,ACTIVE,NONE,Swimwear,186.75,1
Young Adult,ACTIVE,NONE,Garment Upper body,296.56,1
Young Adult,ACTIVE,NONE,Garment Upper body,113.55,1
Elderly,ACTIVE,NONE,Shoes,343.61,4
Elderly,ACTIVE,Regularly,Garment Upper body,232.55,0
Elderly,ACTIVE,NONE,Garment Upper body,186.75,4
Adult,ACTIVE,NONE,Garment Full body,186.75,4
Adult,ACTIVE,Regularly,Nightwear,113.55,0
Adult,ACTIVE,NONE,Garment Upper body,239.04,4
Young Adult,ACTIVE,NONE,Nightwear,103.09,1
Adult,ACTIVE,Regularly,Garment Lower body,197.21,0
Adult,ACTIVE,NONE,Garment Upper body,186.75,4
Young Adult,ACTIVE,Regularly,Garment Upper body,134.46,3
Young Adult,ACTIVE,NONE,Garment Full body,552.77,1
Young Adult,ACTIVE,NONE,Garment Upper body,291.33,1
Young Adult,ACTIVE,NONE,Underwear,186.75,1
Young Adult,ACTIVE,Regularly,Underwear,165.83,3
Adult,PRE-CREATE,NONE,Underwear,165.83,2
Adult,ACTIVE,NONE,Garment Upper body,134.46,4
Elderly,ACTIVE,NONE,Garment Lower body,291.33,4
Young Adult,ACTIVE,Regularly,Garment Upper body,124,3
Elderly,ACTIVE,Regularly,Accessories,54.98,0
Young Adult,ACTIVE,Regularly,Accessories,102.67,3
Young Adult,ACTIVE,NONE,Swimwear,186.75,1
Young Adult,ACTIVE,NONE,Garment Lower body,197.21,1
Young Adult,ACTIVE,Regularly,Swimwear,186.75,3
Elderly,ACTIVE,NONE,Garment Lower body,239.04,4
Young Adult,ACTIVE,NONE,Accessories,165.83,1
Young Adult,ACTIVE,Regularly,Garment Upper body,163.74,3
Young Adult,ACTIVE,Regularly,Underwear,134.46,3
Young Adult,ACTIVE,Regularly,Swimwear,113.55,3
Young Adult,ACTIVE,Regularly,Garment Upper body,83.22,3
Adult,ACTIVE,Regularly,Garment Lower body,180.48,0
Young Adult,ACTIVE,NONE,Underwear,186.75,1
Young Adult,ACTIVE,Regularly,Garment Lower body,343.61,3
Young Adult,ACTIVE,Regularly,Garment Upper body,301.78,3
Young Adult,ACTIVE,NONE,Garment Upper body,343.61,1
Adult,ACTIVE,Regularly,Garment Upper body,134.46,0
Young Adult,ACTIVE,Regularly,Garment Upper body,239.04,3
Young Adult,ACTIVE,Regularly,Garment Full body,343.61,3
Adult,ACTIVE,NONE,Garment Upper body,265.18,4
Young Adult,ACTIVE,NONE,Garment Lower body,343.61,1
Adult,ACTIVE,Regularly,Garment Lower body,222.72,0
Adult,ACTIVE,Regularly,Underwear,134.46,0
Young Adult,ACTIVE,Regularly,Garment Lower body,145.44,3
Young Adult,ACTIVE,NONE,Swimwear,134.46,1
Elderly,ACTIVE,Regularly,Garment Upper body,113.55,0
Adult,ACTIVE,NONE,Garment Upper body,89.81,4
Young Adult,ACTIVE,NONE,Garment Lower body,155.38,1
Young Adult,ACTIVE,Regularly,Garment Lower body,239.04,3
Young Adult,ACTIVE,NONE,Garment Upper body,82.17,1
Young Adult,ACTIVE,Regularly,Garment Upper body,239.04,3
Young Adult,ACTIVE,NONE,Garment Upper body,90.64,1
Young Adult,ACTIVE,NONE,Garment Lower body,239.04,1
Elderly,ACTIVE,Regularly,Garment Upper body,395.9,0
Adult,ACTIVE,NONE,Underwear,134.46,4
Adult,ACTIVE,NONE,Garment Upper body,82.17,4
Young Adult,ACTIVE,Regularly,Garment Upper body,291.33,3
Young Adult,ACTIVE,NONE,Swimwear,134.46,1
Young Adult,ACTIVE,NONE,Garment Lower body,296.56,1
Elderly,ACTIVE,Regularly,Garment Lower body,124,0
Adult,ACTIVE,Regularly,Garment Lower body,134.46,0
Adult,ACTIVE,NONE,Garment Upper body,98.49,4
Adult,ACTIVE,NONE,Garment Upper body,312.24,4
Adult,ACTIVE,NONE,Accessories,113.55,4
Adult,ACTIVE,NONE,Garment Full body,395.9,4
Young Adult,ACTIVE,NONE,Garment Lower body,312.24,1
Young Adult,ACTIVE,NONE,Garment Lower body,235.48,1
Young Adult,ACTIVE,Regularly,Swimwear,165.83,3
Young Adult,ACTIVE,Regularly,Garment Upper body,82.17,3
Young Adult,ACTIVE,Regularly,Garment Upper body,186.75,3
Elderly,ACTIVE,NONE,Garment Full body,395.9,4
Elderly,ACTIVE,NONE,Garment Upper body,103.09,4
Adult,ACTIVE,NONE,Garment Upper body,186.75,4
Adult,ACTIVE,Regularly,Underwear,186.75,0
Young Adult,ACTIVE,NONE,Garment Full body,239.04,1
Young Adult,ACTIVE,Regularly,Garment Upper body,186.75,3
Adult,ACTIVE,Regularly,Garment Lower body,186.75,0
Young Adult,ACTIVE,Regularly,Nightwear,186.75,3
Young Adult,ACTIVE,NONE,Swimwear,82.17,1
Young Adult,ACTIVE,Regularly,Garment Full body,108.32,3
Young Adult,ACTIVE,Regularly,Garment Lower body,218.12,3
Adult,ACTIVE,Regularly,Garment Full body,395.9,0
Adult,ACTIVE,Regularly,Garment Upper body,155.38,0
Young Adult,ACTIVE,NONE,Underwear,134.46,1
Young Adult,ACTIVE,Regularly,Garment Upper body,239.04,3
Adult,ACTIVE,Regularly,Nightwear,76.94,0
Young Adult,ACTIVE,NONE,Garment Lower body,186.75,1
Young Adult,ACTIVE,Regularly,Garment Upper body,113.55,3
Young Adult,ACTIVE,NONE,Garment Full body,186.75,1
Young Adult,ACTIVE,Regularly,Garment Upper body,239.04,3
Adult,ACTIVE,NONE,Garment Upper body,291.33,4
Elderly,ACTIVE,Regularly,Garment Upper body,163.22,0
Adult,ACTIVE,Regularly,Swimwear,280.87,0
Adult,ACTIVE,NONE,Underwear,165.83,4
Elderly,ACTIVE,Regularly,Garment Upper body,134.46,0
Young Adult,ACTIVE,NONE,Swimwear,186.75,1
Young Adult,ACTIVE,NONE,Garment Lower body,239.04,1
Adult,ACTIVE,NONE,Garment Upper body,118.88,4
Young Adult,ACTIVE,Regularly,Garment Lower body,343.61,3
Elderly,ACTIVE,NONE,Garment Lower body,291.33,4
Young Adult,ACTIVE,NONE,Swimwear,186.75,1
Young Adult,ACTIVE,Regularly,Garment Upper body,239.04,3
Young Adult,ACTIVE,Regularly,Garment Upper body,197.21,3
Adult,ACTIVE,Regularly,Accessories,113.55,0
Young Adult,ACTIVE,NONE,Garment Upper body,239.04,1
Adult,ACTIVE,Regularly,Garment Lower body,161.44,0
Young Adult,ACTIVE,Regularly,Garment Upper body,186.75,3
Young Adult,ACTIVE,NONE,Garment Upper body,186.75,1
Young Adult,ACTIVE,NONE,Garment Upper body,321.55,1
Young Adult,ACTIVE,NONE,Garment Lower body,280.87,1
Young Adult,ACTIVE,NONE,Garment Upper body,239.04,1
Young Adult,ACTIVE,Regularly,Garment Lower body,160.61,3
Young Adult,ACTIVE,NONE,Garment Upper body,291.33,1
Adult,ACTIVE,NONE,Garment Upper body,92.63,4
Young Adult,ACTIVE,NONE,Garment Upper body,269.89,1
Adult,ACTIVE,NONE,Garment Upper body,186.75,4
Young Adult,ACTIVE,NONE,Garment Lower body,239.04,1
Adult,ACTIVE,NONE,Socks & Tights,113.55,4
Adult,ACTIVE,NONE,Garment Lower body,239.04,4
Adult,ACTIVE,Regularly,Garment Lower body,239.04,0
Young Adult,ACTIVE,NONE,Swimwear,171.06,1
Adult,ACTIVE,Regularly,Garment Lower body,160.61,0
Young Adult,ACTIVE,NONE,Garment Upper body,82.17,1
Young Adult,ACTIVE,Regularly,Garment Upper body,291.33,3
Adult,ACTIVE,NONE,Garment Full body,239.04,4
Young Adult,ACTIVE,Regularly,Garment Lower body,312.24,3
Adult,ACTIVE,Regularly,Garment Upper body,134.46,0
Young Adult,ACTIVE,NONE,Garment Upper body,171.06,1
Young Adult,ACTIVE,NONE,Garment Full body,92.63,1
Young Adult,ACTIVE,NONE,Garment Upper body,103.51,1
Adult,ACTIVE,NONE,Garment Upper body,163.22,4
Young Adult,ACTIVE,NONE,Garment Upper body,134.46,1
Young Adult,ACTIVE,NONE,Garment Lower body,197.21,1
Young Adult,ACTIVE,Regularly,Garment Lower body,284.22,3
Young Adult,ACTIVE,Regularly,Garment Upper body,180.48,3
Elderly,ACTIVE,Regularly,Garment Lower body,82.17,0
Adult,ACTIVE,NONE,Swimwear,186.75,4
Young Adult,ACTIVE,Regularly,Garment Full body,239.04,3
Adult,ACTIVE,NONE,Garment Upper body,165.83,4
Young Adult,ACTIVE,Regularly,Garment Upper body,81.55,3
Young Adult,ACTIVE,Regularly,Accessories,82.17,3
Young Adult,ACTIVE,NONE,Garment Upper body,291.33,1
Young Adult,ACTIVE,NONE,Shoes,364.53,1
Young Adult,ACTIVE,NONE,Garment Upper body,866.5,1
Young Adult,ACTIVE,NONE,Garment Upper body,182.36,1
Adult,ACTIVE,Regularly,Accessories,113.55,0
Adult,ACTIVE,NONE,Underwear,134.46,4
Adult,ACTIVE,NONE,Garment Upper body,239.04,4
Young Adult,ACTIVE,Regularly,Garment Full body,103.09,3
Young Adult,ACTIVE,NONE,Underwear,186.75,1
Young Adult,ACTIVE,NONE,Garment Upper body,113.55,1
Adult,ACTIVE,NONE,Garment Full body,448.19,4
Young Adult,ACTIVE,Regularly,Garment Full body,186.75,3
Young Adult,ACTIVE,NONE,Garment Upper body,232.97,1
Young Adult,ACTIVE,NONE,Swimwear,113.55,1
Young Adult,ACTIVE,Regularly,Garment Upper body,61.26,3
Young Adult,ACTIVE,Regularly,Garment Lower body,171.06,3
Adult,ACTIVE,NONE,Nightwear,186.75,4
Young Adult,ACTIVE,NONE,Swimwear,186.75,1
Adult,ACTIVE,NONE,Garment Lower body,134.46,4
Young Adult,ACTIVE,Regularly,Garment Lower body,239.04,3
Young Adult,ACTIVE,NONE,Garment Upper body,343.61,1
Young Adult,ACTIVE,NONE,Garment Lower body,239.04,1
Young Adult,ACTIVE,Regularly,Shoes,124,3
Adult,ACTIVE,Regularly,Underwear,134.46,0
Young Adult,ACTIVE,NONE,Underwear,165.83,1
Adult,ACTIVE,Regularly,Garment Upper body,155.38,0
Adult,ACTIVE,NONE,Garment Full body,343.61,4
Young Adult,ACTIVE,NONE,Swimwear,165.83,1
Adult,ACTIVE,Regularly,Garment Lower body,500.48,0
Adult,ACTIVE,NONE,Garment Upper body,197.21,4
Young Adult,ACTIVE,Regularly,Garment Lower body,218.12,3
Young Adult,ACTIVE,Regularly,Garment Lower body,134.46,3
Young Adult,ACTIVE,NONE,Underwear,239.04,1
Young Adult,ACTIVE,NONE,Swimwear,186.75,1
Adult,ACTIVE,Regularly,Garment Lower body,239.04,0
Elderly,ACTIVE,Regularly,Garment Upper body,343.61,0
Adult,ACTIVE,NONE,Garment Full body,657.34,4
Elderly,ACTIVE,Regularly,Garment Upper body,199.3,0
Young Adult,ACTIVE,Regularly,Garment Upper body,94.93,3
Young Adult,ACTIVE,NONE,Garment Upper body,165.83,1
Adult,ACTIVE,Regularly,Garment Upper body,113.55,0
Young Adult,ACTIVE,Regularly,Socks & Tights,134.46,3
Adult,ACTIVE,NONE,Garment Lower body,129.02,4
Adult,ACTIVE,Regularly,Garment Upper body,165.83,0
Young Adult,ACTIVE,NONE,Garment Upper body,134.46,1
Young Adult,ACTIVE,Regularly,Garment Upper body,82.17,3
Adult,ACTIVE,NONE,Garment Upper body,131.12,4
Young Adult,ACTIVE,NONE,Swimwear,165.83,1
Adult,ACTIVE,NONE,Garment Full body,343.61,4
Young Adult,ACTIVE,NONE,Garment Lower body,113.55,1
Adult,ACTIVE,Regularly,Garment Upper body,134.46,0
Young Adult,ACTIVE,NONE,Shoes,291.33,1
Adult,ACTIVE,Regularly,Garment Upper body,186.75,0
Elderly,ACTIVE,NONE,Garment Lower body,343.61,4
Young Adult,ACTIVE,NONE,Garment Full body,291.33,1
Elderly,ACTIVE,NONE,Garment Full body,113.55,4
Young Adult,ACTIVE,Regularly,Garment Upper body,239.04,3
Elderly,ACTIVE,Regularly,Garment Full body,134.46,0
Adult,ACTIVE,Regularly,Underwear,92.63,0
Adult,ACTIVE,NONE,Swimwear,103.09,4
Young Adult,ACTIVE,NONE,Garment Upper body,291.33,1
Elderly,ACTIVE,Regularly,Garment Upper body,134.46,0
Adult,ACTIVE,NONE,Garment Upper body,343.61,4
Young Adult,ACTIVE,Regularly,Garment Upper body,198.46,3
Young Adult,ACTIVE,NONE,Garment Lower body,343.61,1
Adult,ACTIVE,Regularly,Garment Upper body,134.46,0
Elderly,ACTIVE,Regularly,Garment Lower body,130.38,0
Elderly,PRE-CREATE,NONE,Garment Upper body,134.46,2
Young Adult,ACTIVE,NONE,Shoes,134.46,1
Young Adult,ACTIVE,NONE,Garment Lower body,239.04,1
Young Adult,ACTIVE,Regularly,Garment Full body,239.04,3
Adult,ACTIVE,Regularly,Swimwear,218.12,0
Young Adult,PRE-CREATE,NONE,Garment Full body,165.83,2
Young Adult,ACTIVE,NONE,Garment Upper body,82.17,1
Adult,ACTIVE,NONE,Garment Full body,165.83,4
Elderly,ACTIVE,NONE,Garment Lower body,268.11,4
Young Adult,ACTIVE,Regularly,Accessories,113.55,3
Young Adult,ACTIVE,NONE,Garment Lower body,82.17,1
Young Adult,ACTIVE,Regularly,Garment Upper body,239.04,3
Young Adult,ACTIVE,NONE,Garment Upper body,92.63,1
Young Adult,ACTIVE,NONE,Garment Full body,291.33,1
Adult,ACTIVE,Regularly,Garment Upper body,186.75,0
Adult,ACTIVE,Regularly,Garment Full body,343.61,0
Young Adult,ACTIVE,NONE,Garment Lower body,552.77,1
Young Adult,ACTIVE,Regularly,Garment Upper body,134.46,3
Young Adult,ACTIVE,NONE,Garment Upper body,218.12,1
Young Adult,ACTIVE,NONE,Garment Upper body,109.68,1
Young Adult,ACTIVE,Regularly,Swimwear,239.04,3
Young Adult,ACTIVE,NONE,Swimwear,165.83,1
Young Adult,ACTIVE,Regularly,Garment Upper body,165.83,3
Young Adult,ACTIVE,Regularly,Underwear,165.83,3
Elderly,ACTIVE,NONE,Garment Lower body,291.33,4
Young Adult,ACTIVE,NONE,Swimwear,134.46,1
Adult,ACTIVE,NONE,Underwear,165.83,4
Adult,ACTIVE,NONE,Garment Lower body,105.18,4
Young Adult,ACTIVE,NONE,Socks & Tights,51.85,1
Young Adult,ACTIVE,NONE,Garment Upper body,96.92,1
Adult,ACTIVE,NONE,Swimwear,186.75,4
Young Adult,ACTIVE,NONE,Garment Upper body,239.04,1
Young Adult,ACTIVE,Regularly,Garment Upper body,239.04,3
Young Adult,ACTIVE,Regularly,Swimwear,218.12,3
Young Adult,ACTIVE,NONE,Swimwear,134.46,1
Adult,ACTIVE,NONE,Garment Upper body,61.26,4
Young Adult,ACTIVE,Regularly,Swimwear,197.21,3
Young Adult,ACTIVE,NONE,Garment Lower body,165.83,1
Young Adult,ACTIVE,NONE,Garment Lower body,291.33,1
Young Adult,ACTIVE,Regularly,Garment Upper body,186.75,3
Young Adult,ACTIVE,NONE,Garment Upper body,186.75,1
Young Adult,ACTIVE,Regularly,Garment Full body,225.13,3
Young Adult,ACTIVE,Regularly,Garment Lower body,134.46,3
Young Adult,ACTIVE,NONE,Underwear,239.04,1
Young Adult,ACTIVE,NONE,Socks & Tights,82.17,1
Young Adult,ACTIVE,NONE,Garment Upper body,113.55,1
Elderly,ACTIVE,Regularly,Underwear,165.83,0
Young Adult,ACTIVE,NONE,Garment Upper body,239.04,1
Young Adult,ACTIVE,Regularly,Garment Upper body,113.55,3
Young Adult,ACTIVE,NONE,Garment Upper body,134.46,1
Young Adult,ACTIVE,NONE,Accessories,71.72,1
Young Adult,ACTIVE,Regularly,Swimwear,215.09,3
Elderly,ACTIVE,Regularly,Garment Upper body,186.75,0
Young Adult,ACTIVE,Regularly,Garment Lower body,103.09,3
Young Adult,ACTIVE,NONE,Garment Upper body,218.12,1
Young Adult,ACTIVE,NONE,Garment Full body,286.93,1
Young Adult,ACTIVE,NONE,Socks & Tights,60,1
Adult,ACTIVE,Regularly,Garment Upper body,230.57,0
Adult,ACTIVE,Regularly,Garment Lower body,183.4,0
Elderly,ACTIVE,NONE,Underwear,134.46,4
Young Adult,ACTIVE,Regularly,Garment Lower body,124,3
Adult,ACTIVE,NONE,Garment Lower body,395.9,4
Young Adult,ACTIVE,Regularly,Garment Upper body,236.21,3
Young Adult,ACTIVE,NONE,Garment Lower body,239.04,1
Young Adult,ACTIVE,Regularly,Shoes,531.85,3
Adult,ACTIVE,Regularly,Underwear,156.95,0
Young Adult,ACTIVE,NONE,Garment Upper body,158.93,1
Adult,ACTIVE,NONE,Socks & Tights,171.06,4
Adult,ACTIVE,Regularly,Garment Lower body,448.19,0
Young Adult,ACTIVE,Regularly,Garment Full body,343.61,3
Elderly,ACTIVE,NONE,Accessories,71.72,4
Young Adult,ACTIVE,Regularly,Garment Upper body,82.17,3
Young Adult,ACTIVE,NONE,Garment Lower body,406.36,1
Young Adult,ACTIVE,NONE,Accessories,343.61,1
Young Adult,ACTIVE,NONE,Garment Full body,186.75,1
Adult,ACTIVE,Regularly,Garment Lower body,161.65,0
Young Adult,ACTIVE,Regularly,Accessories,186.75,3
Elderly,ACTIVE,NONE,Garment Full body,165.83,4
Elderly,ACTIVE,NONE,Garment Lower body,138.64,4
Young Adult,ACTIVE,Regularly,Garment Full body,343.61,3
Young Adult,ACTIVE,NONE,Garment Upper body,291.33,1
Elderly,ACTIVE,Regularly,Garment Full body,395.9,0
Young Adult,ACTIVE,NONE,Garment Lower body,239.04,1
Adult,ACTIVE,NONE,Garment Lower body,239.04,4
Adult,ACTIVE,NONE,Swimwear,218.12,4
Young Adult,ACTIVE,Regularly,Garment Upper body,239.04,3
Young Adult,ACTIVE,NONE,Garment Upper body,343.61,1
Young Adult,ACTIVE,NONE,Garment Lower body,239.04,1
Young Adult,ACTIVE,NONE,Garment Upper body,134.46,1
Adult,ACTIVE,NONE,Shoes,437.73,4
Adult,ACTIVE,Regularly,Garment Full body,155.38,0
Young Adult,ACTIVE,Regularly,Garment Upper body,186.75,3
Young Adult,ACTIVE,NONE,Garment Lower body,239.04,1
Elderly,ACTIVE,Regularly,Garment Upper body,291.33,0
Young Adult,ACTIVE,Regularly,Garment Upper body,186.75,3
Young Adult,ACTIVE,NONE,Garment Full body,239.04,1
Adult,ACTIVE,Regularly,Garment Lower body,238.62,0
Young Adult,ACTIVE,NONE,Swimwear,115.53,1
Young Adult,ACTIVE,Regularly,Accessories,113.55,3
Adult,ACTIVE,NONE,Garment Full body,239.04,4
Adult,ACTIVE,Regularly,Garment Full body,113.55,0
Young Adult,ACTIVE,Regularly,Garment Upper body,239.04,3
Young Adult,ACTIVE,NONE,Garment Upper body,218.12,1
Adult,ACTIVE,NONE,Garment Upper body,181.31,4
Young Adult,ACTIVE,NONE,Garment Lower body,186.75,1
Adult,ACTIVE,NONE,Garment Upper body,239.04,4
Adult,ACTIVE,Regularly,Garment Lower body,343.61,0
Adult,ACTIVE,NONE,Garment Upper body,239.04,4
Elderly,ACTIVE,Regularly,Swimwear,134.46,0
Adult,ACTIVE,NONE,Underwear,186.75,4
Young Adult,ACTIVE,NONE,Garment Upper body,283.8,1
Elderly,ACTIVE,NONE,Garment Upper body,291.33,4
Young Adult,ACTIVE,Regularly,Swimwear,113.55,3
Young Adult,ACTIVE,NONE,Garment Upper body,134.46,1
Young Adult,ACTIVE,NONE,Garment Upper body,291.33,1
Young Adult,ACTIVE,Regularly,Garment Lower body,209.13,3
Adult,ACTIVE,NONE,Accessories,61.26,4
Adult,ACTIVE,NONE,Nightwear,343.61,4
Young Adult,ACTIVE,NONE,Garment Full body,147.53,1
Young Adult,ACTIVE,Regularly,Shoes,395.9,3
Adult,ACTIVE,NONE,Nightwear,93.57,4
Young Adult,ACTIVE,Regularly,Garment Full body,124,3
Young Adult,ACTIVE,NONE,Garment Upper body,448.19,1
Adult,ACTIVE,Regularly,Garment Full body,197.21,0
Young Adult,ACTIVE,NONE,Underwear,113.55,1
Adult,ACTIVE,NONE,Garment Upper body,91.69,4
Young Adult,ACTIVE,NONE,Garment Lower body,239.04,1
Elderly,ACTIVE,Regularly,Swimwear,131.01,0
Young Adult,ACTIVE,NONE,Swimwear,165.83,1
Adult,ACTIVE,NONE,Garment Lower body,239.04,4
Elderly,ACTIVE,NONE,Garment Upper body,343.61,4
Young Adult,ACTIVE,NONE,Garment Upper body,239.04,1
Young Adult,ACTIVE,Regularly,Garment Upper body,322.7,3
Young Adult,PRE-CREATE,NONE,Garment Upper body,239.04,2
Adult,ACTIVE,Regularly,Garment Lower body,113.55,0
Young Adult,ACTIVE,NONE,Underwear,183.09,1
Adult,ACTIVE,NONE,Garment Lower body,218.12,4
Adult,PRE-CREATE,NONE,Swimwear,448.19,2
Adult,ACTIVE,Regularly,Shoes,264.14,0
Young Adult,ACTIVE,NONE,Underwear,101.1,1
Young Adult,ACTIVE,NONE,Shoes,249.5,1
Young Adult,ACTIVE,Regularly,Accessories,92.63,3
Young Adult,ACTIVE,Regularly,Garment Lower body,531.85,3
Adult,ACTIVE,Regularly,Socks & Tights,51.95,0
Elderly,ACTIVE,NONE,Garment Full body,239.04,4
Elderly,ACTIVE,Regularly,Swimwear,71.72,0
Young Adult,ACTIVE,NONE,Underwear,92.63,1
Young Adult,ACTIVE,NONE,Garment Upper body,92.63,1
Young Adult,ACTIVE,Regularly,Underwear,71.72,3
Elderly,ACTIVE,NONE,Socks & Tights,124,4
Young Adult,ACTIVE,NONE,Garment Upper body,406.36,1
Young Adult,ACTIVE,NONE,Garment Upper body,165.83,1
Young Adult,ACTIVE,NONE,Swimwear,178.8,1
Elderly,ACTIVE,Regularly,Garment Upper body,186.75,0
Young Adult,ACTIVE,Regularly,Underwear,161.34,3
Adult,ACTIVE,Regularly,Garment Upper body,134.46,0
Adult,ACTIVE,Regularly,Garment Upper body,82.17,0
Young Adult,ACTIVE,NONE,Garment Lower body,133.52,1
Young Adult,ACTIVE,Regularly,Garment Full body,291.33,3
Young Adult,ACTIVE,NONE,Garment Upper body,186.75,1
Young Adult,ACTIVE,Regularly,Garment Upper body,134.46,3
Young Adult,ACTIVE,Regularly,Garment Full body,197.21,3
Young Adult,ACTIVE,NONE,Garment Lower body,182.04,1
Adult,ACTIVE,Regularly,Garment Lower body,111.14,0
Young Adult,ACTIVE,Regularly,Socks & Tights,134.46,3
Adult,ACTIVE,Regularly,Underwear,186.75,0
Young Adult,ACTIVE,Regularly,Garment Upper body,211.12,3
Young Adult,ACTIVE,Regularly,Garment Upper body,156.95,3
Adult,ACTIVE,NONE,Garment Lower body,232.97,4
Young Adult,ACTIVE,NONE,Garment Upper body,249.5,1
Adult,ACTIVE,Regularly,Garment Lower body,239.04,0
Elderly,ACTIVE,Regularly,Garment Upper body,239.04,0
Young Adult,ACTIVE,NONE,Garment Upper body,134.46,1
Adult,ACTIVE,NONE,Garment Upper body,231.93,4
Young Adult,ACTIVE,NONE,Garment Upper body,226.18,1
Young Adult,ACTIVE,Regularly,Accessories,82.59,3
Young Adult,ACTIVE,Regularly,Garment Upper body,144.92,3
Young Adult,ACTIVE,NONE,Underwear,147.53,1
Elderly,ACTIVE,Regularly,Swimwear,148.68,0
Young Adult,ACTIVE,NONE,Swimwear,246.36,1
Adult,ACTIVE,NONE,Garment Lower body,276.37,4
Young Adult,ACTIVE,NONE,Socks & Tights,113.55,1
Young Adult,ACTIVE,NONE,Garment Upper body,124,1
Young Adult,PRE-CREATE,NONE,Garment Upper body,239.04,2
Young Adult,ACTIVE,Regularly,Garment Upper body,99.43,3
Adult,ACTIVE,NONE,Socks & Tights,113.55,4
Young Adult,ACTIVE,NONE,Garment Upper body,193.76,1
Young Adult,ACTIVE,NONE,Swimwear,239.04,1
Elderly,ACTIVE,NONE,Garment Full body,144.92,4
Adult,ACTIVE,NONE,Garment Upper body,134.46,4
Young Adult,ACTIVE,NONE,Swimwear,176.29,1
Young Adult,ACTIVE,Regularly,Garment Upper body,165.83,3
Young Adult,ACTIVE,NONE,Garment Full body,270.41,1
Young Adult,ACTIVE,Regularly,Garment Upper body,657.34,3
Young Adult,ACTIVE,Regularly,Garment Upper body,113.55,3
Young Adult,ACTIVE,NONE,Garment Lower body,235.27,1
Adult,ACTIVE,Regularly,Garment Upper body,96.81,0
Young Adult,ACTIVE,NONE,Garment Upper body,103.09,1
Adult,ACTIVE,Regularly,Garment Upper body,239.04,0
Young Adult,ACTIVE,NONE,Garment Lower body,164.06,1
Young Adult,ACTIVE,NONE,Garment Upper body,96.81,1
Young Adult,ACTIVE,NONE,Garment Full body,113.55,1
Adult,ACTIVE,Regularly,Garment Upper body,189.89,0
Young Adult,ACTIVE,NONE,Garment Lower body,134.46,1
Young Adult,ACTIVE,Regularly,Garment Lower body,280.87,3
Young Adult,ACTIVE,Regularly,Garment Upper body,103.09,3
Young Adult,ACTIVE,NONE,Garment Full body,113.55,1
Young Adult,ACTIVE,NONE,Underwear,171.8,1
Young Adult,ACTIVE,Regularly,Garment Full body,186.75,3
Young Adult,ACTIVE,Regularly,Garment Upper body,80.08,3
Adult,ACTIVE,Regularly,Garment Lower body,82.17,0
Adult,ACTIVE,Regularly,Garment Upper body,230.57,0
Adult,ACTIVE,NONE,Garment Lower body,239.04,4
Young Adult,ACTIVE,Regularly,Garment Lower body,239.04,3
Young Adult,ACTIVE,NONE,Garment Lower body,183.61,1
Young Adult,ACTIVE,NONE,Garment Upper body,291.33,1
Adult,ACTIVE,NONE,Accessories,186.75,4
Young Adult,ACTIVE,NONE,Garment Upper body,280.03,1
Young Adult,ACTIVE,Regularly,Garment Lower body,218.12,3
Adult,ACTIVE,NONE,Garment Lower body,113.55,4
Young Adult,ACTIVE,NONE,Garment Full body,343.61,1
Adult,ACTIVE,NONE,Garment Upper body,129.23,4
Young Adult,ACTIVE,NONE,Garment Lower body,239.04,1
Adult,ACTIVE,NONE,Garment Full body,395.9,4
Young Adult,ACTIVE,NONE,Shoes,179.33,1
Young Adult,ACTIVE,NONE,Garment Full body,197.21,1
Elderly,ACTIVE,Regularly,Garment Upper body,239.04,0
Young Adult,ACTIVE,Regularly,Garment Upper body,71.72,3
Young Adult,ACTIVE,NONE,Garment Upper body,178.49,1
Young Adult,ACTIVE,Regularly,Garment Upper body,186.75,3
Elderly,ACTIVE,Regularly,Garment Upper body,186.75,0
Adult,ACTIVE,NONE,Garment Upper body,96.81,4
Adult,ACTIVE,NONE,Garment Lower body,176.29,4
Adult,ACTIVE,Regularly,Garment Upper body,806.47,0
Young Adult,ACTIVE,NONE,Garment Upper body,64.08,1
Young Adult,ACTIVE,NONE,Garment Full body,239.04,1
Adult,ACTIVE,NONE,Garment Lower body,78.72,4
Young Adult,ACTIVE,NONE,Garment Upper body,239.04,1
Young Adult,ACTIVE,NONE,Swimwear,186.75,1
Young Adult,ACTIVE,NONE,Garment Upper body,103.19,1
Adult,ACTIVE,NONE,Socks & Tights,113.55,4
Adult,ACTIVE,Regularly,Garment Lower body,99.64,0
Adult,ACTIVE,Regularly,Garment Upper body,124,0
Young Adult,ACTIVE,NONE,Shoes,121.81,1
Young Adult,ACTIVE,Regularly,Garment Lower body,448.19,3
Young Adult,ACTIVE,Regularly,Underwear,186.75,3
Young Adult,ACTIVE,NONE,Garment Lower body,209.55,1
Young Adult,ACTIVE,Regularly,Garment Lower body,212.79,3
Young Adult,ACTIVE,NONE,Garment Lower body,132.16,1
Young Adult,ACTIVE,NONE,Garment Upper body,92.63,1
Young Adult,ACTIVE,NONE,Swimwear,103.09,1
Young Adult,ACTIVE,Regularly,Underwear,134.46,3
Young Adult,ACTIVE,Regularly,Garment Upper body,144.92,3
Young Adult,ACTIVE,NONE,Underwear,343.61,1
Young Adult,ACTIVE,NONE,Garment Upper body,127.14,1
Young Adult,ACTIVE,Regularly,Garment Full body,211.01,3
Young Adult,ACTIVE,Regularly,Shoes,343.61,3
Adult,ACTIVE,NONE,Garment Upper body,218.12,4
Young Adult,ACTIVE,Regularly,Garment Lower body,239.04,3
Elderly,ACTIVE,NONE,Garment Lower body,186.75,4
Young Adult,ACTIVE,NONE,Garment Lower body,152.24,1
Adult,ACTIVE,Regularly,Garment Upper body,113.55,0
Elderly,ACTIVE,Regularly,Garment Lower body,117.73,0
Young Adult,ACTIVE,Regularly,Garment Upper body,138.64,3
Adult,ACTIVE,NONE,Garment Lower body,500.48,4
Young Adult,ACTIVE,Regularly,Underwear,180.48,3
Adult,ACTIVE,Regularly,Garment Lower body,291.33,0
Young Adult,ACTIVE,NONE,Garment Upper body,186.75,1
Elderly,ACTIVE,Regularly,Garment Upper body,92.63,0
Young Adult,ACTIVE,Regularly,Socks & Tights,85.73,3
Young Adult,ACTIVE,NONE,Swimwear,134.46,1
Young Adult,ACTIVE,Regularly,Garment Upper body,133.52,3
Young Adult,ACTIVE,Regularly,Garment Upper body,92.63,3
Adult,ACTIVE,NONE,Swimwear,218.12,4
Young Adult,ACTIVE,Regularly,Garment Upper body,239.04,3
Young Adult,ACTIVE,Regularly,Underwear,186.75,3
Young Adult,ACTIVE,NONE,Garment Full body,234.75,1
Adult,ACTIVE,Regularly,Garment Upper body,197.21,0
Young Adult,ACTIVE,NONE,Garment Upper body,103.09,1
Adult,ACTIVE,NONE,Garment Lower body,176.08,4
Adult,ACTIVE,NONE,Garment Full body,186.75,4
Adult,ACTIVE,Regularly,Garment Upper body,128.81,0
Elderly,ACTIVE,Regularly,Garment Upper body,61.26,0
Young Adult,ACTIVE,NONE,Garment Lower body,197.21,1
Young Adult,ACTIVE,Regularly,Garment Upper body,113.55,3
Young Adult,ACTIVE,Regularly,Garment Full body,197.21,3
Adult,ACTIVE,Regularly,Garment Upper body,761.92,0
Young Adult,ACTIVE,NONE,Swimwear,113.55,1
Young Adult,ACTIVE,Regularly,Underwear,218.12,3
Elderly,ACTIVE,Regularly,Garment Upper body,343.61,0
Young Adult,ACTIVE,Regularly,Garment Lower body,228.58,3
Adult,ACTIVE,Regularly,Garment Upper body,552.77,0
Adult,ACTIVE,NONE,Nightwear,134.46,4
Adult,ACTIVE,Regularly,Garment Upper body,138.75,0
Young Adult,ACTIVE,Regularly,Garment Lower body,197.21,3
Adult,ACTIVE,NONE,Garment Full body,134.46,4
Adult,ACTIVE,Regularly,Garment Lower body,117.73,0
Adult,ACTIVE,NONE,Garment Lower body,186.75,4
Young Adult,ACTIVE,NONE,Swimwear,202.44,1
Adult,ACTIVE,Regularly,Garment Full body,239.04,0
Adult,ACTIVE,Regularly,Garment Upper body,291.33,0
Adult,ACTIVE,Regularly,Garment Lower body,218.12,0
Adult,ACTIVE,NONE,Garment Lower body,291.33,4
Adult,ACTIVE,NONE,Garment Upper body,132.58,4
Adult,PRE-CREATE,NONE,Garment Upper body,291.33,2
Young Adult,ACTIVE,NONE,Swimwear,134.46,1
Young Adult,ACTIVE,Regularly,Garment Full body,343.61,3
Young Adult,ACTIVE,Regularly,Garment Lower body,239.04,3
Young Adult,ACTIVE,NONE,Garment Upper body,291.33,1
Adult,ACTIVE,NONE,Garment Upper body,186.75,4
Elderly,ACTIVE,NONE,Garment Lower body,239.04,4
Adult,PRE-CREATE,NONE,Garment Lower body,165.83,2
Elderly,ACTIVE,NONE,Underwear,160.19,4
Young Adult,ACTIVE,Regularly,Garment Lower body,184.03,3
Adult,ACTIVE,Regularly,Garment Full body,207.67,0
Young Adult,ACTIVE,NONE,Garment Upper body,134.46,1
Young Adult,ACTIVE,NONE,Socks & Tights,59.17,1
Adult,ACTIVE,Regularly,Garment Upper body,134.46,0
Adult,ACTIVE,NONE,Garment Full body,117.83,4
Adult,ACTIVE,Regularly,Shoes,93.26,0
Elderly,ACTIVE,Regularly,Garment Upper body,134.46,0
Young Adult,ACTIVE,Regularly,Garment Upper body,82.17,3
Young Adult,ACTIVE,NONE,Shoes,291.33,1
Young Adult,ACTIVE,NONE,Socks & Tights,64.81,1
Young Adult,ACTIVE,Regularly,Garment Upper body,185.39,3
Adult,ACTIVE,NONE,Swimwear,186.75,4
Adult,ACTIVE,NONE,Garment Lower body,82.17,4
Young Adult,ACTIVE,NONE,Underwear,186.75,1
Young Adult,ACTIVE,NONE,Garment Lower body,111.77,1
Adult,PRE-CREATE,NONE,Swimwear,186.75,2
Adult,ACTIVE,NONE,Garment Lower body,239.04,4
Young Adult,ACTIVE,NONE,Garment Upper body,239.04,1
Elderly,NO MEMBERSHIP,NONE,Swimwear,134.46,2
Adult,ACTIVE,NONE,Garment Upper body,448.19,4
Young Adult,ACTIVE,NONE,Garment Upper body,186.75,1
Young Adult,ACTIVE,NONE,Garment Full body,301.78,1
Adult,ACTIVE,Regularly,Accessories,92.63,0
Young Adult,ACTIVE,Regularly,Garment Lower body,337.97,3
Adult,ACTIVE,Regularly,Garment Upper body,96.81,0
Young Adult,ACTIVE,Regularly,Accessories,47.66,3
Young Adult,ACTIVE,Regularly,Garment Lower body,291.33,3
Adult,ACTIVE,NONE,Garment Upper body,218.12,4
Young Adult,ACTIVE,NONE,Garment Upper body,657.34,1
Adult,ACTIVE,NONE,Shoes,186.44,4
Elderly,ACTIVE,Regularly,Garment Upper body,165.83,0
Young Adult,ACTIVE,NONE,Garment Upper body,113.55,1
Adult,ACTIVE,NONE,Underwear,186.75,4
Young Adult,ACTIVE,Regularly,Garment Upper body,113.55,3
Young Adult,ACTIVE,NONE,Garment Upper body,448.19,1
Young Adult,ACTIVE,Regularly,Garment Upper body,186.75,3
Young Adult,ACTIVE,NONE,Underwear,186.75,1
Young Adult,ACTIVE,NONE,Shoes,343.61,1
Young Adult,ACTIVE,NONE,Socks & Tights,82.17,1
Young Adult,ACTIVE,NONE,Garment Full body,239.04,1
Adult,ACTIVE,NONE,Garment Lower body,234.44,4
Adult,ACTIVE,NONE,Garment Lower body,197.21,4
Adult,ACTIVE,Regularly,Garment Full body,134.46,0
Teenager,ACTIVE,NONE,Garment Lower body,163.22,0
Young Adult,ACTIVE,Regularly,Garment Upper body,113.55,3
Young Adult,ACTIVE,NONE,Garment Lower body,265.18,1
Adult,ACTIVE,NONE,Garment Upper body,82.17,4
Adult,ACTIVE,Regularly,Garment Upper body,71.72,0
Young Adult,ACTIVE,Regularly,Garment Upper body,186.75,3
Young Adult,ACTIVE,NONE,Garment Upper body,86.46,1
Adult,PRE-CREATE,NONE,Garment Upper body,186.75,2
Young Adult,ACTIVE,NONE,Garment Lower body,448.19,1
Young Adult,ACTIVE,Regularly,Garment Full body,239.04,3
Adult,ACTIVE,NONE,Socks & Tights,50.8,4
Elderly,ACTIVE,NONE,Garment Upper body,92.63,4
Adult,ACTIVE,Regularly,Garment Upper body,67.64,0
Elderly,ACTIVE,NONE,Garment Upper body,134.46,4
Young Adult,ACTIVE,NONE,Garment Full body,448.19,1
Adult,ACTIVE,NONE,Garment Full body,301.78,4
Young Adult,ACTIVE,NONE,Garment Upper body,186.75,1
Adult,ACTIVE,NONE,Garment Lower body,186.75,4
Elderly,ACTIVE,Regularly,Garment Upper body,165.83,0
Young Adult,ACTIVE,Regularly,Garment Full body,239.04,3
Young Adult,ACTIVE,NONE,Garment Full body,239.04,1
Young Adult,ACTIVE,NONE,Underwear,157.57,1
Young Adult,ACTIVE,Regularly,Garment Full body,165.83,3
Young Adult,ACTIVE,NONE,Garment Upper body,186.75,1
Young Adult,PRE-CREATE,NONE,Garment Upper body,134.46,2
Young Adult,PRE-CREATE,Regularly,Swimwear,92.63,2
Young Adult,ACTIVE,NONE,Garment Lower body,286.1,1
Young Adult,ACTIVE,Regularly,Garment Upper body,171.06,3
Adult,ACTIVE,Regularly,Garment Upper body,92.63,0
Adult,ACTIVE,NONE,Garment Upper body,280.87,4
Young Adult,ACTIVE,NONE,Garment Upper body,134.46,1
Young Adult,ACTIVE,NONE,Garment Lower body,102.78,1
Young Adult,ACTIVE,NONE,Garment Upper body,134.46,1
Young Adult,ACTIVE,Regularly,Garment Full body,186.75,3
Young Adult,ACTIVE,Regularly,Garment Upper body,182.25,3
Young Adult,ACTIVE,Regularly,Swimwear,165.83,3
Young Adult,ACTIVE,NONE,Garment Upper body,181.73,1
Young Adult,ACTIVE,NONE,Garment Upper body,343.61,1
Adult,ACTIVE,NONE,Garment Full body,165.83,4
Adult,ACTIVE,NONE,Garment Upper body,152.24,4
Adult,ACTIVE,Regularly,Garment Lower body,239.04,0
Young Adult,ACTIVE,NONE,Garment Upper body,343.61,1
Young Adult,ACTIVE,NONE,Garment Upper body,343.61,1
Young Adult,ACTIVE,NONE,Garment Lower body,343.61,1
Young Adult,ACTIVE,Regularly,Swimwear,186.75,3
Young Adult,ACTIVE,NONE,Underwear,102.46,1
Adult,ACTIVE,Regularly,Garment Upper body,343.61,0
Adult,ACTIVE,NONE,Garment Lower body,113.55,4
Young Adult,ACTIVE,NONE,Accessories,113.55,1
Young Adult,ACTIVE,Regularly,Garment Full body,227.53,3
Adult,ACTIVE,Regularly,Nightwear,218.12,0
Young Adult,ACTIVE,Regularly,Garment Lower body,239.04,3
Young Adult,ACTIVE,Regularly,Garment Lower body,239.04,3
Young Adult,ACTIVE,NONE,Garment Full body,222.2,1
Adult,ACTIVE,Regularly,Accessories,82.17,0
Young Adult,ACTIVE,Regularly,Garment Lower body,186.75,3
Young Adult,ACTIVE,Regularly,Garment Full body,218.12,3
Young Adult,ACTIVE,NONE,Garment Full body,231.4,1
Young Adult,ACTIVE,Regularly,Underwear,134.46,3
Teenager,ACTIVE,NONE,Underwear,218.12,0
Adult,ACTIVE,Regularly,Swimwear,130.59,0
Young Adult,ACTIVE,NONE,Garment Lower body,448.19,1
Young Adult,ACTIVE,NONE,Swimwear,218.12,1
Young Adult,ACTIVE,NONE,Underwear,218.12,1
Young Adult,ACTIVE,Regularly,Garment Upper body,186.75,3
Adult,ACTIVE,Regularly,Garment Lower body,448.19,0
Adult,ACTIVE,Regularly,Garment Upper body,120.24,0
Young Adult,ACTIVE,Regularly,Garment Upper body,186.75,3
Young Adult,ACTIVE,NONE,Swimwear,134.46,1
Young Adult,ACTIVE,Regularly,Garment Lower body,526.31,3
Young Adult,ACTIVE,NONE,Socks & Tights,113.55,1
Young Adult,ACTIVE,Regularly,Garment Full body,185.39,3
Adult,ACTIVE,NONE,Underwear,239.04,4
Young Adult,ACTIVE,NONE,Swimwear,134.46,1
Young Adult,ACTIVE,Regularly,Garment Lower body,657.34,3
Young Adult,ACTIVE,NONE,Underwear,112.19,1
Young Adult,ACTIVE,Regularly,Garment Full body,186.75,3
Young Adult,ACTIVE,NONE,Underwear,155.38,1
Young Adult,ACTIVE,NONE,Garment Upper body,113.55,1
Young Adult,ACTIVE,Regularly,Garment Upper body,218.12,3
Young Adult,ACTIVE,Regularly,Garment Full body,186.75,3
Young Adult,ACTIVE,NONE,Garment Upper body,134.46,1
Adult,ACTIVE,NONE,Swimwear,343.61,4
Young Adult,ACTIVE,NONE,Accessories,78.83,1
Elderly,ACTIVE,Regularly,Garment Upper body,134.46,0
Adult,ACTIVE,Regularly,Underwear,159.46,0
Young Adult,ACTIVE,NONE,Garment Lower body,208.82,1
Young Adult,ACTIVE,NONE,Swimwear,82.17,1
Young Adult,ACTIVE,Regularly,Garment Lower body,122.02,3
Adult,ACTIVE,Regularly,Underwear,312.24,0
Young Adult,ACTIVE,NONE,Accessories,239.04,1
Elderly,ACTIVE,Regularly,Garment Upper body,163.22,0
Adult,ACTIVE,Regularly,Garment Upper body,92.63,0
Young Adult,ACTIVE,Regularly,Garment Upper body,291.33,3
Young Adult,ACTIVE,NONE,Underwear,113.55,1
Adult,ACTIVE,NONE,Garment Upper body,82.17,4
Young Adult,ACTIVE,NONE,Garment Lower body,249.5,1
Adult,ACTIVE,NONE,Garment Full body,343.61,4
Young Adult,ACTIVE,NONE,Garment Upper body,161.65,1
Adult,PRE-CREATE,NONE,Garment Upper body,165.83,2
Young Adult,ACTIVE,NONE,Garment Upper body,182.46,1
Young Adult,ACTIVE,NONE,Nightwear,291.33,1
Young Adult,ACTIVE,NONE,Garment Lower body,239.04,1
Young Adult,ACTIVE,NONE,Garment Lower body,186.75,1
Young Adult,ACTIVE,Regularly,Garment Upper body,239.04,3
Adult,ACTIVE,NONE,Garment Upper body,82.17,4
Young Adult,ACTIVE,NONE,Accessories,82.17,1
Young Adult,ACTIVE,Regularly,Garment Lower body,239.04,3
Young Adult,ACTIVE,NONE,Garment Lower body,343.61,1
Young Adult,ACTIVE,Regularly,Garment Upper body,134.46,3
Young Adult,ACTIVE,NONE,Accessories,134.46,1
Adult,ACTIVE,Regularly,Garment Full body,343.61,0
Young Adult,ACTIVE,Regularly,Garment Lower body,113.55,3
Young Adult,ACTIVE,Regularly,Accessories,124,3
Adult,ACTIVE,Regularly,Underwear,165.83,0
Adult,ACTIVE,NONE,Garment Lower body,395.9,4
Young Adult,ACTIVE,NONE,Garment Upper body,239.04,1
Young Adult,ACTIVE,NONE,Swimwear,395.9,1
Elderly,ACTIVE,Regularly,Garment Lower body,301.78,0
Adult,ACTIVE,Regularly,Underwear,239.04,0
Young Adult,ACTIVE,NONE,Garment Upper body,83.01,1
Adult,ACTIVE,NONE,Garment Full body,132.27,4
Young Adult,ACTIVE,NONE,Underwear,134.46,1
Young Adult,ACTIVE,Regularly,Garment Upper body,124,3
Young Adult,ACTIVE,NONE,Accessories,113.55,1
Young Adult,ACTIVE,Regularly,Garment Upper body,165.83,3
Adult,ACTIVE,NONE,Garment Lower body,155.38,4
Young Adult,ACTIVE,NONE,Underwear,186.75,1
Adult,ACTIVE,Regularly,Garment Lower body,239.04,0
Adult,ACTIVE,Regularly,Shoes,249.5,0
Elderly,ACTIVE,Regularly,Garment Lower body,228.58,0
Adult,ACTIVE,Regularly,Garment Full body,186.75,0
Young Adult,ACTIVE,NONE,Garment Lower body,129.23,1
Young Adult,ACTIVE,NONE,Garment Upper body,186.75,1
Young Adult,ACTIVE,Regularly,Garment Full body,312.24,3
Young Adult,ACTIVE,Regularly,Garment Upper body,186.75,3
Adult,ACTIVE,NONE,Garment Upper body,239.04,4
Young Adult,ACTIVE,Regularly,Garment Full body,155.38,3
Adult,ACTIVE,Regularly,Garment Lower body,239.04,0
Adult,ACTIVE,NONE,Garment Lower body,134.46,4
Young Adult,ACTIVE,NONE,Garment Full body,186.75,1
Young Adult,ACTIVE,Regularly,Garment Upper body,82.17,3
Young Adult,ACTIVE,NONE,Garment Upper body,71.72,1
Adult,ACTIVE,NONE,Garment Upper body,134.46,4
Young Adult,ACTIVE,Regularly,Garment Upper body,186.75,3
Adult,ACTIVE,NONE,Garment Lower body,134.46,4
Adult,ACTIVE,Regularly,Garment Lower body,133.21,0
Young Adult,ACTIVE,Regularly,Underwear,134.46,3
Young Adult,ACTIVE,NONE,Garment Upper body,291.33,1
Young Adult,ACTIVE,NONE,Accessories,102.15,1
Young Adult,PRE-CREATE,NONE,Garment Lower body,165.83,2
Young Adult,ACTIVE,NONE,Garment Upper body,155.38,1
Young Adult,ACTIVE,NONE,Garment Upper body,155.38,1
Adult,ACTIVE,Regularly,Garment Upper body,134.46,0
Young Adult,ACTIVE,NONE,Garment Upper body,239.04,1
Young Adult,ACTIVE,Regularly,Garment Lower body,343.61,3
Young Adult,ACTIVE,Regularly,Items,113.55,3
Elderly,ACTIVE,NONE,Garment Upper body,165.83,4
Young Adult,ACTIVE,NONE,Garment Upper body,186.75,1
Young Adult,ACTIVE,NONE,Garment Upper body,291.33,1
Young Adult,ACTIVE,NONE,Garment Full body,218.12,1
Young Adult,ACTIVE,NONE,Garment Lower body,291.33,1
Young Adult,ACTIVE,Regularly,Garment Upper body,61.26,3
Young Adult,ACTIVE,Regularly,Garment Upper body,82.17,3
Young Adult,ACTIVE,Regularly,Garment Full body,343.61,3
Adult,ACTIVE,NONE,Garment Lower body,343.61,4
Adult,ACTIVE,NONE,Swimwear,108.53,4
Adult,ACTIVE,NONE,Underwear,218.12,4
Young Adult,ACTIVE,NONE,Garment Full body,228.58,1
Young Adult,ACTIVE,Regularly,Accessories,165.83,3
Adult,ACTIVE,NONE,Underwear,113.55,4
Young Adult,ACTIVE,Regularly,Garment Upper body,134.46,3
Young Adult,ACTIVE,NONE,Garment Upper body,134.46,1
Adult,ACTIVE,Regularly,Garment Upper body,160.82,0
Young Adult,ACTIVE,Regularly,Garment Lower body,239.04,3
Young Adult,ACTIVE,NONE,Garment Lower body,152.24,1
Adult,ACTIVE,Regularly,Garment Full body,155.38,0
Elderly,ACTIVE,Regularly,Garment Upper body,239.04,0
Young Adult,ACTIVE,Regularly,Garment Upper body,71.72,3
Adult,ACTIVE,NONE,Underwear,239.04,4
Elderly,ACTIVE,NONE,Garment Lower body,113.55,4
Young Adult,ACTIVE,NONE,Garment Full body,239.04,1
Young Adult,ACTIVE,NONE,Garment Upper body,186.75,1
Elderly,ACTIVE,Regularly,Garment Upper body,155.38,0
Young Adult,ACTIVE,NONE,Garment Full body,448.19,1
Young Adult,ACTIVE,NONE,Garment Upper body,104.76,1
Adult,ACTIVE,Regularly,Garment Upper body,155.38,0
Young Adult,ACTIVE,NONE,Garment Lower body,124,1
Young Adult,ACTIVE,Regularly,Garment Lower body,439.2,3
Adult,ACTIVE,NONE,Garment Upper body,239.04,4
Adult,ACTIVE,NONE,Garment Lower body,343.61,4
Adult,ACTIVE,NONE,Underwear,126.2,4
Elderly,ACTIVE,NONE,Garment Full body,186.75,4
Young Adult,ACTIVE,NONE,Garment Full body,343.61,1
Elderly,ACTIVE,NONE,Garment Lower body,186.75,4
Young Adult,ACTIVE,Regularly,Garment Full body,395.9,3
Adult,ACTIVE,Regularly,Garment Full body,239.04,0
Elderly,PRE-CREATE,NONE,Garment Lower body,343.61,2
Young Adult,ACTIVE,NONE,Garment Full body,339.64,1
Young Adult,ACTIVE,Regularly,Swimwear,218.12,3
Young Adult,ACTIVE,NONE,Garment Upper body,186.75,1
Young Adult,ACTIVE,NONE,Accessories,113.55,1
Young Adult,ACTIVE,NONE,Garment Lower body,197.21,1
Adult,ACTIVE,NONE,Swimwear,186.75,4
Adult,ACTIVE,Regularly,Garment Upper body,186.75,0
Adult,ACTIVE,Regularly,Underwear,134.46,0
Adult,ACTIVE,NONE,Underwear,186.75,4
Adult,ACTIVE,NONE,Swimwear,134.46,4
Adult,ACTIVE,Regularly,Underwear,92.63,0
Young Adult,ACTIVE,Regularly,Garment Upper body,321.65,3
Young Adult,ACTIVE,NONE,Garment Upper body,124,1
Adult,ACTIVE,Regularly,Garment Full body,144.92,0
Young Adult,ACTIVE,NONE,Underwear,280.87,1
Young Adult,ACTIVE,NONE,Garment Upper body,117.94,1
Adult,ACTIVE,Regularly,Garment Upper body,395.9,0
Young Adult,ACTIVE,Regularly,Garment Upper body,218.12,3
Young Adult,ACTIVE,Regularly,Garment Lower body,113.55,3
Young Adult,ACTIVE,NONE,Garment Lower body,218.23,1
Young Adult,ACTIVE,Regularly,Garment Lower body,113.55,3
Young Adult,ACTIVE,Regularly,Garment Upper body,134.46,3
Elderly,ACTIVE,NONE,Underwear,134.46,4
Adult,ACTIVE,Regularly,Garment Upper body,81.44,0
Adult,ACTIVE,NONE,Garment Upper body,239.04,4
Adult,ACTIVE,NONE,Accessories,239.04,4
Young Adult,ACTIVE,Regularly,Garment Lower body,239.04,3
Adult,ACTIVE,NONE,Underwear,218.12,4
Adult,ACTIVE,Regularly,Garment Upper body,224.61,0
Adult,ACTIVE,Regularly,Garment Full body,186.75,0
Young Adult,ACTIVE,NONE,Garment Lower body,335.04,1
Young Adult,ACTIVE,NONE,Garment Upper body,239.04,1
Young Adult,ACTIVE,NONE,Garment Upper body,322.7,1
Young Adult,ACTIVE,Regularly,Garment Upper body,113.55,3
Adult,ACTIVE,Regularly,Garment Lower body,186.75,0
Young Adult,ACTIVE,NONE,Garment Upper body,105.18,1
Young Adult,ACTIVE,NONE,Garment Upper body,165.83,1
Young Adult,ACTIVE,Regularly,Garment Lower body,343.61,3
Adult,NO MEMBERSHIP,NONE,Underwear,124,2
Young Adult,ACTIVE,Regularly,Socks & Tights,134.46,3
Young Adult,ACTIVE,Regularly,Garment Lower body,239.04,3
Young Adult,ACTIVE,Regularly,Shoes,291.33,3
Elderly,ACTIVE,NONE,Garment Full body,239.04,4
Young Adult,ACTIVE,NONE,Shoes,138.64,1
Young Adult,ACTIVE,Regularly,Garment Full body,552.77,3
Adult,ACTIVE,Regularly,Garment Lower body,291.33,0
Young Adult,ACTIVE,NONE,Garment Upper body,111.14,1
Young Adult,ACTIVE,NONE,Garment Upper body,71.72,1
Adult,ACTIVE,Regularly,Swimwear,218.12,0
Young Adult,ACTIVE,NONE,Garment Upper body,163.22,1
Young Adult,ACTIVE,NONE,Garment Lower body,343.61,1
Young Adult,ACTIVE,NONE,Garment Upper body,92.63,1
Young Adult,ACTIVE,Regularly,Accessories,76.94,3
Adult,ACTIVE,Regularly,Garment Upper body,114.7,0
Adult,ACTIVE,Regularly,Garment Upper body,106.12,0
Young Adult,ACTIVE,Regularly,Underwear,186.75,3
Adult,ACTIVE,Regularly,Garment Upper body,134.46,0
Adult,ACTIVE,NONE,Nightwear,218.12,4
Adult,ACTIVE,NONE,Garment Upper body,552.77,4
Young Adult,ACTIVE,Regularly,Swimwear,134.46,3
Adult,ACTIVE,NONE,Garment Full body,301.78,4
Young Adult,ACTIVE,Regularly,Socks & Tights,138.64,3
Young Adult,ACTIVE,NONE,Underwear,218.12,1
Adult,ACTIVE,Regularly,Garment Lower body,343.61,0
Young Adult,ACTIVE,NONE,Garment Full body,1276.54,1
Young Adult,ACTIVE,Regularly,Garment Lower body,165.83,3
Young Adult,ACTIVE,Regularly,Garment Upper body,92.63,3
Adult,LEFT CLUB,NONE,Accessories,186.75,4
Adult,ACTIVE,NONE,Garment Full body,186.75,4
Young Adult,ACTIVE,Regularly,Garment Upper body,119.61,3
Young Adult,ACTIVE,Regularly,Swimwear,172.21,3
Adult,ACTIVE,NONE,Swimwear,92.63,4
Young Adult,ACTIVE,Regularly,Garment Lower body,197.21,3
Adult,ACTIVE,NONE,Underwear,218.12,4
Young Adult,ACTIVE,NONE,Garment Lower body,203.69,1
Adult,ACTIVE,NONE,Garment Upper body,186.75,4
Adult,ACTIVE,NONE,Underwear,186.75,4
Elderly,ACTIVE,NONE,Garment Upper body,134.46,4
Adult,ACTIVE,NONE,Garment Upper body,291.74,4
Young Adult,ACTIVE,Regularly,Garment Lower body,239.04,3
Young Adult,ACTIVE,Regularly,Garment Lower body,124,3
Young Adult,ACTIVE,Regularly,Garment Lower body,343.61,3
Elderly,ACTIVE,NONE,Garment Lower body,165.83,4
Adult,ACTIVE,Regularly,Garment Lower body,197.21,0
Young Adult,ACTIVE,NONE,Swimwear,155.38,1
Adult,ACTIVE,NONE,Garment Lower body,103.09,4
Young Adult,NO MEMBERSHIP,NONE,Garment Upper body,165.83,2
Young Adult,ACTIVE,NONE,Garment Upper body,312.24,1
Young Adult,ACTIVE,NONE,Underwear,204.74,1
Adult,ACTIVE,NONE,Garment Upper body,186.75,4
Young Adult,ACTIVE,Regularly,Garment Full body,280.87,3
Young Adult,PRE-CREATE,NONE,Garment Upper body,134.46,2
Elderly,ACTIVE,Regularly,Garment Upper body,291.33,0
Adult,ACTIVE,NONE,Shoes,312.24,4
Adult,ACTIVE,Regularly,Garment Upper body,82.17,0
Young Adult,ACTIVE,Regularly,Garment Lower body,124,3
Young Adult,ACTIVE,Regularly,Garment Lower body,134.46,3
Young Adult,ACTIVE,Regularly,Garment Lower body,92.63,3
Adult,ACTIVE,NONE,Garment Lower body,186.75,4
Young Adult,ACTIVE,NONE,Garment Upper body,134.46,1
Young Adult,ACTIVE,NONE,Swimwear,134.46,1
Young Adult,ACTIVE,NONE,Garment Full body,134.46,1
Young Adult,ACTIVE,NONE,Socks & Tights,118.78,1
Young Adult,ACTIVE,NONE,Underwear,134.46,1
Young Adult,ACTIVE,Regularly,Garment Lower body,124,3
Adult,ACTIVE,Regularly,Garment Upper body,71.72,0
Young Adult,ACTIVE,NONE,Underwear,218.12,1
Elderly,ACTIVE,Regularly,Underwear,92.63,0
Adult,ACTIVE,NONE,Garment Upper body,134.46,4
Young Adult,ACTIVE,Regularly,Garment Upper body,239.04,3
Young Adult,ACTIVE,NONE,Garment Upper body,343.61,1
Young Adult,ACTIVE,NONE,Garment Upper body,99.22,1
Young Adult,ACTIVE,NONE,Garment Upper body,134.46,1
Young Adult,ACTIVE,Regularly,Garment Upper body,163.74,3
Adult,ACTIVE,Regularly,Garment Upper body,186.75,0
Young Adult,ACTIVE,NONE,Garment Upper body,239.04,1
Young Adult,ACTIVE,Regularly,Garment Upper body,82.17,3
Adult,ACTIVE,Regularly,Garment Upper body,134.46,0
Young Adult,ACTIVE,NONE,Underwear,63.45,1
Adult,ACTIVE,NONE,Garment Upper body,343.61,4
Young Adult,ACTIVE,NONE,Garment Upper body,82.17,1
Young Adult,ACTIVE,Regularly,Nightwear,90.54,3
Young Adult,ACTIVE,Regularly,Shoes,1065.3,3
Adult,ACTIVE,NONE,Garment Full body,186.75,4
Young Adult,ACTIVE,Regularly,Accessories,103.09,3
Adult,ACTIVE,Regularly,Garment Full body,197.21,0
Elderly,ACTIVE,NONE,Garment Upper body,165.83,4
Young Adult,ACTIVE,NONE,Garment Upper body,134.46,1
Elderly,ACTIVE,NONE,Accessories,63.77,4
Adult,ACTIVE,NONE,Swimwear,186.75,4
Elderly,ACTIVE,Regularly,Garment Lower body,231.61,0
Adult,ACTIVE,NONE,Shoes,364.53,4
Young Adult,ACTIVE,NONE,Garment Upper body,289.13,1
Adult,ACTIVE,NONE,Garment Full body,179.43,4
Adult,ACTIVE,Regularly,Garment Upper body,138.85,0
Young Adult,ACTIVE,NONE,Socks & Tights,82.17,1
Young Adult,ACTIVE,NONE,Garment Upper body,226.18,1
Young Adult,ACTIVE,NONE,Garment Lower body,113.55,1
Adult,ACTIVE,Regularly,Garment Lower body,312.24,0
Young Adult,ACTIVE,NONE,Garment Upper body,80.29,1
Young Adult,ACTIVE,Regularly,Underwear,291.33,3
Adult,ACTIVE,NONE,Garment Lower body,239.04,4
Adult,ACTIVE,Regularly,Garment Upper body,218.12,0
Young Adult,ACTIVE,Regularly,Accessories,113.55,3
Young Adult,ACTIVE,NONE,Garment Lower body,223.25,1
Young Adult,ACTIVE,NONE,Shoes,291.33,1
Young Adult,ACTIVE,NONE,Underwear,134.46,1
Young Adult,ACTIVE,Regularly,Shoes,364.53,3
Adult,ACTIVE,Regularly,Garment Lower body,207.67,0
Young Adult,ACTIVE,Regularly,Garment Lower body,186.75,3
Adult,ACTIVE,NONE,Accessories,82.17,4
Adult,ACTIVE,Regularly,Garment Full body,296.56,0
Adult,ACTIVE,NONE,Accessories,144.92,4
Young Adult,ACTIVE,NONE,Garment Upper body,134.46,1
Young Adult,ACTIVE,Regularly,Garment Upper body,134.46,3
Elderly,ACTIVE,Regularly,Garment Upper body,165.83,0
Adult,ACTIVE,NONE,Garment Lower body,171.06,4
Adult,ACTIVE,NONE,Garment Lower body,186.75,4
Young Adult,ACTIVE,NONE,Garment Upper body,113.55,1
Adult,ACTIVE,NONE,Garment Full body,225.97,4
Young Adult,ACTIVE,NONE,Garment Upper body,197.21,1
Elderly,ACTIVE,NONE,Nightwear,186.75,4
Young Adult,ACTIVE,NONE,Garment Full body,343.61,1
Young Adult,ACTIVE,Regularly,Garment Lower body,239.04,3
Elderly,ACTIVE,NONE,Garment Lower body,171.06,4
Young Adult,ACTIVE,Regularly,Garment Lower body,186.75,3
Young Adult,ACTIVE,NONE,Garment Upper body,124,1
Young Adult,ACTIVE,NONE,Garment Upper body,134.46,1
Adult,ACTIVE,Regularly,Underwear,165.83,0
Young Adult,ACTIVE,Regularly,Socks & Tights,156.63,3
Young Adult,ACTIVE,NONE,Underwear,239.04,1
Adult,ACTIVE,Regularly,Garment Full body,448.19,0
Adult,ACTIVE,Regularly,Accessories,124,0
Young Adult,ACTIVE,Regularly,Garment Upper body,149.63,3
Young Adult,ACTIVE,NONE,Garment Upper body,197.21,1
Young Adult,ACTIVE,Regularly,Garment Full body,395.9,3
Young Adult,ACTIVE,NONE,Garment Upper body,134.46,1
Young Adult,ACTIVE,NONE,Garment Lower body,239.04,1
Adult,ACTIVE,NONE,Socks & Tights,186.75,4
Elderly,ACTIVE,Regularly,Accessories,79.56,0
Young Adult,ACTIVE,Regularly,Garment Full body,331.07,3
Young Adult,ACTIVE,NONE,Socks & Tights,103.4,1
Young Adult,ACTIVE,NONE,Garment Lower body,124,1
Young Adult,ACTIVE,Regularly,Garment Upper body,92.63,3
Young Adult,ACTIVE,NONE,Garment Upper body,82.17,1
Adult,ACTIVE,NONE,Garment Upper body,657.34,4
Adult,ACTIVE,NONE,Underwear,165.83,4
Young Adult,ACTIVE,Regularly,Garment Upper body,255.77,3
Adult,ACTIVE,NONE,Garment Lower body,239.04,4
Adult,ACTIVE,NONE,Swimwear,134.46,4
Young Adult,ACTIVE,NONE,Shoes,291.33,1
Young Adult,ACTIVE,NONE,Socks & Tights,50.8,1
Adult,ACTIVE,NONE,Garment Lower body,239.04,4
Young Adult,ACTIVE,Regularly,Garment Upper body,448.19,3
Adult,ACTIVE,Regularly,Garment Upper body,113.55,0
Young Adult,ACTIVE,Regularly,Garment Upper body,218.12,3
Young Adult,ACTIVE,NONE,Socks & Tights,94.1,1
Adult,ACTIVE,Regularly,Underwear,71.72,0
Young Adult,ACTIVE,Regularly,Garment Full body,186.75,3
Adult,ACTIVE,NONE,Garment Lower body,343.61,4
Young Adult,ACTIVE,Regularly,Garment Upper body,113.55,3
Elderly,ACTIVE,Regularly,Accessories,134.46,0
Adult,ACTIVE,NONE,Underwear,326.88,4
Young Adult,ACTIVE,NONE,Garment Upper body,134.46,1
Young Adult,ACTIVE,NONE,Garment Lower body,343.61,1
Elderly,ACTIVE,Regularly,Garment Upper body,134.46,0
Adult,ACTIVE,Regularly,Garment Upper body,111.98,0
Young Adult,ACTIVE,Regularly,Garment Upper body,113.55,3
Young Adult,ACTIVE,Regularly,Garment Upper body,97.86,3
Adult,ACTIVE,Regularly,Garment Upper body,291.33,0
Adult,ACTIVE,Regularly,Garment Lower body,302.83,0
Elderly,ACTIVE,NONE,Garment Upper body,113.55,4
Adult,ACTIVE,NONE,Garment Upper body,239.04,4
Adult,ACTIVE,Regularly,Garment Upper body,113.55,0
Young Adult,ACTIVE,Regularly,Garment Upper body,171.06,3
Young Adult,ACTIVE,NONE,Swimwear,291.33,1
Adult,ACTIVE,Regularly,Garment Upper body,343.61,0
Young Adult,ACTIVE,Regularly,Garment Upper body,186.75,3
Young Adult,ACTIVE,NONE,Garment Lower body,207.67,1
Elderly,ACTIVE,Regularly,Garment Upper body,134.46,0
Young Adult,ACTIVE,Regularly,Swimwear,165.83,3
Elderly,PRE-CREATE,Regularly,Garment Lower body,134.46,2
Young Adult,ACTIVE,Regularly,Garment Full body,552.77,3
Young Adult,ACTIVE,Regularly,Garment Upper body,134.46,3
Young Adult,ACTIVE,NONE,Underwear,116.27,1
Elderly,ACTIVE,Regularly,Garment Lower body,125.36,0
Elderly,ACTIVE,Regularly,Garment Upper body,182.46,0
Adult,ACTIVE,NONE,Garment Upper body,533.73,4
Young Adult,ACTIVE,Regularly,Garment Upper body,364.53,3
Young Adult,ACTIVE,Regularly,Garment Lower body,165.83,3
Young Adult,ACTIVE,NONE,Garment Upper body,138.64,1
Adult,ACTIVE,Regularly,Garment Upper body,552.77,0
Young Adult,ACTIVE,Regularly,Swimwear,186.75,3
Young Adult,ACTIVE,Regularly,Garment Upper body,291.33,3
Adult,ACTIVE,NONE,Underwear,129.34,4
Young Adult,ACTIVE,NONE,Garment Lower body,343.61,1
Adult,ACTIVE,NONE,Garment Upper body,113.55,4
Young Adult,ACTIVE,Regularly,Garment Full body,343.61,3
Young Adult,ACTIVE,NONE,Garment Upper body,239.04,1
Elderly,ACTIVE,NONE,Garment Upper body,186.75,4
Young Adult,ACTIVE,NONE,Accessories,50.8,1
Adult,ACTIVE,NONE,Garment Lower body,161.97,4
Young Adult,ACTIVE,NONE,Garment Upper body,197.21,1
Adult,ACTIVE,NONE,Garment Lower body,239.04,4
Young Adult,ACTIVE,Regularly,Accessories,134.46,3
Young Adult,ACTIVE,NONE,Garment Lower body,197.21,1
Young Adult,ACTIVE,NONE,Garment Upper body,124,1
Young Adult,ACTIVE,Regularly,Garment Upper body,427.38,3
Young Adult,ACTIVE,NONE,Swimwear,160.5,1
Young Adult,ACTIVE,NONE,Garment Lower body,134.46,1
Young Adult,ACTIVE,NONE,Underwear,239.04,1
Adult,ACTIVE,Regularly,Garment Upper body,165.83,0
Young Adult,ACTIVE,NONE,Garment Upper body,307.75,1
Young Adult,ACTIVE,NONE,Swimwear,218.12,1
Young Adult,ACTIVE,Regularly,Garment Upper body,82.17,3
Young Adult,ACTIVE,Regularly,Garment Lower body,343.61,3
Young Adult,ACTIVE,NONE,Nightwear,343.61,1
Young Adult,ACTIVE,Regularly,Garment Lower body,239.04,3
Adult,ACTIVE,Regularly,Accessories,92.63,0
Young Adult,ACTIVE,NONE,Garment Upper body,180.48,1
Young Adult,ACTIVE,NONE,Accessories,82.17,1
Young Adult,ACTIVE,Regularly,Garment Full body,343.61,3
Adult,ACTIVE,NONE,Garment Lower body,197.21,4
Young Adult,ACTIVE,NONE,Garment Upper body,186.75,1
Adult,ACTIVE,NONE,Accessories,144.92,4
Young Adult,ACTIVE,NONE,Nightwear,239.04,1
Young Adult,ACTIVE,NONE,Garment Upper body,186.75,1
Adult,ACTIVE,NONE,Garment Upper body,239.04,4
Elderly,ACTIVE,NONE,Garment Full body,239.04,4
Young Adult,ACTIVE,NONE,Garment Lower body,239.04,1
Young Adult,ACTIVE,NONE,Garment Upper body,77.78,1
Young Adult,ACTIVE,NONE,Garment Full body,343.61,1
Adult,ACTIVE,NONE,Garment Lower body,239.04,4
Young Adult,ACTIVE,Regularly,Garment Lower body,343.61,3
Young Adult,ACTIVE,Regularly,Garment Upper body,101,3
Adult,ACTIVE,Regularly,Garment Full body,448.19,0
Adult,ACTIVE,Regularly,Garment Upper body,280.87,0
Adult,ACTIVE,NONE,Garment Upper body,239.04,4
Young Adult,ACTIVE,Regularly,Unknown,239.04,3
Young Adult,ACTIVE,NONE,Socks & Tights,218.12,1
Elderly,PRE-CREATE,NONE,Garment Upper body,124,2
Adult,ACTIVE,NONE,Garment Upper body,82.17,4
Young Adult,ACTIVE,NONE,Garment Upper body,113.55,1
Elderly,ACTIVE,Regularly,Garment Upper body,165.83,0
Adult,ACTIVE,NONE,Garment Upper body,113.55,4
Adult,ACTIVE,NONE,Garment Lower body,448.19,4
Young Adult,ACTIVE,NONE,Garment Upper body,239.04,1
Adult,ACTIVE,NONE,Underwear,180.48,4
Young Adult,ACTIVE,NONE,Swimwear,134.46,1
Elderly,ACTIVE,NONE,Garment Full body,343.61,4
Young Adult,ACTIVE,Regularly,Garment Upper body,113.55,3
Adult,ACTIVE,NONE,Garment Upper body,61.26,4
Adult,ACTIVE,NONE,Garment Lower body,239.14,4
Young Adult,ACTIVE,NONE,Underwear,134.46,1
Young Adult,ACTIVE,Regularly,Garment Upper body,199.3,3
Young Adult,ACTIVE,Regularly,Garment Lower body,448.19,3
Young Adult,ACTIVE,NONE,Accessories,113.55,1
Young Adult,ACTIVE,NONE,Accessories,134.46,1
Young Adult,ACTIVE,NONE,Underwear,92.63,1
Young Adult,ACTIVE,NONE,Swimwear,186.75,1
Young Adult,ACTIVE,NONE,Underwear,134.46,1
Young Adult,ACTIVE,NONE,Accessories,123.06,1
Young Adult,ACTIVE,Regularly,Underwear,239.04,3
Young Adult,ACTIVE,Regularly,Garment Lower body,291.33,3
Adult,ACTIVE,NONE,Swimwear,218.12,4
Young Adult,ACTIVE,NONE,Underwear,186.75,1
Elderly,ACTIVE,Regularly,Swimwear,134.46,0
Adult,ACTIVE,Regularly,Swimwear,71.72,0
Young Adult,ACTIVE,Regularly,Garment Upper body,152.24,3
Young Adult,ACTIVE,NONE,Underwear,71.72,1
Adult,ACTIVE,Regularly,Garment Upper body,134.46,0
Young Adult,ACTIVE,NONE,Garment Upper body,406.36,1
Adult,ACTIVE,Regularly,Garment Lower body,291.33,0
Young Adult,ACTIVE,Regularly,Socks & Tights,50.8,3
Adult,ACTIVE,Regularly,Underwear,152.24,0
Young Adult,ACTIVE,NONE,Shoes,385.45,1
Young Adult,ACTIVE,NONE,Garment Upper body,165.83,1
Young Adult,ACTIVE,NONE,Garment Upper body,82.17,1
Young Adult,ACTIVE,Regularly,Garment Upper body,155.38,3
Young Adult,ACTIVE,NONE,Garment Upper body,134.46,1
Young Adult,ACTIVE,Regularly,Accessories,40.34,3
Elderly,PRE-CREATE,NONE,Underwear,186.75,2
Adult,ACTIVE,NONE,Garment Lower body,186.75,4
Young Adult,ACTIVE,NONE,Accessories,165.83,1
Elderly,ACTIVE,Regularly,Garment Upper body,395.9,0
Young Adult,ACTIVE,Regularly,Garment Lower body,197.21,3
Young Adult,ACTIVE,NONE,Swimwear,186.75,1
Adult,ACTIVE,NONE,Garment Lower body,143.14,4
Adult,ACTIVE,NONE,Garment Upper body,343.61,4
Young Adult,ACTIVE,Regularly,Swimwear,161.65,3
Adult,ACTIVE,Regularly,Garment Lower body,343.61,0
Young Adult,ACTIVE,Regularly,Accessories,239.04,3
Young Adult,ACTIVE,NONE,Garment Lower body,239.04,1
Young Adult,ACTIVE,Regularly,Garment Upper body,134.46,3
Young Adult,ACTIVE,NONE,Garment Full body,265.18,1
Adult,ACTIVE,Regularly,Garment Full body,343.61,0
Young Adult,ACTIVE,Regularly,Garment Lower body,186.75,3
Young Adult,ACTIVE,NONE,Garment Upper body,92.63,1
Young Adult,ACTIVE,NONE,Garment Full body,343.61,1
Young Adult,ACTIVE,NONE,Swimwear,134.46,1
Adult,ACTIVE,NONE,Garment Upper body,186.75,4
Adult,ACTIVE,Regularly,Garment Upper body,86.36,0
Young Adult,ACTIVE,Regularly,Garment Upper body,500.48,3
Young Adult,ACTIVE,NONE,Garment Lower body,239.04,1
Adult,ACTIVE,Regularly,Swimwear,134.46,0
Adult,ACTIVE,NONE,Garment Full body,122.54,4
Adult,PRE-CREATE,NONE,Garment Upper body,186.75,2
Adult,ACTIVE,Regularly,Underwear,180.48,0
Adult,ACTIVE,NONE,Garment Lower body,118.78,4
Young Adult,ACTIVE,Regularly,Garment Upper body,291.33,3
Elderly,PRE-CREATE,Regularly,Garment Lower body,180.58,2
Adult,ACTIVE,NONE,Garment Upper body,134.46,4
Young Adult,ACTIVE,NONE,Garment Upper body,165.83,1
Young Adult,ACTIVE,NONE,Garment Upper body,180.48,1
Young Adult,PRE-CREATE,NONE,Accessories,92.63,2
Elderly,ACTIVE,Regularly,Garment Upper body,144.92,0
Young Adult,ACTIVE,NONE,Garment Lower body,395.9,1
Young Adult,ACTIVE,NONE,Garment Upper body,89.28,1
Young Adult,ACTIVE,Regularly,Swimwear,186.75,3
Adult,ACTIVE,Regularly,Swimwear,134.46,0
Adult,ACTIVE,NONE,Garment Upper body,113.55,4
Young Adult,ACTIVE,Regularly,Nightwear,144.92,3
Young Adult,ACTIVE,NONE,Socks & Tights,113.55,1
Young Adult,ACTIVE,NONE,Swimwear,134.46,1
Young Adult,ACTIVE,NONE,Garment Lower body,218.12,1
Young Adult,ACTIVE,Regularly,Garment Upper body,343.61,3
Adult,ACTIVE,NONE,Garment Full body,95.14,4
Elderly,ACTIVE,Regularly,Shoes,312.24,0
Young Adult,ACTIVE,NONE,Nightwear,197.21,1
Young Adult,ACTIVE,Regularly,Garment Full body,239.04,3
Young Adult,ACTIVE,Regularly,Accessories,92.63,3
Young Adult,ACTIVE,Regularly,Garment Lower body,239.04,3
Adult,ACTIVE,NONE,Garment Lower body,197.21,4
Young Adult,ACTIVE,NONE,Underwear,186.75,1
Young Adult,ACTIVE,NONE,Garment Full body,239.04,1
Young Adult,ACTIVE,Regularly,Swimwear,165.83,3
Elderly,ACTIVE,Regularly,Garment Lower body,239.04,0
Adult,ACTIVE,NONE,Garment Lower body,239.04,4
Young Adult,ACTIVE,NONE,Garment Upper body,239.04,1
Young Adult,ACTIVE,Regularly,Underwear,165.83,3
Young Adult,ACTIVE,Regularly,Garment Lower body,291.33,3
Young Adult,ACTIVE,Regularly,Garment Upper body,199.3,3
Young Adult,ACTIVE,Regularly,Garment Full body,82.17,3
Young Adult,ACTIVE,NONE,Nightwear,218.12,1
Young Adult,ACTIVE,Regularly,Socks & Tights,71.82,3
Young Adult,ACTIVE,Regularly,Garment Lower body,312.24,3
Young Adult,ACTIVE,NONE,Socks & Tights,105.18,1
Young Adult,ACTIVE,NONE,Garment Upper body,96.29,1
Adult,ACTIVE,Regularly,Underwear,175.87,0
Adult,ACTIVE,Regularly,Garment Upper body,113.55,0
Young Adult,ACTIVE,NONE,Garment Upper body,239.04,1
Elderly,ACTIVE,NONE,Garment Upper body,265.29,4
Young Adult,ACTIVE,Regularly,Garment Upper body,134.46,3
Elderly,ACTIVE,NONE,Garment Upper body,71.72,4
Adult,ACTIVE,NONE,Swimwear,134.46,4
Young Adult,ACTIVE,NONE,Garment Upper body,155.38,1
Young Adult,ACTIVE,NONE,Shoes,134.46,1
Adult,ACTIVE,NONE,Shoes,312.24,4
Adult,ACTIVE,NONE,Garment Lower body,239.04,4
Young Adult,ACTIVE,Regularly,Garment Full body,525.26,3
Young Adult,ACTIVE,NONE,Garment Full body,134.46,1
Adult,ACTIVE,NONE,Garment Upper body,282.33,4
Adult,ACTIVE,Regularly,Garment Lower body,134.46,0
Adult,PRE-CREATE,NONE,Accessories,186.75,2
Young Adult,ACTIVE,NONE,Swimwear,155.38,1
Young Adult,ACTIVE,NONE,Garment Full body,395.9,1
Adult,ACTIVE,NONE,Garment Upper body,343.61,4
Young Adult,ACTIVE,NONE,Garment Full body,239.04,1
Young Adult,ACTIVE,NONE,Garment Lower body,343.61,1
Adult,ACTIVE,NONE,Garment Upper body,343.61,4
Adult,ACTIVE,NONE,Garment Full body,218.12,4
Young Adult,ACTIVE,Regularly,Accessories,134.46,3
Young Adult,ACTIVE,Regularly,Garment Lower body,218.12,3
Young Adult,ACTIVE,NONE,Garment Upper body,92.63,1
Adult,ACTIVE,NONE,Garment Lower body,301.78,4
Young Adult,ACTIVE,NONE,Garment Lower body,239.04,1
Young Adult,ACTIVE,Regularly,Garment Lower body,134.46,3
Young Adult,ACTIVE,NONE,Garment Upper body,82.17,1
Young Adult,ACTIVE,NONE,Garment Full body,448.19,1
Adult,ACTIVE,Regularly,Garment Lower body,122.54,0
Adult,ACTIVE,NONE,Garment Upper body,239.04,4
Young Adult,ACTIVE,Regularly,Garment Full body,186.75,3
Young Adult,ACTIVE,Regularly,Garment Upper body,40.34,3
Young Adult,ACTIVE,NONE,Underwear,165.83,1
Adult,ACTIVE,NONE,Garment Upper body,239.04,4
Young Adult,ACTIVE,Regularly,Underwear,186.75,3
Young Adult,ACTIVE,NONE,Underwear,70.25,1
Adult,ACTIVE,Regularly,Garment Upper body,113.55,0
Young Adult,ACTIVE,NONE,Garment Full body,197.21,1
Young Adult,ACTIVE,Regularly,Garment Lower body,82.17,3
Elderly,ACTIVE,NONE,Accessories,103.09,4
Adult,ACTIVE,Regularly,Garment Upper body,82.17,0
Young Adult,ACTIVE,Regularly,Swimwear,113.55,3
Adult,ACTIVE,NONE,Garment Upper body,82.17,4
Young Adult,ACTIVE,NONE,Garment Lower body,239.04,1
Adult,ACTIVE,NONE,Accessories,206.31,4
Adult,ACTIVE,Regularly,Garment Lower body,239.04,0
Young Adult,ACTIVE,NONE,Underwear,186.75,1
Young Adult,ACTIVE,NONE,Garment Upper body,186.75,1
Elderly,ACTIVE,Regularly,Garment Lower body,184.76,0
Elderly,ACTIVE,Regularly,Garment Upper body,197.21,0
Elderly,ACTIVE,NONE,Garment Full body,197.21,4
Adult,ACTIVE,NONE,Garment Upper body,113.55,4
Young Adult,ACTIVE,Monthly,Garment Upper body,761.92,3
Elderly,ACTIVE,NONE,Underwear,165.83,4
Adult,ACTIVE,NONE,Nightwear,197.21,4
Elderly,ACTIVE,Regularly,Garment Upper body,155.38,0
Young Adult,ACTIVE,NONE,Garment Lower body,186.75,1
Adult,ACTIVE,NONE,Garment Lower body,218.12,4
Young Adult,ACTIVE,Regularly,Garment Upper body,82.17,3
Young Adult,ACTIVE,NONE,Garment Upper body,124,1
Young Adult,ACTIVE,NONE,Socks & Tights,171.06,1
Adult,ACTIVE,NONE,Garment Upper body,113.55,4
Elderly,ACTIVE,NONE,Garment Upper body,239.04,4
Adult,ACTIVE,NONE,Garment Lower body,186.75,4
Young Adult,ACTIVE,Regularly,Garment Upper body,84.79,3
Young Adult,ACTIVE,NONE,Garment Full body,144.92,1
Young Adult,ACTIVE,Regularly,Garment Lower body,291.33,3
Young Adult,ACTIVE,NONE,Garment Upper body,239.04,1
Young Adult,ACTIVE,NONE,Garment Full body,113.55,1
Young Adult,ACTIVE,Regularly,Garment Lower body,218.12,3
Adult,ACTIVE,Regularly,Garment Upper body,354.07,0
Adult,ACTIVE,NONE,Garment Lower body,88.55,4
Adult,ACTIVE,NONE,Underwear,145.44,4
Elderly,ACTIVE,Regularly,Garment Upper body,239.04,0
Elderly,ACTIVE,NONE,Garment Upper body,218.12,4
Young Adult,ACTIVE,Regularly,Garment Upper body,82.17,3
Elderly,ACTIVE,Regularly,Underwear,165.83,0
Young Adult,ACTIVE,NONE,Garment Lower body,176.29,1
Young Adult,ACTIVE,NONE,Garment Upper body,395.9,1
Young Adult,ACTIVE,Regularly,Garment Full body,239.04,3
Young Adult,ACTIVE,Regularly,Garment Full body,239.04,3
Young Adult,ACTIVE,NONE,Garment Upper body,193.34,1
Adult,ACTIVE,Regularly,Garment Upper body,186.75,0
Adult,PRE-CREATE,NONE,Underwear,113.55,2
Young Adult,ACTIVE,NONE,Garment Upper body,82.17,1
Young Adult,ACTIVE,Regularly,Garment Lower body,239.04,3
Adult,ACTIVE,Regularly,Garment Upper body,395.9,0
Young Adult,ACTIVE,Regularly,Garment Lower body,186.75,3
Elderly,ACTIVE,Regularly,Shoes,239.04,0
Adult,ACTIVE,NONE,Underwear,165.83,4
Adult,ACTIVE,Regularly,Garment Full body,274.7,0
Adult,ACTIVE,Regularly,Accessories,186.75,0
Elderly,ACTIVE,NONE,Garment Upper body,113.55,4
Adult,ACTIVE,NONE,Garment Upper body,82.17,4
Young Adult,ACTIVE,NONE,Shoes,438.15,1
Adult,ACTIVE,NONE,Garment Upper body,57.7,4
Young Adult,ACTIVE,Regularly,Garment Upper body,92.63,3
Young Adult,ACTIVE,Regularly,Garment Upper body,61.26,3
Elderly,ACTIVE,Regularly,Garment Lower body,239.04,0
Young Adult,ACTIVE,NONE,Garment Lower body,113.55,1
Young Adult,ACTIVE,Regularly,Socks & Tights,99.64,3
Adult,ACTIVE,Regularly,Garment Upper body,866.5,0
Young Adult,ACTIVE,Regularly,Garment Upper body,197.21,3
Adult,ACTIVE,NONE,Garment Upper body,186.75,4
Adult,ACTIVE,NONE,Garment Lower body,552.77,4
Young Adult,ACTIVE,NONE,Garment Upper body,343.61,1
Young Adult,ACTIVE,NONE,Socks & Tights,64.71,1
Elderly,PRE-CREATE,NONE,Shoes,134.46,2
Young Adult,ACTIVE,NONE,Garment Upper body,61.26,1
Adult,ACTIVE,Regularly,Garment Lower body,552.77,0
Young Adult,ACTIVE,NONE,Garment Upper body,111.46,1
Elderly,ACTIVE,NONE,Garment Full body,92.63,4
Young Adult,ACTIVE,NONE,Underwear,103.09,1
Young Adult,ACTIVE,Regularly,Garment Full body,359.3,3
Adult,ACTIVE,Regularly,Garment Upper body,228.58,0
Young Adult,ACTIVE,Regularly,Garment Lower body,103.09,3
Young Adult,ACTIVE,Regularly,Garment Upper body,291.33,3
Elderly,ACTIVE,Regularly,Underwear,186.75,0
Young Adult,ACTIVE,Regularly,Socks & Tights,89.18,3
Young Adult,ACTIVE,NONE,Garment Lower body,103.09,1
Adult,ACTIVE,Regularly,Garment Lower body,134.46,0
Young Adult,ACTIVE,NONE,Underwear,133,1
Young Adult,ACTIVE,Regularly,Garment Lower body,343.61,3
Adult,ACTIVE,Regularly,Garment Lower body,218.12,0
Young Adult,ACTIVE,Regularly,Accessories,82.17,3
Adult,ACTIVE,Regularly,Garment Full body,94.3,0
Young Adult,ACTIVE,NONE,Garment Upper body,186.75,1
Young Adult,ACTIVE,NONE,Garment Full body,239.04,1
Adult,ACTIVE,NONE,Garment Lower body,197.21,4
Adult,ACTIVE,NONE,Garment Lower body,134.46,4
Young Adult,ACTIVE,Regularly,Garment Lower body,280.87,3
Young Adult,ACTIVE,NONE,Garment Lower body,181.31,1
Young Adult,ACTIVE,Regularly,Garment Upper body,186.75,3
Adult,ACTIVE,Regularly,Garment Lower body,155.38,0
Adult,ACTIVE,NONE,Garment Upper body,197.21,4
Adult,ACTIVE,Regularly,Socks & Tights,50.8,0
Adult,ACTIVE,Regularly,Garment Lower body,153.81,0
Young Adult,ACTIVE,NONE,Garment Upper body,103.09,1
Adult,ACTIVE,Regularly,Garment Upper body,155.38,0
Young Adult,ACTIVE,NONE,Garment Upper body,218.12,1
Young Adult,ACTIVE,Regularly,Accessories,82.17,3
Adult,ACTIVE,Regularly,Garment Full body,343.61,0
Young Adult,ACTIVE,NONE,Garment Full body,343.61,1
Adult,ACTIVE,Regularly,Garment Lower body,134.46,0
Young Adult,ACTIVE,Regularly,Garment Lower body,296.56,3
Elderly,ACTIVE,Regularly,Accessories,113.55,0
Elderly,ACTIVE,NONE,Garment Upper body,103.09,4
Elderly,ACTIVE,NONE,Garment Upper body,427.28,4
Young Adult,NO MEMBERSHIP,NONE,Swimwear,239.04,2
Young Adult,ACTIVE,Regularly,Underwear,113.65,3
Adult,ACTIVE,Regularly,Garment Upper body,89.49,0
Young Adult,ACTIVE,Regularly,Swimwear,186.75,3
Young Adult,ACTIVE,NONE,Accessories,186.75,1
Young Adult,ACTIVE,Regularly,Garment Upper body,113.55,3
Adult,ACTIVE,Regularly,Accessories,113.55,0
Young Adult,ACTIVE,Regularly,Underwear,239.04,3
Young Adult,ACTIVE,Regularly,Garment Upper body,291.33,3
Elderly,ACTIVE,NONE,Garment Upper body,126.1,4
Young Adult,ACTIVE,NONE,Garment Upper body,500.48,1
Young Adult,ACTIVE,NONE,Garment Upper body,249.5,1
Adult,ACTIVE,NONE,Garment Lower body,280.87,4
Young Adult,ACTIVE,NONE,Garment Upper body,96.81,1
Adult,ACTIVE,Regularly,Underwear,165.83,0
Young Adult,ACTIVE,Regularly,Garment Upper body,239.04,3
Young Adult,ACTIVE,Regularly,Socks & Tights,95.45,3
Young Adult,ACTIVE,NONE,Swimwear,291.33,1
Elderly,ACTIVE,Regularly,Shoes,239.04,0
Adult,ACTIVE,Regularly,Garment Full body,134.46,0
Elderly,ACTIVE,Regularly,Garment Upper body,239.04,0
Young Adult,ACTIVE,NONE,Garment Upper body,133.42,1
Young Adult,ACTIVE,NONE,Socks & Tights,110.62,1
Adult,ACTIVE,NONE,Garment Upper body,134.46,4
Adult,ACTIVE,NONE,Garment Upper body,343.61,4
Teenager,ACTIVE,NONE,Garment Full body,109.89,0
Young Adult,ACTIVE,NONE,Swimwear,182.99,1
Young Adult,ACTIVE,NONE,Garment Upper body,239.04,1
Young Adult,ACTIVE,NONE,Swimwear,218.12,1
Adult,ACTIVE,Regularly,Swimwear,114.07,0
Adult,ACTIVE,Regularly,Swimwear,218.12,0
Adult,ACTIVE,NONE,Garment Upper body,228.58,4
Adult,ACTIVE,NONE,Garment Lower body,239.04,4
Adult,ACTIVE,NONE,Accessories,448.19,4
Adult,ACTIVE,NONE,Swimwear,134.46,4
Young Adult,ACTIVE,NONE,Shoes,448.19,1
Young Adult,ACTIVE,NONE,Garment Upper body,82.17,1
Young Adult,ACTIVE,NONE,Underwear,82.17,1
Young Adult,ACTIVE,Regularly,Accessories,103.4,3
Elderly,ACTIVE,NONE,Garment Upper body,186.75,4
Young Adult,ACTIVE,NONE,Accessories,113.55,1
Young Adult,ACTIVE,NONE,Shoes,239.04,1
Young Adult,ACTIVE,Regularly,Garment Full body,218.12,3
Elderly,ACTIVE,Regularly,Garment Upper body,142.83,0
Young Adult,ACTIVE,NONE,Accessories,291.33,1
Young Adult,ACTIVE,NONE,Accessories,105.18,1
Young Adult,ACTIVE,Regularly,Accessories,71.72,3
Young Adult,ACTIVE,NONE,Garment Upper body,124,1
Young Adult,ACTIVE,NONE,Garment Upper body,291.33,1
Young Adult,ACTIVE,Regularly,Garment Full body,71.72,3
Elderly,ACTIVE,Regularly,Garment Lower body,239.04,0
Adult,ACTIVE,NONE,Garment Lower body,239.04,4
Adult,ACTIVE,Regularly,Garment Upper body,165.83,0
Elderly,ACTIVE,Regularly,Garment Lower body,307.01,0
Young Adult,ACTIVE,NONE,Garment Upper body,218.12,1
Adult,ACTIVE,NONE,Garment Upper body,343.61,4
Young Adult,ACTIVE,NONE,Accessories,46.83,1
Young Adult,ACTIVE,NONE,Garment Upper body,395.9,1
Adult,ACTIVE,Regularly,Garment Upper body,85.83,0
Young Adult,ACTIVE,Regularly,Garment Lower body,124,3
Young Adult,ACTIVE,NONE,Garment Lower body,207.67,1
Adult,ACTIVE,NONE,Garment Upper body,186.75,4
Adult,ACTIVE,Regularly,Garment Lower body,239.04,0
Young Adult,ACTIVE,Regularly,Garment Full body,205.16,3
Adult,ACTIVE,Regularly,Garment Upper body,343.61,0
Young Adult,ACTIVE,Regularly,Garment Upper body,552.77,3
Young Adult,ACTIVE,NONE,Garment Lower body,343.61,1
Young Adult,ACTIVE,NONE,Garment Upper body,291.33,1
Young Adult,ACTIVE,Regularly,Accessories,113.55,3
Adult,ACTIVE,Regularly,Garment Full body,296.56,0
Young Adult,ACTIVE,NONE,Garment Upper body,92.95,1
Young Adult,ACTIVE,NONE,Garment Lower body,291.33,1
Elderly,ACTIVE,NONE,Swimwear,134.46,4
Young Adult,ACTIVE,NONE,Garment Upper body,657.34,1
Young Adult,ACTIVE,Regularly,Garment Full body,155.38,3
Adult,ACTIVE,Regularly,Garment Lower body,270.41,0
Young Adult,ACTIVE,Regularly,Swimwear,134.46,3
Young Adult,ACTIVE,NONE,Garment Full body,304.19,1
Adult,ACTIVE,NONE,Garment Upper body,395.9,4
Adult,ACTIVE,Regularly,Swimwear,186.75,0
Adult,ACTIVE,Regularly,Garment Upper body,343.61,0
Young Adult,ACTIVE,NONE,Garment Upper body,186.75,1
Young Adult,ACTIVE,Regularly,Garment Upper body,134.46,3
Adult,ACTIVE,Regularly,Garment Upper body,866.5,0
Young Adult,ACTIVE,NONE,Swimwear,134.46,1
Adult,PRE-CREATE,NONE,Garment Lower body,291.33,2
Young Adult,ACTIVE,NONE,Swimwear,134.46,1
Adult,ACTIVE,NONE,Swimwear,186.75,4
Young Adult,ACTIVE,Regularly,Garment Upper body,239.04,3
Adult,ACTIVE,Regularly,Garment Upper body,134.46,0
Young Adult,ACTIVE,Regularly,Garment Full body,448.19,3
Young Adult,ACTIVE,NONE,Swimwear,239.04,1
Adult,ACTIVE,NONE,Garment Lower body,239.04,4
Adult,ACTIVE,Regularly,Garment Lower body,343.61,0
Young Adult,ACTIVE,NONE,Garment Lower body,343.61,1
Elderly,ACTIVE,Regularly,Garment Full body,395.9,0
Young Adult,ACTIVE,NONE,Garment Upper body,552.77,1
Young Adult,ACTIVE,NONE,Garment Lower body,239.04,1
Young Adult,ACTIVE,NONE,Swimwear,124,1
Young Adult,ACTIVE,Regularly,Garment Upper body,291.33,3
Young Adult,ACTIVE,NONE,Garment Upper body,186.75,1
Adult,ACTIVE,NONE,Garment Upper body,343.61,4
Elderly,ACTIVE,Regularly,Garment Upper body,124,0
Elderly,ACTIVE,Regularly,Garment Lower body,49.96,0
Young Adult,ACTIVE,NONE,Garment Upper body,165.83,1
Adult,ACTIVE,NONE,Garment Upper body,186.75,4
Young Adult,ACTIVE,NONE,Garment Upper body,172.11,1
Young Adult,ACTIVE,Regularly,Garment Upper body,448.19,3
Elderly,ACTIVE,NONE,Nightwear,239.04,4
Young Adult,ACTIVE,NONE,Underwear,134.46,1
Young Adult,ACTIVE,NONE,Garment Upper body,218.12,1
Adult,ACTIVE,NONE,Nightwear,171.06,4
Young Adult,ACTIVE,Regularly,Shoes,197.21,3
Young Adult,ACTIVE,Regularly,Garment Upper body,96.81,3
Young Adult,ACTIVE,NONE,Garment Lower body,124,1
Young Adult,ACTIVE,NONE,Garment Full body,336.71,1
Young Adult,ACTIVE,NONE,Swimwear,186.75,1
Adult,ACTIVE,Regularly,Garment Full body,186.75,0
Adult,ACTIVE,Regularly,Garment Lower body,301.78,0
Young Adult,ACTIVE,Regularly,Swimwear,180.48,3
Young Adult,ACTIVE,NONE,Garment Upper body,186.75,1
Adult,ACTIVE,NONE,Garment Upper body,92.63,4
Adult,ACTIVE,Regularly,Underwear,134.46,0
Young Adult,ACTIVE,NONE,Garment Upper body,113.55,1
Adult,ACTIVE,NONE,Garment Lower body,101,4
Adult,ACTIVE,NONE,Garment Full body,343.61,4
Young Adult,ACTIVE,NONE,Garment Upper body,91.27,1
Young Adult,ACTIVE,NONE,Garment Upper body,113.55,1
Young Adult,ACTIVE,NONE,Garment Lower body,106.54,1
Adult,ACTIVE,Regularly,Garment Lower body,177.76,0
Young Adult,ACTIVE,Regularly,Garment Upper body,239.04,3
Young Adult,ACTIVE,Regularly,Underwear,101,3
Young Adult,ACTIVE,Regularly,Garment Upper body,134.46,3
Elderly,ACTIVE,NONE,Unknown,79.77,4
Elderly,ACTIVE,Regularly,Garment Full body,186.75,0
Young Adult,ACTIVE,Regularly,Garment Lower body,343.61,3
Young Adult,ACTIVE,Regularly,Shoes,112.5,3
Adult,ACTIVE,Regularly,Garment Lower body,134.46,0
Young Adult,ACTIVE,NONE,Garment Upper body,343.61,1
Young Adult,ACTIVE,Regularly,Underwear,165.83,3
Adult,ACTIVE,Regularly,Garment Lower body,343.61,0
Young Adult,ACTIVE,Regularly,Garment Upper body,239.04,3
Elderly,ACTIVE,Regularly,Garment Lower body,239.04,0
Young Adult,ACTIVE,Regularly,Swimwear,124,3
Young Adult,ACTIVE,NONE,Garment Lower body,134.46,1
Adult,ACTIVE,Regularly,Garment Upper body,291.33,0
Young Adult,ACTIVE,NONE,Garment Lower body,134.46,1
Elderly,ACTIVE,Regularly,Garment Upper body,175.25,0
Adult,ACTIVE,Regularly,Garment Upper body,364.53,0
Elderly,ACTIVE,NONE,Garment Full body,239.04,4
Young Adult,ACTIVE,Regularly,Garment Lower body,213.84,3
Young Adult,ACTIVE,NONE,Garment Full body,239.04,1
Adult,ACTIVE,NONE,Garment Upper body,218.12,4
Adult,ACTIVE,Regularly,Underwear,165.83,0
Young Adult,ACTIVE,Regularly,Garment Upper body,239.04,3
Adult,ACTIVE,NONE,Garment Upper body,239.04,4
Young Adult,ACTIVE,Regularly,Garment Upper body,134.46,3
Young Adult,ACTIVE,NONE,Garment Upper body,124,1
Young Adult,ACTIVE,Regularly,Garment Lower body,406.36,3
Young Adult,ACTIVE,Regularly,Garment Upper body,165.83,3
Young Adult,ACTIVE,NONE,Garment Lower body,129.23,1
Young Adult,ACTIVE,Regularly,Garment Upper body,343.61,3
Adult,ACTIVE,Regularly,Garment Upper body,144.92,0
Young Adult,ACTIVE,NONE,Swimwear,186.75,1
Adult,ACTIVE,NONE,Garment Full body,171.06,4
Adult,ACTIVE,NONE,Swimwear,199.3,4
Young Adult,ACTIVE,NONE,Underwear,134.46,1
Young Adult,ACTIVE,Regularly,Garment Upper body,134.46,3
Young Adult,ACTIVE,Regularly,Socks & Tights,134.46,3
Young Adult,ACTIVE,Regularly,Accessories,61.26,3
Young Adult,ACTIVE,NONE,Garment Full body,239.04,1
Elderly,ACTIVE,NONE,Swimwear,80.19,4
Elderly,ACTIVE,Regularly,Garment Upper body,113.55,0
Young Adult,ACTIVE,Regularly,Garment Upper body,239.04,3
Young Adult,ACTIVE,Regularly,Garment Upper body,385.45,3
Adult,ACTIVE,NONE,Garment Full body,291.33,4
Young Adult,ACTIVE,NONE,Accessories,50.17,1
Young Adult,ACTIVE,Regularly,Accessories,134.46,3
Young Adult,ACTIVE,Regularly,Swimwear,124,3
Young Adult,ACTIVE,NONE,Garment Upper body,448.19,1
Elderly,ACTIVE,Regularly,Garment Upper body,103.09,0
Adult,ACTIVE,NONE,Garment Lower body,265.18,4
Young Adult,ACTIVE,NONE,Garment Full body,186.75,1
Young Adult,ACTIVE,NONE,Garment Upper body,239.04,1
Young Adult,ACTIVE,NONE,Garment Full body,239.04,1
Young Adult,ACTIVE,NONE,Swimwear,180.48,1
Adult,ACTIVE,NONE,Garment Upper body,291.33,4
Young Adult,ACTIVE,Regularly,Swimwear,186.75,3
Young Adult,ACTIVE,Regularly,Garment Lower body,239.04,3
Adult,ACTIVE,Regularly,Garment Full body,395.9,0
Young Adult,PRE-CREATE,NONE,Garment Upper body,186.75,2
Young Adult,ACTIVE,NONE,Garment Upper body,448.19,1
Adult,ACTIVE,Regularly,Garment Upper body,395.9,0
Young Adult,ACTIVE,NONE,Garment Upper body,239.04,1
Young Adult,ACTIVE,NONE,Garment Upper body,448.19,1
Young Adult,ACTIVE,NONE,Garment Upper body,186.75,1
Adult,ACTIVE,Regularly,Garment Upper body,113.55,0
Young Adult,ACTIVE,NONE,Garment Upper body,103.09,1
Elderly,ACTIVE,Regularly,Garment Lower body,223.14,0
Elderly,ACTIVE,NONE,Garment Upper body,761.92,4
Young Adult,ACTIVE,NONE,Garment Lower body,183.09,1
Adult,ACTIVE,Regularly,Garment Upper body,82.17,0
Young Adult,ACTIVE,NONE,Garment Lower body,239.04,1
Young Adult,ACTIVE,NONE,Garment Upper body,82.17,1
Elderly,ACTIVE,NONE,Garment Full body,92.63,4
Young Adult,ACTIVE,Regularly,Garment Upper body,239.04,3
Adult,ACTIVE,Regularly,Garment Lower body,343.61,0
Adult,ACTIVE,NONE,Garment Upper body,82.17,4
Young Adult,ACTIVE,NONE,Garment Full body,395.9,1
Young Adult,ACTIVE,NONE,Accessories,111.04,1
Adult,ACTIVE,NONE,Garment Lower body,218.12,4
Adult,ACTIVE,Regularly,Garment Lower body,343.61,0
Young Adult,ACTIVE,NONE,Garment Upper body,233.08,1
Young Adult,ACTIVE,Regularly,Garment Lower body,239.04,3
Adult,ACTIVE,Regularly,Garment Upper body,178.59,0
Adult,ACTIVE,Regularly,Garment Lower body,186.75,0
Young Adult,ACTIVE,NONE,Garment Full body,186.75,1
Young Adult,ACTIVE,NONE,Garment Upper body,105.18,1
Young Adult,ACTIVE,Regularly,Garment Upper body,133.1,3
Young Adult,ACTIVE,NONE,Garment Upper body,186.75,1
Elderly,ACTIVE,Regularly,Garment Upper body,82.17,0
Adult,ACTIVE,Regularly,Garment Full body,343.61,0
Young Adult,ACTIVE,NONE,Swimwear,50.8,1
Young Adult,ACTIVE,NONE,Garment Upper body,186.75,1
Elderly,ACTIVE,Regularly,Garment Upper body,134.46,0
Elderly,ACTIVE,NONE,Garment Upper body,92.63,4
Young Adult,ACTIVE,NONE,Underwear,155.38,1
Young Adult,ACTIVE,NONE,Garment Full body,134.46,1
Young Adult,ACTIVE,NONE,Garment Upper body,156.95,1
Young Adult,ACTIVE,NONE,Garment Upper body,239.04,1
Young Adult,ACTIVE,Regularly,Accessories,111.35,3
Young Adult,ACTIVE,NONE,Garment Upper body,186.75,1
Young Adult,ACTIVE,NONE,Underwear,186.75,1
Elderly,ACTIVE,Regularly,Garment Upper body,343.61,0
Elderly,ACTIVE,NONE,Garment Full body,58.12,4
Young Adult,ACTIVE,NONE,Garment Lower body,239.04,1
Elderly,ACTIVE,NONE,Garment Lower body,448.19,4
Young Adult,ACTIVE,NONE,Accessories,71.72,1
Young Adult,ACTIVE,NONE,Garment Lower body,448.19,1
Young Adult,ACTIVE,Regularly,Garment Upper body,186.75,3
Young Adult,ACTIVE,Regularly,Accessories,92.63,3
Young Adult,ACTIVE,Regularly,Garment Full body,343.61,3
Young Adult,ACTIVE,NONE,Underwear,57.08,1
Young Adult,ACTIVE,NONE,Garment Full body,657.34,1
Adult,ACTIVE,NONE,Garment Lower body,172.11,4
Young Adult,ACTIVE,NONE,Swimwear,134.46,1
Young Adult,PRE-CREATE,NONE,Garment Upper body,134.46,2
Adult,ACTIVE,NONE,Garment Lower body,124,4
Young Adult,ACTIVE,Regularly,Swimwear,218.12,3
Young Adult,ACTIVE,Regularly,Garment Upper body,343.61,3
Young Adult,ACTIVE,Regularly,Garment Full body,176.29,3
Young Adult,ACTIVE,NONE,Garment Upper body,108.32,1
Young Adult,ACTIVE,Regularly,Shoes,239.04,3
Young Adult,ACTIVE,NONE,Shoes,113.55,1
Young Adult,ACTIVE,NONE,Garment Full body,552.77,1
Young Adult,ACTIVE,Regularly,Garment Full body,500.48,3
Young Adult,ACTIVE,NONE,Garment Upper body,181.1,1
Adult,ACTIVE,Regularly,Garment Lower body,124,0
Adult,ACTIVE,NONE,Underwear,165.83,4
Adult,ACTIVE,NONE,Garment Lower body,291.33,4
Adult,ACTIVE,Regularly,Garment Upper body,92.63,0
Adult,ACTIVE,Regularly,Garment Full body,239.04,0
Young Adult,ACTIVE,NONE,Garment Lower body,155.38,1
Adult,ACTIVE,Regularly,Garment Full body,239.04,0
Young Adult,ACTIVE,NONE,Garment Upper body,134.46,1
Young Adult,ACTIVE,NONE,Garment Upper body,134.46,1
Adult,ACTIVE,Regularly,Garment Upper body,1901.91,0
Young Adult,ACTIVE,NONE,Garment Full body,155.38,1
Adult,PRE-CREATE,NONE,Swimwear,218.12,2
Young Adult,ACTIVE,NONE,Accessories,113.55,1
Adult,NO MEMBERSHIP,NONE,Garment Lower body,291.33,2
Young Adult,ACTIVE,Regularly,Garment Lower body,239.04,3
Elderly,ACTIVE,NONE,Garment Full body,291.33,4
Young Adult,ACTIVE,NONE,Garment Upper body,113.55,1
Young Adult,ACTIVE,NONE,Garment Lower body,291.33,1
Young Adult,ACTIVE,Regularly,Garment Upper body,291.33,3
Adult,ACTIVE,NONE,Garment Upper body,124,4
Adult,ACTIVE,NONE,Garment Upper body,232.66,4
Young Adult,ACTIVE,Regularly,Garment Upper body,82.17,3
Young Adult,ACTIVE,Regularly,Swimwear,113.55,3
Adult,ACTIVE,Regularly,Garment Lower body,71.72,0
Adult,ACTIVE,Regularly,Garment Lower body,239.04,0
Young Adult,ACTIVE,NONE,Swimwear,105.18,1
Elderly,ACTIVE,NONE,Garment Upper body,343.61,4
Adult,ACTIVE,Regularly,Garment Upper body,218.12,0
Adult,ACTIVE,NONE,Garment Lower body,197.21,4
Adult,ACTIVE,NONE,Garment Upper body,82.17,4
Young Adult,ACTIVE,NONE,Garment Upper body,134.46,1
Teenager,ACTIVE,Regularly,Garment Upper body,103.09,0
Young Adult,ACTIVE,NONE,Garment Upper body,340.48,1
Young Adult,ACTIVE,NONE,Garment Lower body,275.85,1
Young Adult,ACTIVE,Regularly,Swimwear,118.78,3
Young Adult,ACTIVE,NONE,Garment Lower body,296.56,1
Young Adult,ACTIVE,Regularly,Underwear,113.55,3
Adult,ACTIVE,NONE,Garment Lower body,252.11,4
Young Adult,ACTIVE,NONE,Garment Upper body,239.04,1
Young Adult,ACTIVE,Regularly,Accessories,82.17,3
Young Adult,ACTIVE,NONE,Garment Lower body,235.27,1
Young Adult,ACTIVE,NONE,Nightwear,113.55,1
Adult,ACTIVE,Regularly,Garment Upper body,239.04,0
Young Adult,ACTIVE,Regularly,Garment Upper body,186.75,3
Young Adult,ACTIVE,NONE,Garment Upper body,343.61,1
Young Adult,ACTIVE,Regularly,Garment Upper body,152.24,3
Adult,PRE-CREATE,NONE,Garment Lower body,291.33,2
Young Adult,ACTIVE,Regularly,Garment Lower body,343.61,3
Young Adult,ACTIVE,Regularly,Garment Upper body,165.83,3
Young Adult,ACTIVE,NONE,Shoes,124,1
Young Adult,ACTIVE,NONE,Accessories,103.09,1
Young Adult,ACTIVE,NONE,Accessories,49.13,1
Young Adult,ACTIVE,NONE,Swimwear,82.17,1
Young Adult,ACTIVE,NONE,Garment Upper body,131.01,1
Young Adult,ACTIVE,NONE,Garment Upper body,239.04,1
Young Adult,ACTIVE,Regularly,Swimwear,239.04,3
Adult,ACTIVE,NONE,Garment Upper body,239.04,4
Young Adult,ACTIVE,Regularly,Garment Full body,343.61,3
Young Adult,ACTIVE,NONE,Swimwear,147.53,1
Adult,ACTIVE,NONE,Garment Upper body,343.61,4
Young Adult,ACTIVE,NONE,Swimwear,134.46,1
Adult,ACTIVE,Regularly,Garment Lower body,239.04,0
Adult,ACTIVE,NONE,Garment Upper body,92.63,4
Adult,ACTIVE,NONE,Garment Lower body,291.33,4
Adult,ACTIVE,NONE,Garment Upper body,657.34,4
Young Adult,ACTIVE,NONE,Garment Upper body,123.69,1
Young Adult,ACTIVE,Regularly,Garment Upper body,103.09,3
Adult,ACTIVE,Regularly,Shoes,176.29,0
Adult,ACTIVE,NONE,Garment Upper body,114.59,4
Young Adult,ACTIVE,NONE,Garment Upper body,82.17,1
Adult,ACTIVE,Regularly,Garment Upper body,134.46,0
Young Adult,ACTIVE,Regularly,Garment Full body,239.04,3
Young Adult,ACTIVE,NONE,Garment Upper body,192.4,1
Adult,ACTIVE,Regularly,Garment Upper body,71.72,0
Young Adult,ACTIVE,NONE,Swimwear,134.46,1
Young Adult,ACTIVE,NONE,Garment Upper body,103.09,1
Young Adult,ACTIVE,Regularly,Garment Upper body,125.89,3
Young Adult,ACTIVE,NONE,Swimwear,395.9,1
Young Adult,ACTIVE,NONE,Underwear,291.33,1
Young Adult,ACTIVE,Regularly,Socks & Tights,113.55,3
Young Adult,ACTIVE,Regularly,Garment Lower body,268.11,3
Young Adult,ACTIVE,NONE,Underwear,178.59,1
Young Adult,ACTIVE,NONE,Garment Upper body,113.55,1
Young Adult,ACTIVE,Regularly,Underwear,71.72,3
Young Adult,ACTIVE,Regularly,Garment Upper body,92.63,3
Adult,ACTIVE,NONE,Swimwear,165.83,4
Young Adult,ACTIVE,NONE,Garment Upper body,134.46,1
Young Adult,PRE-CREATE,NONE,Garment Upper body,343.61,2
Young Adult,ACTIVE,NONE,Swimwear,134.46,1
Young Adult,ACTIVE,NONE,Swimwear,218.12,1
Young Adult,ACTIVE,NONE,Underwear,175.04,1
Adult,ACTIVE,Regularly,Garment Lower body,105.18,0
Adult,ACTIVE,NONE,Swimwear,186.75,4
Young Adult,ACTIVE,Regularly,Garment Lower body,108.42,3
Young Adult,ACTIVE,Regularly,Garment Upper body,230.25,3
Young Adult,ACTIVE,Regularly,Garment Upper body,239.04,3
Adult,ACTIVE,NONE,Underwear,155.38,4
Elderly,ACTIVE,Regularly,Garment Full body,343.61,0
Young Adult,ACTIVE,NONE,Garment Full body,239.04,1
Adult,ACTIVE,NONE,Garment Lower body,218.12,4
Young Adult,ACTIVE,NONE,Garment Lower body,134.46,1
Adult,ACTIVE,Regularly,Garment Full body,343.61,0
Adult,ACTIVE,Regularly,Swimwear,199.3,0
Adult,ACTIVE,NONE,Garment Upper body,69.62,4
Young Adult,ACTIVE,Regularly,Garment Upper body,165.83,3
Young Adult,ACTIVE,NONE,Garment Full body,177.97,1
Young Adult,ACTIVE,NONE,Garment Full body,121.29,1
Young Adult,ACTIVE,NONE,Garment Full body,165.83,1
Elderly,ACTIVE,NONE,Swimwear,134.46,4
Elderly,ACTIVE,Regularly,Garment Lower body,134.46,0
Adult,ACTIVE,Regularly,Garment Upper body,239.04,0
Young Adult,ACTIVE,Regularly,Underwear,186.75,3
Young Adult,ACTIVE,NONE,Garment Upper body,134.46,1
Young Adult,ACTIVE,Regularly,Garment Full body,155.38,3
Adult,ACTIVE,NONE,Garment Lower body,333.05,4
Adult,ACTIVE,NONE,Garment Lower body,239.04,4
Adult,ACTIVE,NONE,Underwear,123.48,4
Young Adult,ACTIVE,NONE,Garment Full body,291.33,1
Young Adult,ACTIVE,NONE,Swimwear,291.33,1
Adult,ACTIVE,NONE,Garment Lower body,124,4
Adult,ACTIVE,Regularly,Garment Upper body,186.75,0
Young Adult,ACTIVE,NONE,Garment Lower body,291.33,1
Young Adult,ACTIVE,NONE,Garment Upper body,239.04,1
Young Adult,ACTIVE,Regularly,Garment Upper body,186.75,3
Elderly,ACTIVE,Regularly,Garment Lower body,186.75,0
Young Adult,ACTIVE,NONE,Garment Lower body,197.21,1
Young Adult,ACTIVE,Regularly,Nightwear,239.04,3
Young Adult,ACTIVE,NONE,Garment Upper body,333.58,1
Young Adult,ACTIVE,NONE,Garment Full body,552.77,1
Adult,ACTIVE,NONE,Garment Full body,239.04,4
Young Adult,ACTIVE,NONE,Garment Upper body,171.06,1
Young Adult,ACTIVE,Regularly,Swimwear,395.9,3
Adult,ACTIVE,NONE,Garment Upper body,82.17,4
Young Adult,ACTIVE,NONE,Garment Upper body,236.63,1
Elderly,ACTIVE,Regularly,Garment Upper body,134.46,0
Young Adult,ACTIVE,NONE,Garment Upper body,113.55,1
Adult,ACTIVE,NONE,Garment Lower body,291.33,4
Young Adult,ACTIVE,NONE,Shoes,165.83,1
Young Adult,ACTIVE,NONE,Garment Upper body,92.63,1
Young Adult,ACTIVE,NONE,Garment Lower body,186.75,1
Adult,ACTIVE,Regularly,Garment Upper body,343.82,0
Young Adult,ACTIVE,NONE,Accessories,131.32,1
Adult,ACTIVE,Regularly,Underwear,171.17,0
Young Adult,ACTIVE,Regularly,Swimwear,171.06,3
Young Adult,ACTIVE,Regularly,Garment Upper body,186.75,3
Young Adult,ACTIVE,NONE,Swimwear,239.04,1
Young Adult,ACTIVE,Regularly,Garment Full body,552.77,3
Young Adult,ACTIVE,Regularly,Garment Upper body,61.26,3
Young Adult,ACTIVE,NONE,Garment Upper body,291.33,1
Young Adult,ACTIVE,NONE,Swimwear,218.12,1
Adult,ACTIVE,Regularly,Accessories,103.09,0
Elderly,ACTIVE,NONE,Garment Full body,359.3,4
Young Adult,ACTIVE,Regularly,Garment Upper body,218.12,3
Adult,ACTIVE,NONE,Garment Lower body,235.06,4
Adult,ACTIVE,NONE,Garment Upper body,186.75,4
Adult,ACTIVE,NONE,Underwear,180.48,4
Adult,ACTIVE,Regularly,Swimwear,132.06,0
Young Adult,ACTIVE,NONE,Shoes,186.75,1
Young Adult,ACTIVE,Regularly,Garment Upper body,169.29,3
Elderly,ACTIVE,NONE,Garment Upper body,218.12,4
Young Adult,ACTIVE,Regularly,Garment Upper body,186.75,3
Adult,ACTIVE,Regularly,Garment Upper body,186.75,0
Elderly,ACTIVE,NONE,Garment Upper body,186.75,4
Young Adult,ACTIVE,NONE,Garment Full body,211.12,1
Adult,ACTIVE,NONE,Garment Lower body,186.75,4
Young Adult,ACTIVE,NONE,Garment Lower body,165.83,1
Young Adult,ACTIVE,NONE,Garment Upper body,134.46,1
Young Adult,ACTIVE,NONE,Garment Lower body,402.18,1
Adult,ACTIVE,Regularly,Garment Upper body,395.9,0
Young Adult,ACTIVE,NONE,Underwear,186.75,1
Young Adult,ACTIVE,Regularly,Garment Upper body,82.17,3
Adult,ACTIVE,NONE,Garment Upper body,239.04,4
Adult,ACTIVE,NONE,Accessories,73.81,4
Young Adult,ACTIVE,NONE,Garment Upper body,186.75,1
Adult,ACTIVE,NONE,Swimwear,199.3,4
Young Adult,ACTIVE,Regularly,Garment Upper body,186.75,3
Adult,ACTIVE,NONE,Garment Full body,253.57,4
Adult,ACTIVE,Regularly,Garment Upper body,197.31,0
Adult,ACTIVE,Regularly,Garment Lower body,80.08,0
Young Adult,ACTIVE,Regularly,Swimwear,218.12,3
Young Adult,ACTIVE,Regularly,Garment Upper body,92.63,3
Young Adult,ACTIVE,Regularly,Garment Upper body,134.46,3
Adult,ACTIVE,Regularly,Garment Upper body,103.09,0
Adult,ACTIVE,Regularly,Garment Upper body,113.55,0
Young Adult,ACTIVE,Regularly,Garment Upper body,291.33,3
Elderly,ACTIVE,Regularly,Garment Lower body,552.77,0
Adult,ACTIVE,NONE,Socks & Tights,39.3,4
Adult,ACTIVE,Regularly,Garment Upper body,134.46,0
Young Adult,ACTIVE,NONE,Garment Upper body,448.19,1
Adult,ACTIVE,NONE,Underwear,125.15,4
Young Adult,ACTIVE,NONE,Garment Upper body,113.55,1
Elderly,ACTIVE,NONE,Garment Upper body,165.83,4
Young Adult,ACTIVE,Regularly,Garment Upper body,113.55,3
Adult,ACTIVE,NONE,Garment Upper body,239.04,4
Young Adult,ACTIVE,NONE,Garment Upper body,280.87,1
Young Adult,ACTIVE,Regularly,Garment Upper body,82.17,3
Adult,ACTIVE,Regularly,Garment Upper body,239.04,0
Teenager,ACTIVE,NONE,Accessories,113.55,0
Adult,ACTIVE,Regularly,Garment Upper body,113.55,0
Adult,PRE-CREATE,NONE,Garment Lower body,343.61,2
Adult,ACTIVE,Regularly,Garment Upper body,280.87,0
Young Adult,ACTIVE,NONE,Garment Upper body,92.32,1
Adult,ACTIVE,Regularly,Garment Upper body,343.61,0
Young Adult,ACTIVE,Regularly,Underwear,96.81,3
Adult,ACTIVE,Regularly,Garment Upper body,239.04,0
Young Adult,ACTIVE,Regularly,Garment Upper body,169.49,3
Young Adult,ACTIVE,Regularly,Garment Lower body,239.04,3
Adult,ACTIVE,NONE,Garment Upper body,171.06,4
Young Adult,ACTIVE,NONE,Garment Full body,197.21,1
Young Adult,ACTIVE,NONE,Swimwear,186.75,1
Young Adult,ACTIVE,NONE,Garment Upper body,134.46,1
Elderly,ACTIVE,Regularly,Garment Lower body,319.14,0
Adult,ACTIVE,Regularly,Garment Lower body,181.73,0
Adult,ACTIVE,Regularly,Accessories,96.81,0
Young Adult,PRE-CREATE,NONE,Garment Upper body,82.17,2
Adult,ACTIVE,NONE,Garment Upper body,132.06,4
Adult,ACTIVE,Regularly,Garment Upper body,82.17,0
Young Adult,ACTIVE,Regularly,Garment Upper body,134.46,3
Young Adult,ACTIVE,NONE,Garment Lower body,291.33,1
Young Adult,ACTIVE,NONE,Garment Full body,552.77,1
Young Adult,ACTIVE,Regularly,Garment Lower body,114.59,3
Young Adult,ACTIVE,Regularly,Garment Full body,232.14,3
Young Adult,ACTIVE,Regularly,Garment Upper body,343.61,3
Adult,ACTIVE,Regularly,Garment Upper body,364.53,0
Young Adult,ACTIVE,Regularly,Garment Upper body,71.72,3
Young Adult,ACTIVE,NONE,Garment Lower body,239.04,1
Young Adult,ACTIVE,NONE,Accessories,138.64,1
Young Adult,ACTIVE,Regularly,Garment Upper body,218.12,3
Young Adult,ACTIVE,NONE,Garment Upper body,186.75,1
Young Adult,ACTIVE,NONE,Underwear,61.26,1
Young Adult,ACTIVE,NONE,Garment Lower body,165.83,1
Adult,ACTIVE,Regularly,Underwear,134.46,0
Adult,ACTIVE,Regularly,Garment Full body,165.83,0
Young Adult,ACTIVE,Regularly,Swimwear,134.46,3
Young Adult,ACTIVE,NONE,Garment Upper body,134.46,1
Elderly,ACTIVE,Regularly,Shoes,186.75,0
Young Adult,ACTIVE,Regularly,Garment Lower body,343.61,3
Adult,ACTIVE,NONE,Shoes,184.45,4
Young Adult,ACTIVE,NONE,Garment Upper body,124,1
Adult,ACTIVE,NONE,Garment Upper body,134.46,4
Adult,ACTIVE,NONE,Garment Upper body,282.23,4
Young Adult,ACTIVE,Regularly,Garment Lower body,327.93,3
Young Adult,ACTIVE,Regularly,Socks & Tights,134.46,3
Young Adult,ACTIVE,Regularly,Garment Lower body,286.1,3
Elderly,ACTIVE,NONE,Garment Upper body,186.75,4
Young Adult,ACTIVE,Regularly,Garment Lower body,140,3
Young Adult,ACTIVE,Regularly,Underwear,239.04,3
Elderly,ACTIVE,NONE,Garment Lower body,134.46,4
Young Adult,ACTIVE,NONE,Garment Lower body,138.64,1
Young Adult,ACTIVE,Regularly,Garment Upper body,132.37,3
Adult,ACTIVE,NONE,Garment Lower body,343.61,4
Young Adult,ACTIVE,Regularly,Accessories,103.3,3
Adult,ACTIVE,NONE,Underwear,218.12,4
Young Adult,ACTIVE,NONE,Underwear,343.61,1
Young Adult,ACTIVE,Regularly,Garment Lower body,144.92,3
Young Adult,ACTIVE,NONE,Swimwear,155.38,1
Young Adult,ACTIVE,Regularly,Garment Full body,293.42,3
Young Adult,ACTIVE,NONE,Socks & Tights,113.55,1
Young Adult,ACTIVE,Regularly,Swimwear,152.24,3
Young Adult,ACTIVE,Regularly,Garment Upper body,186.75,3
Young Adult,ACTIVE,Regularly,Accessories,113.55,3
Adult,ACTIVE,Regularly,Garment Upper body,425.92,0
Elderly,ACTIVE,Regularly,Garment Upper body,113.55,0
Young Adult,ACTIVE,NONE,Garment Lower body,134.46,1
Young Adult,ACTIVE,Regularly,Shoes,165.83,3
Teenager,ACTIVE,NONE,Swimwear,186.75,0
Young Adult,ACTIVE,NONE,Garment Full body,186.75,1
Adult,ACTIVE,NONE,Swimwear,218.12,4
Young Adult,ACTIVE,Regularly,Underwear,186.75,3
Teenager,ACTIVE,Regularly,Swimwear,124,0
Young Adult,ACTIVE,NONE,Swimwear,186.75,1
Adult,ACTIVE,NONE,Garment Upper body,159.14,4
Adult,ACTIVE,NONE,Garment Upper body,108.32,4
Young Adult,ACTIVE,NONE,Garment Lower body,239.04,1
Adult,ACTIVE,NONE,Garment Upper body,82.17,4
Adult,ACTIVE,Regularly,Socks & Tights,108.53,0
Adult,ACTIVE,NONE,Garment Full body,239.04,4
Young Adult,ACTIVE,Regularly,Garment Upper body,103.19,3
Elderly,ACTIVE,NONE,Garment Upper body,134.46,4
Adult,ACTIVE,NONE,Garment Lower body,186.75,4
Young Adult,ACTIVE,Regularly,Garment Upper body,431.15,3
Adult,ACTIVE,NONE,Garment Upper body,82.17,4
Adult,ACTIVE,NONE,Swimwear,186.75,4
Elderly,ACTIVE,Regularly,Underwear,92.63,0
Young Adult,ACTIVE,Regularly,Garment Full body,395.9,3
Young Adult,ACTIVE,NONE,Garment Upper body,186.75,1
Young Adult,ACTIVE,Regularly,Garment Lower body,126.1,3
Young Adult,ACTIVE,NONE,Garment Full body,211.12,1
Young Adult,ACTIVE,Regularly,Garment Upper body,105.18,3
Elderly,ACTIVE,NONE,Garment Lower body,239.04,4
Young Adult,ACTIVE,NONE,Garment Lower body,395.9,1
Adult,ACTIVE,Regularly,Garment Upper body,186.75,0
Young Adult,ACTIVE,Regularly,Garment Upper body,118.78,3
Young Adult,ACTIVE,Regularly,Accessories,56.03,3
Adult,ACTIVE,Regularly,Garment Full body,329.39,0
Young Adult,ACTIVE,NONE,Underwear,134.46,1
Young Adult,ACTIVE,Regularly,Garment Upper body,134.46,3
Young Adult,ACTIVE,NONE,Garment Full body,186.75,1
Young Adult,ACTIVE,NONE,Garment Upper body,134.46,1
Adult,ACTIVE,NONE,Garment Upper body,134.46,4
Young Adult,ACTIVE,Regularly,Accessories,92.63,3
Young Adult,ACTIVE,NONE,Underwear,186.75,1
Adult,ACTIVE,Regularly,Garment Upper body,124,0
Adult,ACTIVE,Regularly,Garment Lower body,343.61,0
Adult,ACTIVE,Regularly,Swimwear,162.28,0
Adult,ACTIVE,Regularly,Garment Lower body,291.33,0
Young Adult,ACTIVE,NONE,Garment Upper body,165.83,1
Elderly,ACTIVE,NONE,Garment Upper body,343.61,4
Young Adult,ACTIVE,Regularly,Garment Upper body,205.16,3
Adult,ACTIVE,Regularly,Garment Full body,343.61,0
Young Adult,ACTIVE,Regularly,Underwear,134.46,3
Adult,ACTIVE,NONE,Garment Lower body,144.92,4
Elderly,ACTIVE,NONE,Garment Full body,343.61,4
Young Adult,ACTIVE,NONE,Swimwear,395.9,1
Young Adult,ACTIVE,Regularly,Garment Lower body,239.04,3
Adult,ACTIVE,Regularly,Underwear,92.63,0
Adult,ACTIVE,Regularly,Garment Lower body,71.72,0
Elderly,ACTIVE,Regularly,Garment Lower body,165.83,0
Young Adult,ACTIVE,Regularly,Garment Upper body,82.17,3
Adult,ACTIVE,NONE,Garment Lower body,186.75,4
Young Adult,ACTIVE,NONE,Garment Lower body,277.1,1
Young Adult,ACTIVE,NONE,Garment Upper body,395.9,1
Young Adult,ACTIVE,Regularly,Underwear,239.04,3
Young Adult,ACTIVE,NONE,Garment Upper body,176.29,1
Young Adult,ACTIVE,NONE,Underwear,134.46,1
Adult,ACTIVE,Regularly,Swimwear,165.83,0
Young Adult,ACTIVE,NONE,Swimwear,239.04,1
Young Adult,ACTIVE,Regularly,Garment Upper body,71.72,3
Young Adult,ACTIVE,Regularly,Garment Upper body,291.33,3
Young Adult,ACTIVE,Regularly,Accessories,113.55,3
Young Adult,ACTIVE,NONE,Garment Lower body,239.04,1
Adult,ACTIVE,Regularly,Garment Upper body,134.46,0
Young Adult,ACTIVE,Regularly,Shoes,134.46,3
Adult,ACTIVE,Regularly,Garment Upper body,112.5,0
Young Adult,ACTIVE,Regularly,Nightwear,155.38,3
Adult,ACTIVE,Regularly,Garment Upper body,165.83,0
Young Adult,ACTIVE,NONE,Garment Upper body,92.63,1
Adult,ACTIVE,NONE,Garment Lower body,866.5,4
Adult,ACTIVE,Regularly,Underwear,113.55,0
Adult,ACTIVE,NONE,Garment Lower body,239.04,4
Adult,ACTIVE,NONE,Garment Upper body,500.48,4
Adult,ACTIVE,NONE,Garment Full body,239.04,4
Young Adult,ACTIVE,NONE,Garment Upper body,186.75,1
Young Adult,ACTIVE,Regularly,Socks & Tights,127.46,3
Young Adult,ACTIVE,NONE,Accessories,280.87,1
Young Adult,ACTIVE,NONE,Swimwear,95.77,1
Young Adult,ACTIVE,NONE,Garment Upper body,82.17,1
Young Adult,ACTIVE,Regularly,Underwear,134.46,3
Young Adult,ACTIVE,NONE,Garment Upper body,71.72,1
Young Adult,ACTIVE,NONE,Garment Lower body,239.04,1
Young Adult,ACTIVE,NONE,Garment Upper body,239.04,1
Young Adult,ACTIVE,NONE,Accessories,82.17,1
Young Adult,ACTIVE,NONE,Garment Full body,336.4,1
Adult,ACTIVE,NONE,Swimwear,186.75,4
Adult,ACTIVE,NONE,Garment Full body,343.61,4
Young Adult,ACTIVE,NONE,Garment Upper body,124,1
Young Adult,ACTIVE,NONE,Garment Upper body,92.63,1
Adult,ACTIVE,NONE,Garment Lower body,186.75,4
Young Adult,ACTIVE,NONE,Garment Lower body,239.04,1
Adult,ACTIVE,Regularly,Underwear,186.75,0
Young Adult,ACTIVE,NONE,Garment Lower body,113.55,1
Adult,ACTIVE,NONE,Garment Upper body,239.04,4
Young Adult,ACTIVE,NONE,Underwear,134.46,1
Young Adult,ACTIVE,Regularly,Garment Upper body,165.83,3
Young Adult,ACTIVE,NONE,Garment Lower body,552.77,1
Young Adult,ACTIVE,NONE,Swimwear,134.46,1
Young Adult,ACTIVE,Regularly,Garment Upper body,448.19,3
Elderly,ACTIVE,Regularly,Garment Upper body,134.46,0
Young Adult,ACTIVE,Regularly,Garment Upper body,84.58,3
Adult,ACTIVE,Regularly,Swimwear,134.46,0
Elderly,ACTIVE,NONE,Garment Lower body,270.41,4
Young Adult,ACTIVE,Regularly,Unknown,164.37,3
Adult,ACTIVE,Regularly,Garment Full body,291.33,0
Young Adult,ACTIVE,Regularly,Underwear,214.78,3
Young Adult,ACTIVE,Regularly,Garment Upper body,186.75,3
Adult,ACTIVE,NONE,Garment Upper body,124,4
Adult,ACTIVE,Regularly,Garment Upper body,134.46,0
Young Adult,ACTIVE,Regularly,Garment Upper body,239.04,3
Young Adult,ACTIVE,NONE,Swimwear,239.04,1
Adult,ACTIVE,Regularly,Garment Lower body,395.9,0
Young Adult,ACTIVE,NONE,Garment Lower body,155.38,1
Young Adult,ACTIVE,NONE,Accessories,113.55,1
Young Adult,ACTIVE,Regularly,Garment Lower body,186.75,3
Young Adult,ACTIVE,NONE,Underwear,92.63,1
Young Adult,ACTIVE,NONE,Swimwear,103.09,1
Young Adult,ACTIVE,Regularly,Garment Full body,291.33,3
Young Adult,ACTIVE,Regularly,Garment Upper body,239.04,3
Young Adult,ACTIVE,NONE,Garment Upper body,65.44,1
Young Adult,ACTIVE,NONE,Garment Upper body,262.05,1
Adult,ACTIVE,Regularly,Swimwear,218.12,0
Young Adult,ACTIVE,Regularly,Garment Lower body,343.61,3
Young Adult,ACTIVE,Regularly,Garment Full body,239.04,3
Young Adult,ACTIVE,NONE,Garment Upper body,92.63,1
Adult,ACTIVE,NONE,Swimwear,218.12,4
Adult,ACTIVE,NONE,Garment Lower body,168.55,4
Young Adult,ACTIVE,Regularly,Garment Full body,277,3
Young Adult,ACTIVE,NONE,Garment Upper body,218.12,1
Adult,ACTIVE,NONE,Garment Lower body,186.75,4
Young Adult,ACTIVE,NONE,Garment Upper body,74.33,1
Elderly,ACTIVE,NONE,Garment Lower body,82.17,4
Young Adult,ACTIVE,NONE,Garment Lower body,395.9,1
Adult,ACTIVE,NONE,Garment Upper body,291.33,4
Adult,ACTIVE,Regularly,Garment Upper body,134.46,0
Adult,ACTIVE,NONE,Garment Full body,95.66,4
Adult,ACTIVE,NONE,Garment Upper body,134.46,4
Young Adult,ACTIVE,Regularly,Swimwear,127.77,3
Adult,ACTIVE,Regularly,Garment Lower body,81.13,0
Young Adult,ACTIVE,NONE,Garment Lower body,165.83,1
Adult,ACTIVE,NONE,Swimwear,186.75,4
Young Adult,ACTIVE,NONE,Garment Upper body,166.78,1
Young Adult,ACTIVE,NONE,Garment Upper body,165.83,1
Young Adult,ACTIVE,NONE,Underwear,134.46,1
Young Adult,ACTIVE,NONE,Garment Upper body,136.55,1
Young Adult,ACTIVE,NONE,Garment Upper body,395.9,1
Young Adult,ACTIVE,Regularly,Underwear,186.75,3
Elderly,ACTIVE,NONE,Garment Lower body,144.92,4
Young Adult,ACTIVE,NONE,Garment Upper body,103.09,1
Young Adult,ACTIVE,NONE,Garment Upper body,134.46,1
Young Adult,ACTIVE,NONE,Accessories,103.09,1
Elderly,ACTIVE,Regularly,Underwear,186.75,0
Young Adult,ACTIVE,NONE,Underwear,218.12,1
Young Adult,ACTIVE,NONE,Garment Lower body,182.36,1
Young Adult,ACTIVE,NONE,Garment Upper body,124,1
Young Adult,ACTIVE,Regularly,Garment Lower body,216.35,3
Elderly,ACTIVE,NONE,Garment Upper body,134.46,4
Young Adult,ACTIVE,Regularly,Garment Upper body,71.72,3
Adult,ACTIVE,NONE,Accessories,82.17,4
Young Adult,ACTIVE,Regularly,Garment Upper body,353.03,3
Young Adult,ACTIVE,Regularly,Swimwear,218.12,3
Young Adult,ACTIVE,NONE,Garment Upper body,88.03,1
Adult,ACTIVE,NONE,Swimwear,82.17,4
Young Adult,ACTIVE,NONE,Underwear,186.75,1
Young Adult,ACTIVE,NONE,Garment Full body,395.9,1
Young Adult,ACTIVE,NONE,Garment Full body,165.83,1
Adult,ACTIVE,NONE,Garment Upper body,138.64,4
Teenager,ACTIVE,NONE,Shoes,343.61,0
Adult,ACTIVE,Regularly,Garment Full body,390.46,0
Adult,ACTIVE,NONE,Garment Lower body,312.24,4
Adult,ACTIVE,Regularly,Garment Upper body,134.46,0
Young Adult,ACTIVE,NONE,Garment Lower body,165.83,1
Young Adult,ACTIVE,NONE,Underwear,83.22,1
Young Adult,ACTIVE,Regularly,Garment Upper body,239.04,3
Young Adult,ACTIVE,NONE,Garment Full body,291.33,1
Young Adult,ACTIVE,NONE,Garment Lower body,218.12,1
Young Adult,ACTIVE,NONE,Garment Upper body,176.29,1
Young Adult,ACTIVE,NONE,Garment Upper body,218.23,1
Young Adult,ACTIVE,NONE,Socks & Tights,114.91,1
Young Adult,ACTIVE,Regularly,Garment Full body,155.38,3
Elderly,ACTIVE,NONE,Garment Upper body,197.21,4
Young Adult,ACTIVE,NONE,Swimwear,183.61,1
Young Adult,ACTIVE,NONE,Garment Full body,381.58,1
Young Adult,ACTIVE,NONE,Underwear,133.21,1
Adult,ACTIVE,Regularly,Garment Lower body,343.61,0
Adult,ACTIVE,NONE,Swimwear,218.12,4
Young Adult,ACTIVE,NONE,Swimwear,82.17,1
Young Adult,ACTIVE,Regularly,Garment Upper body,82.17,3
Young Adult,ACTIVE,NONE,Garment Upper body,105.18,1
Young Adult,ACTIVE,Regularly,Swimwear,46.51,3
Young Adult,ACTIVE,Regularly,Garment Upper body,134.46,3
Adult,ACTIVE,NONE,Garment Full body,176.29,4
Adult,ACTIVE,Regularly,Garment Upper body,134.46,0
Elderly,ACTIVE,Regularly,Garment Upper body,113.55,0
Adult,ACTIVE,NONE,Garment Upper body,186.75,4
Adult,ACTIVE,NONE,Garment Upper body,163.74,4
Elderly,ACTIVE,Regularly,Shoes,121.39,0
Young Adult,ACTIVE,NONE,Underwear,186.75,1
Young Adult,ACTIVE,NONE,Garment Lower body,134.46,1
Young Adult,ACTIVE,NONE,Garment Lower body,239.04,1
Adult,ACTIVE,Regularly,Garment Upper body,82.17,0
Elderly,ACTIVE,Regularly,Garment Full body,239.04,0
Adult,ACTIVE,NONE,Garment Upper body,134.46,4
Young Adult,ACTIVE,Regularly,Garment Upper body,239.04,3
Young Adult,ACTIVE,NONE,Garment Upper body,165.83,1
Young Adult,ACTIVE,NONE,Accessories,161.23,1
Adult,ACTIVE,NONE,Garment Full body,239.04,4
Young Adult,ACTIVE,NONE,Garment Upper body,236.84,1
Young Adult,ACTIVE,Regularly,Garment Upper body,113.55,3
Young Adult,ACTIVE,Regularly,Garment Upper body,96.81,3
Young Adult,ACTIVE,NONE,Swimwear,186.75,1
Young Adult,ACTIVE,NONE,Swimwear,103.09,1
Elderly,ACTIVE,Regularly,Garment Full body,239.04,0
Young Adult,ACTIVE,NONE,Accessories,165.83,1
Young Adult,ACTIVE,Regularly,Underwear,165.83,3
Adult,ACTIVE,NONE,Garment Upper body,134.46,4
Adult,ACTIVE,Regularly,Garment Lower body,186.75,0
Adult,ACTIVE,NONE,Garment Upper body,124,4
Young Adult,ACTIVE,Regularly,Garment Upper body,71.72,3
Young Adult,ACTIVE,Regularly,Unknown,239.04,3
Adult,ACTIVE,NONE,Accessories,82.17,4
Young Adult,ACTIVE,Regularly,Accessories,113.55,3
Adult,ACTIVE,NONE,Garment Lower body,197.21,4
Young Adult,ACTIVE,Regularly,Garment Full body,343.61,3
Young Adult,ACTIVE,NONE,Garment Lower body,216.03,1
Young Adult,ACTIVE,NONE,Accessories,134.46,1
Young Adult,ACTIVE,NONE,Garment Lower body,239.04,1
Young Adult,ACTIVE,Regularly,Garment Upper body,113.55,3
Young Adult,ACTIVE,NONE,Garment Upper body,236.01,1
Elderly,ACTIVE,Regularly,Garment Upper body,186.75,0
Elderly,ACTIVE,Regularly,Garment Lower body,296.56,0
Young Adult,ACTIVE,NONE,Garment Lower body,155.38,1
Young Adult,ACTIVE,NONE,Swimwear,186.75,1
Adult,ACTIVE,NONE,Garment Full body,165.83,4
Young Adult,ACTIVE,NONE,Garment Upper body,343.61,1
Teenager,ACTIVE,NONE,Underwear,186.75,0
Elderly,ACTIVE,NONE,Garment Lower body,197.31,4
Adult,ACTIVE,NONE,Garment Lower body,207.67,4
Young Adult,ACTIVE,NONE,Garment Lower body,186.75,1
Young Adult,ACTIVE,Regularly,Garment Upper body,134.46,3
Adult,ACTIVE,Regularly,Garment Full body,395.9,0
Young Adult,ACTIVE,NONE,Shoes,354.07,1
Young Adult,ACTIVE,NONE,Garment Upper body,197.21,1
Adult,ACTIVE,Regularly,Garment Lower body,291.33,0
Young Adult,ACTIVE,NONE,Garment Upper body,239.04,1
Young Adult,ACTIVE,Regularly,Garment Lower body,134.46,3
Adult,ACTIVE,Regularly,Garment Upper body,343.61,0
Adult,ACTIVE,NONE,Garment Upper body,239.04,4
Young Adult,ACTIVE,Regularly,Garment Full body,552.77,3
Adult,ACTIVE,NONE,Underwear,134.46,4
Young Adult,ACTIVE,NONE,Underwear,291.33,1
Young Adult,ACTIVE,NONE,Underwear,165.83,1
Adult,ACTIVE,Regularly,Garment Lower body,71.72,0
Young Adult,ACTIVE,NONE,Garment Upper body,103.09,1
Elderly,ACTIVE,Regularly,Garment Lower body,395.9,0
Young Adult,ACTIVE,NONE,Swimwear,343.61,1
Young Adult,ACTIVE,NONE,Garment Upper body,265.29,1
Young Adult,ACTIVE,NONE,Garment Upper body,186.75,1
Adult,ACTIVE,NONE,Garment Lower body,395.9,4
Young Adult,ACTIVE,NONE,Garment Full body,100.37,1
Elderly,ACTIVE,Regularly,Garment Upper body,186.75,0
Adult,ACTIVE,Regularly,Garment Full body,165.83,0
Young Adult,ACTIVE,NONE,Garment Lower body,263.72,1
Young Adult,ACTIVE,Regularly,Garment Full body,225.97,3
Young Adult,ACTIVE,NONE,Garment Upper body,82.17,1
Elderly,ACTIVE,Regularly,Garment Upper body,343.61,0
Young Adult,ACTIVE,NONE,Garment Full body,291.33,1
Adult,ACTIVE,NONE,Garment Upper body,95.77,4
Adult,ACTIVE,Regularly,Garment Lower body,265.18,0
Young Adult,ACTIVE,NONE,Garment Upper body,176.29,1
Young Adult,ACTIVE,NONE,Garment Upper body,71.82,1
Elderly,ACTIVE,NONE,Nightwear,186.75,4
Young Adult,ACTIVE,Regularly,Underwear,239.04,3
Young Adult,ACTIVE,NONE,Garment Upper body,134.46,1
Adult,ACTIVE,NONE,Garment Lower body,186.75,4
Young Adult,ACTIVE,NONE,Garment Upper body,71.72,1
Young Adult,ACTIVE,NONE,Accessories,113.55,1
Young Adult,ACTIVE,Regularly,Swimwear,110.72,3
Elderly,ACTIVE,Regularly,Garment Upper body,82.17,0
Young Adult,ACTIVE,Regularly,Garment Lower body,124,3
Adult,ACTIVE,NONE,Garment Lower body,181.63,4
Adult,ACTIVE,Regularly,Garment Upper body,92.63,0
Young Adult,ACTIVE,Regularly,Garment Lower body,239.04,3
Young Adult,ACTIVE,NONE,Garment Full body,354.07,1
Young Adult,ACTIVE,NONE,Underwear,124,1
Adult,ACTIVE,NONE,Underwear,113.55,4
Young Adult,ACTIVE,NONE,Garment Full body,165.83,1
Young Adult,ACTIVE,Regularly,Garment Full body,134.46,3
Young Adult,ACTIVE,NONE,Garment Upper body,1065.3,1
Young Adult,ACTIVE,Regularly,Nightwear,239.04,3
Adult,ACTIVE,Regularly,Underwear,186.75,0
Young Adult,ACTIVE,Regularly,Garment Full body,207.67,3
Adult,ACTIVE,NONE,Underwear,82.17,4
Adult,ACTIVE,NONE,Garment Full body,657.34,4
Adult,ACTIVE,NONE,Garment Upper body,273.86,4
Young Adult,ACTIVE,NONE,Garment Upper body,155.38,1
Young Adult,ACTIVE,Regularly,Garment Upper body,218.12,3
Elderly,ACTIVE,NONE,Underwear,144.92,4
Young Adult,ACTIVE,NONE,Garment Full body,241.76,1
Young Adult,ACTIVE,Regularly,Socks & Tights,92.63,3
Young Adult,ACTIVE,NONE,Garment Lower body,216.35,1
Adult,ACTIVE,Regularly,Garment Full body,291.33,0
Young Adult,ACTIVE,NONE,Garment Upper body,343.61,1
Adult,ACTIVE,Regularly,Socks & Tights,134.46,0
Adult,ACTIVE,Regularly,Garment Upper body,155.38,0
Adult,ACTIVE,Regularly,Garment Lower body,359.3,0
Elderly,ACTIVE,Regularly,Garment Lower body,171.06,0
Adult,ACTIVE,Regularly,Socks & Tights,82.17,0
Young Adult,ACTIVE,NONE,Garment Upper body,134.46,1
Young Adult,ACTIVE,Regularly,Garment Upper body,218.12,3
Young Adult,ACTIVE,NONE,Garment Upper body,155.38,1
Adult,ACTIVE,Regularly,Garment Lower body,165.83,0
Young Adult,ACTIVE,NONE,Swimwear,173.89,1
Adult,ACTIVE,Regularly,Garment Upper body,134.46,0
Young Adult,ACTIVE,Regularly,Garment Upper body,132.27,3
Adult,ACTIVE,NONE,Garment Upper body,239.04,4
Young Adult,ACTIVE,NONE,Garment Upper body,343.61,1
Adult,ACTIVE,Regularly,Garment Lower body,114.59,0
Young Adult,ACTIVE,NONE,Garment Full body,165.83,1
Young Adult,ACTIVE,Regularly,Garment Upper body,165.83,3
Adult,ACTIVE,NONE,Swimwear,165.83,4
Young Adult,ACTIVE,NONE,Garment Lower body,249.5,1
Young Adult,ACTIVE,NONE,Underwear,94.93,1
Young Adult,ACTIVE,Regularly,Garment Full body,448.19,3
Young Adult,ACTIVE,NONE,Garment Lower body,395.9,1
Young Adult,ACTIVE,NONE,Garment Upper body,186.75,1
Young Adult,ACTIVE,Regularly,Nightwear,82.17,3
Adult,ACTIVE,NONE,Underwear,186.75,4
Young Adult,ACTIVE,Regularly,Garment Full body,291.33,3
Young Adult,ACTIVE,Regularly,Garment Upper body,231.82,3
Young Adult,ACTIVE,NONE,Garment Lower body,198.36,1
Adult,ACTIVE,Regularly,Garment Full body,239.04,0
Young Adult,ACTIVE,NONE,Garment Upper body,118.78,1
Young Adult,ACTIVE,NONE,Garment Upper body,71.72,1
Elderly,ACTIVE,Regularly,Underwear,134.46,0
Young Adult,ACTIVE,NONE,Swimwear,218.12,1
Young Adult,ACTIVE,NONE,Swimwear,218.12,1
Young Adult,ACTIVE,Regularly,Swimwear,182.15,3
Young Adult,ACTIVE,Regularly,Swimwear,186.75,3
Young Adult,ACTIVE,NONE,Garment Upper body,92.63,1
Young Adult,ACTIVE,NONE,Garment Lower body,252.11,1
Young Adult,ACTIVE,NONE,Garment Full body,239.04,1
Young Adult,ACTIVE,NONE,Garment Lower body,343.61,1
Young Adult,ACTIVE,NONE,Garment Full body,239.04,1
Young Adult,ACTIVE,Regularly,Garment Upper body,67.53,3
Adult,ACTIVE,Regularly,Garment Lower body,291.33,0
Young Adult,ACTIVE,Regularly,Socks & Tights,101,3
Adult,ACTIVE,NONE,Garment Upper body,186.75,4
Adult,ACTIVE,NONE,Garment Upper body,71.72,4
Young Adult,ACTIVE,Regularly,Garment Lower body,322.7,3
Young Adult,ACTIVE,Regularly,Garment Full body,124,3
Young Adult,ACTIVE,Regularly,Garment Upper body,61.26,3
Young Adult,ACTIVE,Regularly,Swimwear,186.75,3
Adult,ACTIVE,Regularly,Garment Upper body,165.83,0
Young Adult,ACTIVE,NONE,Garment Upper body,406.36,1
Elderly,ACTIVE,NONE,Garment Full body,218.12,4
Young Adult,ACTIVE,NONE,Swimwear,186.75,1
Elderly,ACTIVE,Regularly,Garment Upper body,186.75,0
Adult,ACTIVE,NONE,Garment Lower body,123.8,4
Adult,ACTIVE,NONE,Garment Upper body,76.21,4
Young Adult,ACTIVE,Regularly,Garment Lower body,239.04,3
Young Adult,ACTIVE,NONE,Garment Lower body,291.33,1
Young Adult,ACTIVE,NONE,Garment Upper body,82.17,1
Adult,ACTIVE,NONE,Garment Lower body,239.04,4
Young Adult,ACTIVE,NONE,Garment Upper body,280.87,1
Young Adult,ACTIVE,NONE,Shoes,165.83,1
Adult,ACTIVE,Regularly,Garment Upper body,165.83,0
Young Adult,ACTIVE,Regularly,Accessories,312.24,3
Young Adult,ACTIVE,NONE,Garment Upper body,186.75,1
Young Adult,ACTIVE,NONE,Garment Full body,225.97,1
Young Adult,ACTIVE,NONE,Accessories,92.63,1
Young Adult,ACTIVE,NONE,Garment Full body,291.33,1
Elderly,ACTIVE,Regularly,Garment Full body,343.61,0
Elderly,ACTIVE,Regularly,Garment Upper body,239.04,0
Adult,ACTIVE,NONE,Garment Lower body,406.36,4
Young Adult,ACTIVE,Regularly,Garment Upper body,71.72,3
Young Adult,ACTIVE,NONE,Garment Lower body,109.36,1
Young Adult,ACTIVE,Regularly,Garment Upper body,280.97,3
Young Adult,ACTIVE,NONE,Garment Upper body,124,1
Elderly,ACTIVE,NONE,Garment Upper body,171.06,4
Elderly,ACTIVE,NONE,Garment Upper body,124,4
Adult,ACTIVE,Regularly,Nightwear,103.09,0
Young Adult,ACTIVE,NONE,Garment Upper body,124,1
Adult,ACTIVE,Regularly,Underwear,123.48,0
Elderly,ACTIVE,Regularly,Garment Upper body,134.46,0
Adult,ACTIVE,NONE,Swimwear,186.75,4
Young Adult,ACTIVE,Regularly,Garment Full body,180.48,3
Young Adult,ACTIVE,NONE,Garment Lower body,338.7,1
Young Adult,ACTIVE,Regularly,Garment Upper body,67.53,3
Young Adult,ACTIVE,NONE,Garment Upper body,155.38,1
Young Adult,ACTIVE,Regularly,Garment Full body,390.67,3
Young Adult,ACTIVE,NONE,Swimwear,113.55,1
Adult,PRE-CREATE,NONE,Garment Full body,552.77,2
Adult,ACTIVE,NONE,Garment Upper body,186.75,4
Young Adult,ACTIVE,NONE,Garment Full body,176.08,1
Young Adult,ACTIVE,NONE,Garment Upper body,103.09,1
Young Adult,ACTIVE,NONE,Garment Upper body,113.55,1
Adult,ACTIVE,Regularly,Garment Upper body,165.83,0
Young Adult,ACTIVE,NONE,Garment Upper body,186.75,1
Young Adult,ACTIVE,Regularly,Swimwear,134.46,3
Young Adult,ACTIVE,NONE,Garment Full body,343.61,1
Young Adult,ACTIVE,NONE,Garment Upper body,96.81,1
Young Adult,ACTIVE,NONE,Underwear,186.75,1
Young Adult,ACTIVE,NONE,Garment Upper body,123.48,1
Teenager,ACTIVE,NONE,Socks & Tights,50.8,0
Adult,ACTIVE,NONE,Garment Upper body,165.83,4
Young Adult,ACTIVE,NONE,Garment Lower body,239.04,1
Young Adult,ACTIVE,NONE,Garment Upper body,76.94,1
Young Adult,ACTIVE,Regularly,Garment Upper body,165.83,3
Young Adult,ACTIVE,NONE,Garment Full body,239.04,1
Young Adult,ACTIVE,Regularly,Garment Full body,448.19,3
Adult,ACTIVE,NONE,Garment Upper body,239.04,4
Elderly,ACTIVE,Regularly,Garment Upper body,657.34,0
Young Adult,ACTIVE,NONE,Underwear,134.46,1
Young Adult,ACTIVE,NONE,Garment Upper body,343.61,1
Young Adult,ACTIVE,NONE,Garment Upper body,78.62,1
Young Adult,PRE-CREATE,NONE,Garment Upper body,395.9,2
Elderly,ACTIVE,Regularly,Garment Upper body,103.09,0
Young Adult,ACTIVE,Regularly,Shoes,134.46,3
Young Adult,ACTIVE,NONE,Garment Upper body,76.94,1
Young Adult,ACTIVE,NONE,Garment Lower body,134.46,1
Young Adult,ACTIVE,Regularly,Garment Upper body,134.46,3
Young Adult,ACTIVE,Regularly,Garment Lower body,291.33,3
Young Adult,ACTIVE,NONE,Garment Full body,343.61,1
Young Adult,ACTIVE,NONE,Garment Full body,406.36,1
Young Adult,ACTIVE,NONE,Garment Lower body,239.04,1
Young Adult,ACTIVE,NONE,Garment Upper body,131.85,1
Elderly,ACTIVE,Regularly,Garment Upper body,71.72,0
Young Adult,ACTIVE,Regularly,Garment Upper body,552.77,3
Young Adult,ACTIVE,NONE,Garment Upper body,239.04,1
Adult,ACTIVE,Regularly,Garment Lower body,134.46,0
Young Adult,ACTIVE,Regularly,Underwear,186.75,3
Young Adult,ACTIVE,NONE,Garment Upper body,103.09,1
Young Adult,ACTIVE,NONE,Garment Lower body,186.75,1
Young Adult,ACTIVE,NONE,Shoes,138.75,1
Adult,ACTIVE,Regularly,Underwear,218.12,0
Young Adult,ACTIVE,Regularly,Garment Upper body,113.55,3
Young Adult,ACTIVE,Regularly,Underwear,186.75,3
Adult,ACTIVE,NONE,Garment Lower body,171.06,4
Young Adult,ACTIVE,NONE,Nightwear,118.78,1
Adult,ACTIVE,Regularly,Garment Upper body,134.46,0
Young Adult,NO MEMBERSHIP,NONE,Garment Upper body,552.77,2
Young Adult,ACTIVE,NONE,Garment Upper body,186.75,1
Adult,ACTIVE,NONE,Garment Full body,232.35,4
Young Adult,ACTIVE,Regularly,Garment Upper body,172.11,3
Young Adult,ACTIVE,NONE,Garment Lower body,265.18,1
Young Adult,ACTIVE,Regularly,Garment Upper body,124,3
Young Adult,ACTIVE,NONE,Garment Upper body,113.55,1
Young Adult,ACTIVE,Regularly,Garment Upper body,186.75,3
Elderly,ACTIVE,NONE,Shoes,134.46,4
Young Adult,ACTIVE,Regularly,Garment Upper body,280.87,3
Young Adult,ACTIVE,NONE,Garment Lower body,291.33,1
Elderly,PRE-CREATE,NONE,Swimwear,113.55,2
Adult,ACTIVE,Regularly,Accessories,82.17,0
Young Adult,ACTIVE,NONE,Garment Full body,239.04,1
Young Adult,ACTIVE,NONE,Garment Upper body,239.04,1
Adult,ACTIVE,NONE,Garment Full body,218.12,4
Young Adult,ACTIVE,Regularly,Garment Lower body,343.61,3
Adult,ACTIVE,Regularly,Garment Lower body,124,0
Adult,ACTIVE,NONE,Garment Upper body,61.26,4
Young Adult,ACTIVE,NONE,Garment Upper body,113.55,1
Young Adult,ACTIVE,Regularly,Garment Upper body,165.83,3
Young Adult,ACTIVE,NONE,Garment Lower body,218.12,1
Adult,ACTIVE,Regularly,Garment Upper body,133,0
Elderly,ACTIVE,Regularly,Garment Upper body,239.04,0
Adult,ACTIVE,NONE,Socks & Tights,134.46,4
Young Adult,ACTIVE,NONE,Garment Upper body,128.08,1
Young Adult,ACTIVE,Regularly,Garment Lower body,291.33,3
Adult,ACTIVE,Regularly,Swimwear,186.75,0
Young Adult,ACTIVE,NONE,Garment Upper body,239.04,1
Young Adult,ACTIVE,NONE,Garment Lower body,165.83,1
Young Adult,ACTIVE,Regularly,Swimwear,103.09,3
Young Adult,ACTIVE,NONE,Swimwear,56.03,1
Adult,ACTIVE,NONE,Garment Upper body,343.61,4
Adult,ACTIVE,NONE,Garment Upper body,80.5,4
Young Adult,ACTIVE,NONE,Garment Lower body,186.75,1
Young Adult,ACTIVE,Regularly,Garment Upper body,165.83,3
Elderly,ACTIVE,NONE,Garment Lower body,239.04,4
Young Adult,ACTIVE,Regularly,Garment Lower body,239.04,3
Young Adult,ACTIVE,NONE,Garment Upper body,343.61,1
Elderly,ACTIVE,NONE,Garment Upper body,395.9,4
Young Adult,ACTIVE,Regularly,Garment Lower body,239.04,3
Young Adult,ACTIVE,NONE,Socks & Tights,134.46,1
Young Adult,ACTIVE,Regularly,Swimwear,178.17,3
Adult,ACTIVE,Regularly,Garment Upper body,134.46,0
Young Adult,ACTIVE,Regularly,Garment Lower body,291.33,3
Adult,ACTIVE,NONE,Underwear,124,4
Young Adult,ACTIVE,NONE,Swimwear,171.06,1
Adult,ACTIVE,Regularly,Socks & Tights,113.55,0
Young Adult,ACTIVE,NONE,Garment Upper body,343.61,1
Teenager,ACTIVE,Regularly,Garment Lower body,239.04,0
Adult,ACTIVE,Regularly,Garment Full body,280.87,0
Young Adult,ACTIVE,NONE,Garment Lower body,385.45,1
Elderly,ACTIVE,NONE,Garment Lower body,239.04,4
Adult,ACTIVE,Regularly,Underwear,186.75,0
Adult,ACTIVE,Regularly,Garment Full body,448.19,0
Young Adult,ACTIVE,Regularly,Garment Upper body,315.8,3
Elderly,ACTIVE,Regularly,Garment Lower body,239.04,0
Young Adult,ACTIVE,Regularly,Garment Upper body,152.24,3
Young Adult,ACTIVE,NONE,Garment Lower body,239.04,1
Young Adult,ACTIVE,NONE,Garment Upper body,165.83,1
Young Adult,ACTIVE,NONE,Garment Lower body,239.04,1
Young Adult,ACTIVE,NONE,Garment Upper body,82.17,1
Young Adult,ACTIVE,Regularly,Garment Upper body,239.04,3
Young Adult,ACTIVE,NONE,Garment Upper body,190.51,1
Adult,ACTIVE,NONE,Garment Lower body,186.75,4
Young Adult,ACTIVE,NONE,Garment Lower body,228.58,1
Young Adult,ACTIVE,NONE,Garment Lower body,239.04,1
Young Adult,ACTIVE,Regularly,Garment Lower body,179.43,3
Young Adult,ACTIVE,NONE,Swimwear,155.38,1
Adult,ACTIVE,Regularly,Garment Upper body,131.53,0
Adult,ACTIVE,NONE,Garment Upper body,134.46,4
Adult,ACTIVE,NONE,Garment Upper body,134.46,4
Young Adult,ACTIVE,Regularly,Garment Lower body,122.44,3
Adult,ACTIVE,NONE,Swimwear,186.75,4
Young Adult,ACTIVE,Regularly,Garment Upper body,291.33,3
Elderly,ACTIVE,Regularly,Garment Lower body,378.86,0
Young Adult,ACTIVE,NONE,Garment Upper body,335.88,1
Young Adult,ACTIVE,NONE,Accessories,197.21,1
Young Adult,ACTIVE,Regularly,Garment Full body,186.75,3
Adult,ACTIVE,NONE,Garment Lower body,239.04,4
Adult,ACTIVE,NONE,Garment Lower body,163.53,4
Young Adult,ACTIVE,NONE,Garment Upper body,122.54,1
Adult,ACTIVE,NONE,Garment Full body,343.61,4
Young Adult,ACTIVE,Regularly,Garment Lower body,265.18,3
Young Adult,ACTIVE,Regularly,Accessories,103.09,3
Elderly,ACTIVE,NONE,Garment Full body,343.61,4
Young Adult,ACTIVE,Regularly,Garment Upper body,186.75,3
Adult,ACTIVE,Regularly,Garment Full body,186.75,0
Young Adult,ACTIVE,Regularly,Accessories,50.8,3
Elderly,ACTIVE,NONE,Garment Upper body,113.55,4
Young Adult,ACTIVE,NONE,Garment Upper body,291.33,1
Elderly,ACTIVE,NONE,Garment Upper body,291.33,4
Elderly,ACTIVE,NONE,Garment Full body,144.92,4
Adult,ACTIVE,NONE,Garment Upper body,418.49,4
Young Adult,ACTIVE,NONE,Swimwear,180.48,1
Young Adult,ACTIVE,NONE,Swimwear,165.83,1
Young Adult,ACTIVE,Regularly,Garment Full body,427.28,3
Young Adult,ACTIVE,NONE,Swimwear,218.12,1
Young Adult,ACTIVE,Regularly,Garment Upper body,291.33,3
Young Adult,ACTIVE,NONE,Garment Upper body,309.84,1
Adult,ACTIVE,NONE,Socks & Tights,134.46,4
Young Adult,ACTIVE,Regularly,Swimwear,171.06,3
Young Adult,ACTIVE,Regularly,Garment Upper body,448.19,3
Young Adult,ACTIVE,Regularly,Garment Upper body,82.17,3
Adult,ACTIVE,NONE,Garment Upper body,134.46,4
Elderly,ACTIVE,NONE,Garment Lower body,239.04,4
Young Adult,ACTIVE,Regularly,Underwear,165.83,3
Adult,ACTIVE,NONE,Garment Lower body,239.04,4
Adult,ACTIVE,NONE,Swimwear,218.12,4
Young Adult,ACTIVE,NONE,Garment Upper body,61.26,1
Adult,ACTIVE,Regularly,Shoes,207.67,0
Adult,ACTIVE,Regularly,Accessories,113.65,0
Adult,ACTIVE,Regularly,Garment Lower body,379.59,0
Young Adult,ACTIVE,NONE,Garment Upper body,58.12,1
Young Adult,ACTIVE,NONE,Garment Upper body,134.46,1
Young Adult,ACTIVE,Regularly,Garment Upper body,155.38,3
Young Adult,ACTIVE,Regularly,Nightwear,291.33,3
Young Adult,ACTIVE,NONE,Garment Lower body,134.46,1
Adult,ACTIVE,Regularly,Shoes,343.61,0
Young Adult,ACTIVE,Regularly,Garment Upper body,104.34,3
Elderly,ACTIVE,NONE,Garment Upper body,280.87,4
Young Adult,ACTIVE,NONE,Garment Upper body,82.17,1
Young Adult,ACTIVE,Regularly,Underwear,231.3,3
Young Adult,ACTIVE,Regularly,Garment Upper body,239.04,3
Young Adult,ACTIVE,Regularly,Underwear,113.55,3
Young Adult,ACTIVE,Regularly,Shoes,165.83,3
Young Adult,ACTIVE,Regularly,Garment Upper body,276.48,3
Elderly,ACTIVE,Regularly,Garment Upper body,108.32,0
Adult,PRE-CREATE,NONE,Garment Lower body,113.55,2
Adult,ACTIVE,NONE,Garment Lower body,152.24,4
Elderly,ACTIVE,Regularly,Garment Full body,448.19,0
Young Adult,ACTIVE,Regularly,Garment Lower body,132.16,3
Young Adult,ACTIVE,NONE,Garment Lower body,220.42,1
Adult,ACTIVE,NONE,Garment Lower body,186.75,4
Young Adult,ACTIVE,NONE,Garment Upper body,186.75,1
Adult,ACTIVE,NONE,Garment Upper body,134.46,4
Adult,ACTIVE,NONE,Garment Upper body,239.04,4
Young Adult,ACTIVE,Regularly,Garment Full body,343.61,3
Adult,ACTIVE,NONE,Garment Upper body,134.46,4
Elderly,ACTIVE,NONE,Garment Upper body,239.04,4
Young Adult,ACTIVE,NONE,Accessories,102.67,1
Young Adult,ACTIVE,NONE,Garment Upper body,239.04,1
Adult,ACTIVE,Regularly,Garment Upper body,249.5,0
Young Adult,ACTIVE,NONE,Garment Upper body,186.75,1
Young Adult,ACTIVE,Regularly,Garment Lower body,186.75,3
Young Adult,ACTIVE,NONE,Garment Lower body,186.75,1
Elderly,ACTIVE,Regularly,Garment Upper body,155.38,0
Young Adult,ACTIVE,NONE,Garment Lower body,343.61,1
Young Adult,ACTIVE,NONE,Garment Lower body,239.04,1
Adult,ACTIVE,NONE,Garment Full body,134.46,4
Young Adult,ACTIVE,NONE,Garment Upper body,55.61,1
Young Adult,ACTIVE,Regularly,Garment Lower body,197.21,3
Young Adult,ACTIVE,NONE,Garment Lower body,239.04,1
Young Adult,ACTIVE,Regularly,Swimwear,218.12,3
Young Adult,ACTIVE,Regularly,Garment Lower body,118.78,3
Adult,PRE-CREATE,NONE,Garment Upper body,113.55,2
Elderly,ACTIVE,Regularly,Garment Upper body,186.75,0
Adult,ACTIVE,NONE,Garment Upper body,134.46,4
Young Adult,ACTIVE,NONE,Garment Full body,269.37,1
Adult,ACTIVE,NONE,Garment Upper body,239.04,4
Elderly,ACTIVE,NONE,Garment Lower body,165.83,4
Young Adult,ACTIVE,Regularly,Garment Full body,113.55,3
Elderly,ACTIVE,Regularly,Garment Lower body,185.18,0
Young Adult,ACTIVE,NONE,Garment Lower body,395.9,1
Young Adult,ACTIVE,NONE,Accessories,218.23,1
Young Adult,ACTIVE,NONE,Garment Upper body,434.28,1
Young Adult,ACTIVE,NONE,Garment Lower body,113.55,1
Young Adult,ACTIVE,NONE,Underwear,134.46,1
Adult,ACTIVE,NONE,Swimwear,119.51,4
Young Adult,ACTIVE,Regularly,Accessories,101,3
Adult,ACTIVE,NONE,Garment Upper body,61.26,4
Adult,ACTIVE,Regularly,Garment Upper body,132.16,0
Young Adult,ACTIVE,NONE,Garment Full body,239.04,1
Adult,ACTIVE,NONE,Garment Lower body,291.33,4
Adult,ACTIVE,Regularly,Garment Upper body,134.46,0
Young Adult,ACTIVE,NONE,Garment Upper body,134.46,1
Young Adult,ACTIVE,NONE,Swimwear,134.46,1
Elderly,ACTIVE,Regularly,Accessories,124,0
Young Adult,ACTIVE,Regularly,Garment Lower body,165.83,3
Elderly,PRE-CREATE,NONE,Garment Upper body,76.94,2
Elderly,ACTIVE,Regularly,Garment Full body,239.04,0
Adult,ACTIVE,NONE,Nightwear,186.75,4
Young Adult,ACTIVE,Regularly,Garment Upper body,71.72,3
Young Adult,ACTIVE,NONE,Garment Upper body,71.72,1
Young Adult,ACTIVE,NONE,Garment Lower body,239.04,1
Young Adult,ACTIVE,NONE,Underwear,239.04,1
Young Adult,ACTIVE,Regularly,Swimwear,134.46,3
Adult,ACTIVE,Regularly,Garment Upper body,165.83,0
Elderly,ACTIVE,Regularly,Garment Upper body,58.12,0
Adult,ACTIVE,Regularly,Garment Full body,71.72,0
Elderly,ACTIVE,Regularly,Garment Upper body,71.72,0
Young Adult,ACTIVE,NONE,Garment Upper body,118.78,1
Young Adult,ACTIVE,Regularly,Garment Upper body,218.12,3
Young Adult,ACTIVE,NONE,Garment Upper body,165.83,1
Young Adult,ACTIVE,NONE,Underwear,186.75,1
Young Adult,ACTIVE,Regularly,Accessories,71.72,3
Adult,ACTIVE,NONE,Garment Lower body,239.04,4
Adult,ACTIVE,NONE,Swimwear,134.46,4
Young Adult,ACTIVE,NONE,Garment Lower body,134.46,1
Young Adult,ACTIVE,NONE,Nightwear,165.83,1
Adult,ACTIVE,NONE,Garment Lower body,239.04,4
Young Adult,ACTIVE,NONE,Garment Upper body,82.17,1
Adult,ACTIVE,Regularly,Garment Lower body,239.04,0
Young Adult,ACTIVE,NONE,Accessories,239.04,1
Adult,ACTIVE,NONE,Garment Lower body,228.48,4
Young Adult,ACTIVE,NONE,Garment Lower body,343.61,1
Young Adult,ACTIVE,Regularly,Garment Full body,230.67,3
Young Adult,ACTIVE,NONE,Underwear,152.24,1
Young Adult,ACTIVE,NONE,Shoes,395.9,1
Young Adult,ACTIVE,NONE,Accessories,103.09,1
Adult,PRE-CREATE,NONE,Garment Upper body,291.33,2
Elderly,ACTIVE,NONE,Garment Upper body,131.95,4
Adult,ACTIVE,NONE,Garment Lower body,186.75,4
Adult,ACTIVE,NONE,Socks & Tights,134.46,4
Young Adult,ACTIVE,NONE,Garment Upper body,82.17,1
Elderly,ACTIVE,NONE,Garment Lower body,113.55,4
Young Adult,ACTIVE,NONE,Garment Lower body,197.21,1
Young Adult,ACTIVE,NONE,Garment Full body,291.33,1
Adult,ACTIVE,NONE,Garment Upper body,277,4
Young Adult,ACTIVE,Regularly,Underwear,113.55,3
Elderly,ACTIVE,Regularly,Garment Upper body,197.21,0
Elderly,ACTIVE,Regularly,Garment Upper body,186.75,0
Young Adult,ACTIVE,NONE,Garment Upper body,406.36,1
Elderly,ACTIVE,NONE,Garment Upper body,161.65,4
Young Adult,ACTIVE,Regularly,Garment Lower body,239.04,3
Young Adult,ACTIVE,NONE,Garment Lower body,239.04,1
Young Adult,ACTIVE,NONE,Garment Full body,657.34,1
Young Adult,ACTIVE,NONE,Swimwear,118.78,1
Adult,ACTIVE,Regularly,Garment Lower body,239.04,0
Young Adult,ACTIVE,Regularly,Garment Lower body,197.21,3
Elderly,ACTIVE,NONE,Garment Upper body,239.04,4
Young Adult,ACTIVE,NONE,Garment Upper body,134.46,1
Adult,ACTIVE,NONE,Garment Upper body,134.46,4
Young Adult,ACTIVE,NONE,Garment Lower body,99.64,1
Young Adult,ACTIVE,Regularly,Garment Upper body,448.19,3
Young Adult,ACTIVE,NONE,Socks & Tights,165.83,1
Young Adult,ACTIVE,Regularly,Underwear,186.75,3
Young Adult,ACTIVE,NONE,Garment Full body,218.12,1
Young Adult,ACTIVE,NONE,Garment Lower body,239.04,1
Elderly,ACTIVE,NONE,Shoes,657.34,4
Adult,ACTIVE,NONE,Garment Lower body,134.46,4
Young Adult,ACTIVE,NONE,Garment Upper body,179.01,1
Adult,ACTIVE,NONE,Garment Upper body,395.9,4
Adult,ACTIVE,Regularly,Underwear,74.33,0
Young Adult,ACTIVE,Regularly,Garment Lower body,186.75,3
Elderly,PRE-CREATE,NONE,Garment Full body,239.04,2
Young Adult,ACTIVE,NONE,Garment Lower body,448.19,1
Young Adult,ACTIVE,NONE,Swimwear,186.75,1
Young Adult,ACTIVE,Regularly,Garment Lower body,283.59,3
Adult,ACTIVE,NONE,Garment Full body,239.04,4
Elderly,ACTIVE,NONE,Garment Upper body,186.75,4
Adult,ACTIVE,Regularly,Garment Upper body,113.55,0
Young Adult,ACTIVE,Regularly,Underwear,134.46,3
Young Adult,ACTIVE,NONE,Garment Lower body,186.75,1
Adult,ACTIVE,NONE,Garment Upper body,105.29,4
Adult,PRE-CREATE,NONE,Accessories,165.83,2
Young Adult,ACTIVE,Regularly,Garment Upper body,127.98,3
Adult,ACTIVE,NONE,Underwear,104.24,4
Adult,ACTIVE,Regularly,Garment Full body,291.33,0
Young Adult,ACTIVE,NONE,Garment Lower body,134.46,1
Young Adult,ACTIVE,NONE,Garment Full body,322.7,1
Adult,ACTIVE,Regularly,Garment Upper body,76.94,0
Young Adult,ACTIVE,Regularly,Garment Lower body,98.28,3
Adult,ACTIVE,Regularly,Garment Lower body,239.04,0
Adult,ACTIVE,NONE,Underwear,165.83,4
Young Adult,ACTIVE,NONE,Garment Lower body,134.46,1
Adult,ACTIVE,NONE,Garment Lower body,134.46,4
Young Adult,ACTIVE,Regularly,Garment Upper body,165.83,3
Adult,ACTIVE,NONE,Garment Upper body,186.75,4
Young Adult,ACTIVE,NONE,Garment Upper body,239.04,1
Young Adult,ACTIVE,Regularly,Garment Lower body,343.61,3
Adult,ACTIVE,NONE,Garment Lower body,291.33,4
Adult,ACTIVE,NONE,Garment Lower body,134.46,4
Young Adult,ACTIVE,Regularly,Garment Upper body,109.99,3
Young Adult,ACTIVE,NONE,Garment Upper body,165.83,1
Adult,ACTIVE,NONE,Garment Lower body,395.9,4
Young Adult,ACTIVE,NONE,Garment Upper body,239.04,1
Adult,ACTIVE,Regularly,Garment Upper body,312.24,0
Adult,ACTIVE,NONE,Garment Lower body,129.76,4
Young Adult,ACTIVE,NONE,Garment Lower body,120.24,1
Adult,ACTIVE,Regularly,Garment Upper body,134.46,0
Adult,ACTIVE,Regularly,Garment Upper body,239.04,0
Young Adult,ACTIVE,Regularly,Garment Full body,218.12,3
Young Adult,ACTIVE,Regularly,Garment Upper body,761.92,3
Young Adult,ACTIVE,NONE,Shoes,134.46,1
Young Adult,ACTIVE,NONE,Garment Full body,761.92,1
Young Adult,ACTIVE,Regularly,Underwear,186.75,3
Elderly,ACTIVE,Regularly,Garment Upper body,186.75,0
Young Adult,PRE-CREATE,NONE,Garment Upper body,239.04,2
Young Adult,ACTIVE,NONE,Underwear,92.63,1
Young Adult,ACTIVE,Regularly,Garment Upper body,124,3
Young Adult,ACTIVE,Regularly,Garment Upper body,291.33,3
Adult,ACTIVE,NONE,Garment Upper body,61.26,4
Young Adult,ACTIVE,Regularly,Garment Upper body,186.75,3
Adult,ACTIVE,Regularly,Garment Lower body,239.04,0
Young Adult,ACTIVE,Regularly,Garment Upper body,61.26,3
Adult,ACTIVE,Regularly,Garment Upper body,239.04,0
Young Adult,ACTIVE,Regularly,Garment Upper body,291.33,3
Adult,ACTIVE,Regularly,Swimwear,134.46,0
Young Adult,ACTIVE,NONE,Garment Lower body,291.33,1
Adult,ACTIVE,Regularly,Garment Upper body,186.75,0
Adult,ACTIVE,Regularly,Garment Upper body,228.58,0
Adult,ACTIVE,Regularly,Garment Full body,163.22,0
Elderly,ACTIVE,Regularly,Garment Upper body,186.75,0
Young Adult,ACTIVE,Regularly,Garment Lower body,165.83,3
Young Adult,ACTIVE,Regularly,Garment Lower body,239.04,3
Young Adult,ACTIVE,NONE,Garment Lower body,239.04,1
Young Adult,ACTIVE,Regularly,Garment Upper body,186.75,3
Young Adult,ACTIVE,Regularly,Accessories,92.63,3
Young Adult,ACTIVE,Regularly,Garment Upper body,132.06,3
Young Adult,ACTIVE,NONE,Garment Upper body,124,1
Adult,ACTIVE,NONE,Garment Full body,186.75,4
Young Adult,ACTIVE,NONE,Garment Upper body,186.75,1
Young Adult,ACTIVE,NONE,Underwear,186.75,1
Adult,ACTIVE,NONE,Garment Full body,280.87,4
Young Adult,ACTIVE,NONE,Garment Lower body,134.46,1
Elderly,ACTIVE,NONE,Garment Upper body,124,4
Young Adult,ACTIVE,NONE,Underwear,113.55,1
Young Adult,ACTIVE,Regularly,Garment Upper body,69.1,3
Adult,ACTIVE,Regularly,Garment Upper body,134.46,0
Adult,ACTIVE,Regularly,Swimwear,207.67,0
Young Adult,ACTIVE,Regularly,Shoes,86.36,3
Young Adult,ACTIVE,NONE,Garment Full body,343.61,1
Young Adult,ACTIVE,NONE,Garment Upper body,134.46,1
Adult,ACTIVE,NONE,Garment Lower body,343.61,4
Young Adult,ACTIVE,NONE,Socks & Tights,134.46,1
Teenager,ACTIVE,NONE,Garment Upper body,186.75,0
Young Adult,ACTIVE,NONE,Shoes,406.36,1
Young Adult,ACTIVE,NONE,Swimwear,128.4,1
Young Adult,ACTIVE,NONE,Underwear,92.63,1
Young Adult,ACTIVE,NONE,Garment Upper body,138.64,1
Adult,ACTIVE,NONE,Garment Lower body,343.61,4
Elderly,ACTIVE,Regularly,Underwear,186.75,0
Young Adult,ACTIVE,Regularly,Accessories,134.46,3
Adult,ACTIVE,NONE,Garment Upper body,186.75,4
Young Adult,ACTIVE,Regularly,Garment Lower body,197.21,3
Adult,ACTIVE,NONE,Garment Upper body,343.61,4
Young Adult,ACTIVE,NONE,Garment Upper body,186.75,1
Adult,ACTIVE,Regularly,Garment Upper body,186.75,0
Adult,ACTIVE,Regularly,Garment Upper body,239.04,0
Young Adult,ACTIVE,NONE,Underwear,124,1
Young Adult,ACTIVE,NONE,Swimwear,291.33,1
Adult,ACTIVE,Regularly,Socks & Tights,155.38,0
Young Adult,ACTIVE,NONE,Garment Upper body,186.75,1
Young Adult,ACTIVE,NONE,Garment Upper body,165.83,1
Adult,ACTIVE,NONE,Garment Upper body,103.09,4
Adult,ACTIVE,Regularly,Underwear,134.46,0
Young Adult,ACTIVE,Regularly,Garment Upper body,144.92,3
Young Adult,ACTIVE,NONE,Swimwear,117.73,1
Elderly,ACTIVE,Regularly,Garment Upper body,134.46,0
Young Adult,ACTIVE,Regularly,Garment Lower body,57.08,3
Adult,ACTIVE,Regularly,Swimwear,186.75,0
Young Adult,ACTIVE,Regularly,Garment Upper body,80.5,3
Adult,ACTIVE,Regularly,Garment Upper body,134.46,0
Adult,ACTIVE,NONE,Garment Upper body,165.83,4
Adult,ACTIVE,NONE,Swimwear,134.46,4
Young Adult,ACTIVE,NONE,Garment Upper body,103.09,1
Elderly,ACTIVE,Regularly,Garment Upper body,343.61,0
Young Adult,ACTIVE,Regularly,Garment Full body,186.75,3
Young Adult,ACTIVE,Regularly,Garment Full body,291.33,3
Young Adult,ACTIVE,NONE,Garment Upper body,134.46,1
Adult,ACTIVE,NONE,Garment Upper body,54.04,4
Adult,ACTIVE,NONE,Garment Lower body,103.09,4
Young Adult,ACTIVE,NONE,Garment Upper body,49.13,1
Adult,ACTIVE,NONE,Garment Upper body,124,4
Adult,ACTIVE,NONE,Garment Lower body,134.46,4
Young Adult,PRE-CREATE,NONE,Garment Lower body,239.04,2
Adult,ACTIVE,NONE,Garment Upper body,239.04,4
Young Adult,ACTIVE,NONE,Swimwear,144.92,1
Adult,ACTIVE,NONE,Underwear,186.75,4
Adult,ACTIVE,Regularly,Underwear,207.67,0
Young Adult,ACTIVE,NONE,Swimwear,82.17,1
Adult,ACTIVE,NONE,Garment Lower body,239.04,4
Adult,ACTIVE,Regularly,Swimwear,186.75,0
Adult,ACTIVE,Regularly,Garment Full body,343.61,0
Young Adult,ACTIVE,NONE,Garment Upper body,239.04,1
Young Adult,ACTIVE,NONE,Garment Full body,186.75,1
Adult,ACTIVE,Regularly,Garment Upper body,71.72,0
Teenager,ACTIVE,NONE,Swimwear,144.92,0
Young Adult,ACTIVE,NONE,Garment Upper body,218.12,1
Young Adult,ACTIVE,NONE,Garment Upper body,239.04,1
Young Adult,ACTIVE,NONE,Socks & Tights,99.64,1
Young Adult,ACTIVE,NONE,Swimwear,165.83,1
Adult,ACTIVE,Regularly,Garment Lower body,176.29,0
Young Adult,ACTIVE,Regularly,Garment Upper body,89.08,3
Young Adult,ACTIVE,NONE,Underwear,124,1
Adult,ACTIVE,Regularly,Garment Upper body,197.21,0
Young Adult,ACTIVE,Regularly,Garment Lower body,239.04,3
Young Adult,ACTIVE,NONE,Garment Lower body,291.33,1
Young Adult,ACTIVE,NONE,Swimwear,186.75,1
Adult,ACTIVE,Regularly,Garment Full body,335.98,0
Young Adult,ACTIVE,NONE,Garment Upper body,165.83,1
Young Adult,ACTIVE,NONE,Garment Upper body,134.46,1
Young Adult,ACTIVE,NONE,Shoes,155.38,1
Young Adult,ACTIVE,NONE,Accessories,240.61,1
Young Adult,ACTIVE,NONE,Garment Lower body,165.83,1
Elderly,ACTIVE,NONE,Garment Lower body,239.04,4
Adult,ACTIVE,Regularly,Garment Upper body,343.61,0
Elderly,ACTIVE,Regularly,Garment Upper body,89.08,0
Young Adult,ACTIVE,NONE,Swimwear,131.74,1
Adult,ACTIVE,NONE,Garment Upper body,239.04,4
Adult,ACTIVE,Regularly,Underwear,98.8,0
Young Adult,PRE-CREATE,NONE,Garment Upper body,61.26,2
Young Adult,ACTIVE,NONE,Swimwear,71.72,1
Adult,ACTIVE,NONE,Garment Upper body,657.34,4
Young Adult,ACTIVE,Regularly,Garment Upper body,92.63,3
Young Adult,ACTIVE,Regularly,Swimwear,134.46,3
Young Adult,ACTIVE,Regularly,Garment Lower body,165.83,3
Elderly,ACTIVE,Regularly,Garment Lower body,239.04,0
Adult,ACTIVE,Regularly,Underwear,144.92,0
Young Adult,ACTIVE,Regularly,Garment Full body,124,3
Elderly,ACTIVE,Regularly,Shoes,66.49,0
Young Adult,ACTIVE,Regularly,Garment Lower body,134.46,3
Adult,ACTIVE,NONE,Garment Upper body,165.83,4
Young Adult,ACTIVE,NONE,Swimwear,343.61,1
Elderly,ACTIVE,NONE,Garment Full body,343.61,4
Young Adult,ACTIVE,NONE,Garment Lower body,343.61,1
Adult,ACTIVE,Regularly,Garment Upper body,171.06,0
Young Adult,ACTIVE,Regularly,Underwear,134.46,3
Adult,ACTIVE,NONE,Garment Upper body,82.17,4
Adult,ACTIVE,Regularly,Nightwear,134.46,0
Young Adult,ACTIVE,Regularly,Garment Upper body,218.12,3
Young Adult,ACTIVE,NONE,Garment Full body,343.61,1
Elderly,ACTIVE,Regularly,Garment Upper body,124,0
Young Adult,ACTIVE,NONE,Garment Lower body,124,1
Young Adult,ACTIVE,NONE,Garment Lower body,343.61,1
Adult,ACTIVE,NONE,Swimwear,239.04,4
Young Adult,ACTIVE,NONE,Underwear,180.89,1
Young Adult,ACTIVE,NONE,Garment Full body,124,1
Adult,ACTIVE,NONE,Garment Lower body,343.61,4
Teenager,ACTIVE,NONE,Garment Full body,134.46,0
Young Adult,ACTIVE,Regularly,Garment Upper body,134.46,3
Young Adult,ACTIVE,Regularly,Garment Lower body,134.46,3
Young Adult,ACTIVE,Regularly,Garment Upper body,202.12,3
Elderly,ACTIVE,Regularly,Garment Upper body,157.47,0
Young Adult,ACTIVE,NONE,Swimwear,165.83,1
Young Adult,ACTIVE,NONE,Garment Upper body,239.04,1
Young Adult,ACTIVE,NONE,Garment Upper body,186.75,1
Young Adult,ACTIVE,NONE,Garment Lower body,131.95,1
Young Adult,ACTIVE,NONE,Accessories,124,1
Young Adult,ACTIVE,NONE,Garment Lower body,239.04,1
Teenager,ACTIVE,NONE,Garment Lower body,165.83,0
Young Adult,ACTIVE,NONE,Garment Full body,291.33,1
Young Adult,ACTIVE,NONE,Garment Lower body,343.61,1
Young Adult,ACTIVE,Regularly,Unknown,218.12,3
Young Adult,ACTIVE,Regularly,Garment Upper body,92.53,3
Adult,ACTIVE,NONE,Garment Upper body,239.04,4
Adult,ACTIVE,NONE,Garment Upper body,134.46,4
Adult,ACTIVE,NONE,Garment Lower body,144.92,4
Adult,ACTIVE,Regularly,Garment Upper body,782.84,0
Young Adult,ACTIVE,Regularly,Garment Full body,239.04,3
Young Adult,ACTIVE,Regularly,Garment Lower body,312.24,3
Elderly,ACTIVE,Regularly,Garment Upper body,113.65,0
Adult,ACTIVE,NONE,Garment Lower body,265.18,4
Elderly,ACTIVE,Regularly,Underwear,113.55,0
Young Adult,ACTIVE,NONE,Garment Upper body,220.42,1
Adult,ACTIVE,Regularly,Shoes,395.9,0
Young Adult,ACTIVE,NONE,Garment Upper body,239.04,1
Young Adult,ACTIVE,NONE,Garment Lower body,134.46,1
Adult,PRE-CREATE,NONE,Garment Full body,239.04,2
Adult,PRE-CREATE,Regularly,Garment Upper body,134.46,2
Young Adult,ACTIVE,NONE,Garment Upper body,113.55,1
Young Adult,ACTIVE,Regularly,Garment Lower body,291.33,3
Young Adult,ACTIVE,NONE,Garment Upper body,134.46,1
Elderly,ACTIVE,Regularly,Garment Lower body,231.3,0
Young Adult,ACTIVE,NONE,Garment Upper body,281.6,1
Young Adult,ACTIVE,NONE,Garment Upper body,81.44,1
Teenager,ACTIVE,NONE,Garment Upper body,113.55,0
Young Adult,ACTIVE,NONE,Garment Lower body,343.61,1
Young Adult,ACTIVE,NONE,Garment Upper body,448.19,1
Young Adult,ACTIVE,NONE,Garment Upper body,343.61,1
Young Adult,ACTIVE,Regularly,Underwear,171.06,3
Young Adult,ACTIVE,NONE,Garment Lower body,155.38,1
Young Adult,ACTIVE,Regularly,Garment Lower body,134.46,3
Young Adult,ACTIVE,Regularly,Garment Lower body,113.55,3
Young Adult,ACTIVE,Regularly,Shoes,92.63,3
Adult,ACTIVE,Regularly,Underwear,122.96,0
Young Adult,ACTIVE,NONE,Garment Lower body,291.33,1
Adult,ACTIVE,Regularly,Accessories,63.35,0
Teenager,ACTIVE,Regularly,Garment Upper body,341,0
Adult,ACTIVE,NONE,Underwear,180.48,4
Young Adult,ACTIVE,Regularly,Swimwear,134.46,3
Adult,ACTIVE,NONE,Garment Upper body,103.09,4
Young Adult,ACTIVE,NONE,Garment Full body,395.9,1
Adult,ACTIVE,Regularly,Garment Upper body,155.38,0
Young Adult,ACTIVE,NONE,Garment Upper body,343.61,1
Young Adult,ACTIVE,Regularly,Garment Lower body,134.46,3
Young Adult,ACTIVE,NONE,Garment Upper body,49.13,1
Young Adult,ACTIVE,NONE,Garment Lower body,165.83,1
Young Adult,ACTIVE,Regularly,Garment Lower body,186.75,3
Young Adult,ACTIVE,NONE,Garment Full body,163.22,1
Young Adult,ACTIVE,NONE,Garment Upper body,239.04,1
Young Adult,ACTIVE,NONE,Swimwear,113.55,1
Young Adult,ACTIVE,Regularly,Garment Upper body,385.45,3
Adult,ACTIVE,NONE,Garment Lower body,218.12,4
Young Adult,ACTIVE,NONE,Accessories,134.46,1
Adult,ACTIVE,Regularly,Garment Upper body,239.04,0
Adult,ACTIVE,NONE,Garment Lower body,152.24,4
Elderly,ACTIVE,Regularly,Garment Upper body,252.11,0
Adult,ACTIVE,Regularly,Garment Upper body,761.92,0
Adult,ACTIVE,NONE,Garment Lower body,113.55,4
Young Adult,ACTIVE,NONE,Garment Upper body,186.75,1
Adult,ACTIVE,Regularly,Garment Upper body,291.33,0
Elderly,ACTIVE,NONE,Socks & Tights,113.55,4
Elderly,ACTIVE,Regularly,Garment Lower body,239.04,0
Young Adult,ACTIVE,NONE,Garment Upper body,82.17,1
Young Adult,ACTIVE,NONE,Swimwear,186.75,1
Young Adult,ACTIVE,Regularly,Garment Upper body,239.04,3
Adult,ACTIVE,NONE,Garment Upper body,218.12,4
Young Adult,ACTIVE,Regularly,Garment Upper body,440.24,3
Young Adult,ACTIVE,Regularly,Socks & Tights,99.64,3
Young Adult,ACTIVE,Regularly,Garment Lower body,552.77,3
Young Adult,ACTIVE,NONE,Swimwear,82.17,1
Adult,ACTIVE,NONE,Garment Upper body,71.72,4
Adult,ACTIVE,Regularly,Garment Upper body,165.83,0
Young Adult,ACTIVE,NONE,Underwear,124,1
Adult,ACTIVE,Regularly,Garment Upper body,134.46,0
Young Adult,ACTIVE,NONE,Garment Upper body,134.46,1
Young Adult,ACTIVE,NONE,Underwear,71.72,1
Adult,ACTIVE,NONE,Underwear,83.64,4
Young Adult,ACTIVE,NONE,Garment Upper body,252.32,1
Young Adult,ACTIVE,Regularly,Garment Lower body,176.29,3
Elderly,ACTIVE,NONE,Swimwear,161.13,4
Young Adult,ACTIVE,NONE,Garment Upper body,124,1
Young Adult,ACTIVE,NONE,Garment Full body,291.33,1
Young Adult,ACTIVE,Regularly,Underwear,134.46,3
Adult,ACTIVE,NONE,Garment Upper body,291.33,4
Young Adult,ACTIVE,NONE,Socks & Tights,64.71,1
Young Adult,ACTIVE,NONE,Garment Upper body,134.46,1
Adult,ACTIVE,Regularly,Garment Upper body,118.78,0
Young Adult,ACTIVE,NONE,Garment Upper body,186.75,1
Young Adult,ACTIVE,Regularly,Garment Full body,186.75,3
Adult,ACTIVE,NONE,Garment Lower body,186.75,4
Adult,ACTIVE,Regularly,Garment Lower body,218.12,0
Young Adult,ACTIVE,NONE,Socks & Tights,127.87,1
Adult,ACTIVE,NONE,Garment Upper body,343.61,4
Adult,ACTIVE,Regularly,Garment Lower body,134.46,0
Young Adult,ACTIVE,Regularly,Garment Lower body,134.46,3
Young Adult,ACTIVE,NONE,Garment Upper body,95.77,1
Young Adult,ACTIVE,Regularly,Underwear,50.8,3
Young Adult,ACTIVE,Regularly,Garment Full body,222.31,3
Adult,ACTIVE,Regularly,Garment Upper body,124,0
Young Adult,ACTIVE,NONE,Garment Upper body,103.09,1
Young Adult,ACTIVE,NONE,Garment Upper body,291.33,1
Young Adult,ACTIVE,Regularly,Garment Lower body,213.31,3
Adult,ACTIVE,NONE,Garment Lower body,239.04,4
Young Adult,ACTIVE,NONE,Garment Upper body,113.55,1
Young Adult,ACTIVE,NONE,Garment Upper body,218.12,1
Young Adult,ACTIVE,NONE,Swimwear,176.29,1
Young Adult,ACTIVE,Regularly,Garment Full body,239.04,3
Young Adult,ACTIVE,Regularly,Garment Upper body,124,3
Elderly,ACTIVE,Regularly,Garment Full body,113.55,0
Adult,ACTIVE,NONE,Garment Upper body,322.8,4
Adult,ACTIVE,NONE,Garment Lower body,239.04,4
Young Adult,ACTIVE,NONE,Garment Upper body,92.63,1
Elderly,ACTIVE,Regularly,Garment Lower body,218.12,0
Adult,ACTIVE,Regularly,Garment Lower body,239.04,0
Young Adult,ACTIVE,Regularly,Accessories,113.55,3
Adult,ACTIVE,NONE,Accessories,239.04,4
Elderly,ACTIVE,Regularly,Garment Upper body,239.04,0
Elderly,ACTIVE,Regularly,Garment Lower body,239.04,0
Adult,ACTIVE,Regularly,Underwear,134.46,0
Young Adult,ACTIVE,Regularly,Accessories,113.55,3
Elderly,ACTIVE,Regularly,Garment Lower body,239.04,0
Young Adult,ACTIVE,Regularly,Underwear,186.75,3
Young Adult,ACTIVE,NONE,Underwear,218.12,1
Elderly,ACTIVE,NONE,Garment Full body,186.75,4
Young Adult,ACTIVE,NONE,Garment Lower body,239.04,1
Elderly,ACTIVE,Regularly,Garment Full body,134.46,0
Young Adult,ACTIVE,NONE,Garment Upper body,236.84,1
Young Adult,ACTIVE,Regularly,Garment Upper body,50.8,3
Young Adult,ACTIVE,Regularly,Garment Upper body,155.38,3
Young Adult,ACTIVE,NONE,Underwear,186.75,1
Adult,ACTIVE,NONE,Accessories,113.55,4
Adult,ACTIVE,Regularly,Garment Upper body,113.55,0
Young Adult,ACTIVE,Regularly,Garment Upper body,145.44,3
Adult,ACTIVE,NONE,Garment Full body,239.04,4
Adult,ACTIVE,NONE,Swimwear,134.46,4
Young Adult,ACTIVE,NONE,Garment Full body,186.75,1
Adult,ACTIVE,NONE,Garment Lower body,239.04,4
Young Adult,ACTIVE,Regularly,Swimwear,176.29,3
Elderly,ACTIVE,Regularly,Garment Full body,343.61,0
Elderly,ACTIVE,NONE,Garment Upper body,113.55,4
Adult,ACTIVE,NONE,Accessories,103.09,4
Young Adult,ACTIVE,NONE,Swimwear,118.78,1
Elderly,ACTIVE,Regularly,Garment Lower body,312.24,0
Young Adult,ACTIVE,Regularly,Garment Upper body,134.46,3
Young Adult,ACTIVE,NONE,Socks & Tights,40.34,1
Elderly,ACTIVE,NONE,Garment Full body,343.61,4
Adult,ACTIVE,Regularly,Accessories,92.63,0
Adult,ACTIVE,Regularly,Underwear,134.46,0
Young Adult,ACTIVE,Regularly,Accessories,134.46,3
Young Adult,ACTIVE,Regularly,Garment Lower body,287.35,3
Young Adult,ACTIVE,NONE,Garment Lower body,343.61,1
Young Adult,ACTIVE,NONE,Garment Upper body,134.46,1
Elderly,ACTIVE,NONE,Garment Lower body,186.75,4
Young Adult,ACTIVE,Regularly,Garment Full body,165.83,3
Elderly,ACTIVE,NONE,Garment Upper body,186.75,4
Elderly,ACTIVE,NONE,Underwear,147.53,4
Adult,ACTIVE,NONE,Garment Upper body,83.22,4
Young Adult,ACTIVE,Regularly,Underwear,118.78,3
Young Adult,ACTIVE,NONE,Garment Upper body,186.75,1
Adult,ACTIVE,NONE,Garment Upper body,113.55,4
Elderly,ACTIVE,Regularly,Garment Upper body,113.55,0
Adult,ACTIVE,Regularly,Garment Upper body,448.19,0
Adult,ACTIVE,NONE,Underwear,105.18,4
Young Adult,ACTIVE,NONE,Garment Full body,427.28,1
Adult,ACTIVE,Regularly,Garment Upper body,239.04,0
Adult,ACTIVE,NONE,Underwear,186.75,4
Young Adult,ACTIVE,Regularly,Accessories,134.46,3
Young Adult,ACTIVE,NONE,Garment Full body,241.65,1
Teenager,ACTIVE,NONE,Garment Upper body,239.04,0
Adult,ACTIVE,NONE,Garment Upper body,185.29,4
Young Adult,ACTIVE,NONE,Garment Lower body,239.04,1
Young Adult,ACTIVE,Regularly,Garment Full body,207.67,3
Young Adult,ACTIVE,Regularly,Garment Full body,134.46,3
Adult,ACTIVE,NONE,Garment Full body,197.21,4
Young Adult,ACTIVE,Regularly,Garment Upper body,291.33,3
Young Adult,ACTIVE,NONE,Underwear,92.63,1
Young Adult,ACTIVE,NONE,Garment Upper body,181.21,1
Young Adult,ACTIVE,Regularly,Garment Full body,134.46,3
Young Adult,ACTIVE,Regularly,Garment Upper body,110.93,3
Young Adult,ACTIVE,Regularly,Underwear,239.04,3
Young Adult,ACTIVE,Regularly,Garment Upper body,71.72,3
Elderly,ACTIVE,Regularly,Swimwear,218.12,0
Young Adult,ACTIVE,NONE,Garment Lower body,239.04,1
Adult,ACTIVE,NONE,Garment Upper body,124,4
Young Adult,ACTIVE,Regularly,Garment Lower body,291.33,3
Adult,ACTIVE,Regularly,Garment Upper body,155.38,0
Adult,ACTIVE,Regularly,Socks & Tights,113.55,0
Elderly,ACTIVE,Regularly,Garment Upper body,239.04,0
Adult,ACTIVE,Regularly,Garment Lower body,343.61,0
Adult,ACTIVE,NONE,Garment Upper body,291.33,4
Adult,ACTIVE,NONE,Accessories,113.55,4
Young Adult,ACTIVE,NONE,Garment Lower body,239.04,1
Young Adult,ACTIVE,NONE,Garment Upper body,134.46,1
Elderly,ACTIVE,Regularly,Garment Upper body,155.38,0
Adult,PRE-CREATE,NONE,Garment Lower body,291.33,2
Adult,ACTIVE,Regularly,Garment Upper body,218.12,0
Adult,ACTIVE,NONE,Garment Upper body,152.24,4
Adult,ACTIVE,NONE,Underwear,108.63,4
Elderly,ACTIVE,NONE,Garment Lower body,291.33,4
Adult,ACTIVE,Regularly,Garment Upper body,82.17,0
Young Adult,ACTIVE,NONE,Garment Lower body,291.33,1
Adult,ACTIVE,Regularly,Garment Lower body,291.33,0
Adult,ACTIVE,Regularly,Garment Upper body,448.19,0
Elderly,ACTIVE,NONE,Garment Upper body,218.12,4
Young Adult,ACTIVE,Regularly,Accessories,134.46,3
Adult,ACTIVE,NONE,Nightwear,134.46,4
Young Adult,ACTIVE,Regularly,Garment Upper body,234.12,3
Young Adult,ACTIVE,NONE,Garment Upper body,134.46,1
Adult,ACTIVE,Regularly,Garment Upper body,500.48,0
Young Adult,ACTIVE,Regularly,Garment Upper body,165.83,3
Teenager,ACTIVE,Regularly,Swimwear,76.94,0
Young Adult,ACTIVE,NONE,Garment Upper body,239.04,1
Adult,ACTIVE,NONE,Garment Full body,291.33,4
Young Adult,ACTIVE,Regularly,Garment Full body,134.46,3
Young Adult,ACTIVE,NONE,Garment Upper body,395.9,1
Adult,ACTIVE,NONE,Accessories,82.17,4
Adult,ACTIVE,Regularly,Garment Lower body,218.12,0
Young Adult,ACTIVE,NONE,Swimwear,129.55,1
Adult,ACTIVE,Regularly,Garment Upper body,79.35,0
Young Adult,ACTIVE,NONE,Garment Upper body,239.04,1
Adult,ACTIVE,Regularly,Garment Full body,500.48,0
Young Adult,ACTIVE,Regularly,Garment Lower body,314.12,3
Young Adult,ACTIVE,NONE,Swimwear,165.83,1
Young Adult,ACTIVE,Regularly,Garment Lower body,186.75,3
Teenager,ACTIVE,NONE,Garment Upper body,105.18,0
Young Adult,ACTIVE,Regularly,Garment Upper body,186.75,3
Adult,ACTIVE,NONE,Garment Upper body,82.17,4
Elderly,ACTIVE,Regularly,Garment Upper body,134.46,0
Young Adult,PRE-CREATE,NONE,Garment Upper body,134.46,2
Young Adult,ACTIVE,NONE,Garment Full body,207.67,1
Young Adult,ACTIVE,NONE,Garment Upper body,343.61,1
Adult,ACTIVE,Regularly,Underwear,134.46,0
Young Adult,ACTIVE,NONE,Accessories,50.8,1
Young Adult,ACTIVE,Regularly,Garment Upper body,134.46,3
Young Adult,ACTIVE,Regularly,Garment Upper body,165.83,3
Elderly,PRE-CREATE,NONE,Garment Upper body,343.61,2
Young Adult,ACTIVE,NONE,Garment Upper body,113.55,1
Adult,ACTIVE,Regularly,Garment Lower body,134.46,0
Young Adult,ACTIVE,Regularly,Garment Lower body,291.33,3
Young Adult,ACTIVE,NONE,Garment Lower body,239.04,1
Adult,ACTIVE,NONE,Garment Upper body,134.46,4
Young Adult,ACTIVE,Regularly,Underwear,165.83,3
Young Adult,ACTIVE,NONE,Accessories,186.75,1
Young Adult,ACTIVE,Regularly,Garment Upper body,113.55,3
Young Adult,ACTIVE,Regularly,Accessories,134.46,3
Young Adult,ACTIVE,NONE,Garment Upper body,258.8,1
Young Adult,ACTIVE,NONE,Shoes,207.67,1
Adult,ACTIVE,NONE,Garment Upper body,134.46,4
Adult,ACTIVE,NONE,Garment Upper body,197.21,4
Adult,ACTIVE,NONE,Garment Upper body,186.75,4
Young Adult,ACTIVE,NONE,Garment Lower body,113.55,1
Elderly,ACTIVE,Regularly,Socks & Tights,82.17,0
Young Adult,ACTIVE,NONE,Shoes,165.83,1
Elderly,ACTIVE,Regularly,Garment Upper body,343.61,0
Young Adult,ACTIVE,Regularly,Garment Lower body,337.03,3
Young Adult,ACTIVE,NONE,Swimwear,74.64,1
Adult,ACTIVE,NONE,Garment Upper body,197.21,4
Young Adult,ACTIVE,Regularly,Garment Lower body,228.16,3
Young Adult,ACTIVE,Regularly,Garment Upper body,301.78,3
Adult,ACTIVE,NONE,Garment Upper body,186.75,4
Elderly,ACTIVE,NONE,Garment Full body,103.09,4
Elderly,ACTIVE,NONE,Garment Upper body,239.04,4
Young Adult,ACTIVE,NONE,Bags,239.04,1
Adult,ACTIVE,NONE,Garment Upper body,92.63,4
Young Adult,ACTIVE,NONE,Garment Upper body,186.75,1
Young Adult,ACTIVE,NONE,Socks & Tights,40.34,1
Young Adult,ACTIVE,NONE,Garment Lower body,63.77,1
Young Adult,ACTIVE,Regularly,Garment Upper body,96.81,3
Young Adult,ACTIVE,NONE,Garment Upper body,186.75,1
Young Adult,ACTIVE,NONE,Underwear,165.83,1
Elderly,ACTIVE,Regularly,Garment Upper body,103.09,0
Young Adult,ACTIVE,NONE,Socks & Tights,113.55,1
Adult,ACTIVE,Regularly,Underwear,76.42,0
Young Adult,ACTIVE,NONE,Garment Full body,374.36,1
Young Adult,ACTIVE,Regularly,Garment Upper body,378.23,3
Young Adult,ACTIVE,NONE,Garment Upper body,103.09,1
Young Adult,ACTIVE,NONE,Underwear,186.75,1
Adult,ACTIVE,NONE,Garment Full body,186.75,4
Young Adult,ACTIVE,Regularly,Garment Lower body,214.25,3
Young Adult,ACTIVE,Regularly,Swimwear,134.46,3
Young Adult,ACTIVE,Regularly,Garment Lower body,130.28,3
Young Adult,ACTIVE,NONE,Garment Upper body,165.83,1
Young Adult,ACTIVE,NONE,Garment Upper body,113.55,1
Adult,ACTIVE,NONE,Garment Upper body,113.55,4
Young Adult,ACTIVE,NONE,Garment Upper body,134.46,1
Young Adult,ACTIVE,NONE,Garment Full body,343.61,1
Young Adult,ACTIVE,Regularly,Garment Lower body,239.04,3
Young Adult,ACTIVE,Regularly,Accessories,165.83,3
Adult,ACTIVE,NONE,Garment Lower body,239.04,4
Adult,ACTIVE,Regularly,Garment Lower body,227.12,0
Elderly,ACTIVE,Regularly,Garment Upper body,239.04,0
Adult,ACTIVE,Regularly,Garment Full body,124,0
Young Adult,ACTIVE,Regularly,Garment Upper body,239.04,3
Young Adult,ACTIVE,NONE,Garment Upper body,239.04,1
Young Adult,ACTIVE,Regularly,Garment Upper body,121.39,3
Young Adult,ACTIVE,NONE,Swimwear,186.75,1
Adult,ACTIVE,Regularly,Garment Upper body,239.04,0
Young Adult,NO MEMBERSHIP,NONE,Garment Upper body,134.46,2
Elderly,ACTIVE,NONE,Garment Upper body,144.92,4
Teenager,ACTIVE,NONE,Garment Upper body,134.46,0
Young Adult,ACTIVE,Regularly,Underwear,103.09,3
Young Adult,ACTIVE,NONE,Garment Upper body,552.77,1
Young Adult,ACTIVE,NONE,Garment Upper body,118.78,1
Young Adult,ACTIVE,NONE,Garment Lower body,218.12,1
Young Adult,ACTIVE,Regularly,Garment Upper body,134.46,3
Young Adult,ACTIVE,NONE,Garment Upper body,343.61,1
Young Adult,ACTIVE,NONE,Swimwear,134.46,1
Young Adult,ACTIVE,NONE,Swimwear,134.46,1
Adult,ACTIVE,NONE,Garment Full body,239.04,4
Elderly,ACTIVE,NONE,Garment Upper body,82.17,4
Adult,ACTIVE,Regularly,Garment Upper body,134.46,0
Adult,ACTIVE,Regularly,Accessories,113.55,0
Young Adult,ACTIVE,NONE,Garment Upper body,102.78,1
Young Adult,ACTIVE,NONE,Garment Lower body,291.33,1
Adult,ACTIVE,NONE,Garment Upper body,186.75,4
Young Adult,ACTIVE,Regularly,Garment Full body,186.75,3
Adult,ACTIVE,NONE,Garment Full body,186.75,4
Young Adult,ACTIVE,NONE,Garment Upper body,50.8,1
Young Adult,ACTIVE,NONE,Swimwear,186.75,1
Young Adult,ACTIVE,Regularly,Garment Lower body,343.61,3
Young Adult,ACTIVE,Regularly,Garment Upper body,92.63,3
Adult,ACTIVE,Regularly,Garment Lower body,239.04,0
Young Adult,ACTIVE,NONE,Garment Upper body,155.38,1
Young Adult,ACTIVE,Regularly,Garment Lower body,207.67,3
Adult,ACTIVE,Regularly,Swimwear,186.75,0
Young Adult,ACTIVE,NONE,Underwear,218.12,1
Young Adult,ACTIVE,Regularly,Garment Lower body,448.19,3
Adult,ACTIVE,Regularly,Garment Upper body,124,0
Adult,ACTIVE,Regularly,Garment Full body,159.66,0
Adult,ACTIVE,Regularly,Swimwear,343.61,0
Adult,ACTIVE,Regularly,Garment Upper body,422.47,0
Young Adult,ACTIVE,Regularly,Garment Lower body,343.61,3
Young Adult,ACTIVE,NONE,Swimwear,239.04,1
Elderly,ACTIVE,Regularly,Garment Lower body,165.83,0
Adult,ACTIVE,NONE,Garment Upper body,730.55,4
Young Adult,ACTIVE,Regularly,Swimwear,134.46,3
Adult,ACTIVE,NONE,Garment Upper body,526.62,4
Adult,ACTIVE,Regularly,Garment Upper body,92.63,0
Adult,ACTIVE,NONE,Garment Upper body,239.04,4
Young Adult,ACTIVE,NONE,Garment Upper body,186.75,1
Elderly,ACTIVE,Regularly,Accessories,103.09,0
Elderly,ACTIVE,NONE,Garment Upper body,239.04,4
Elderly,ACTIVE,Regularly,Garment Full body,246.15,0
Adult,ACTIVE,NONE,Underwear,92.63,4
Adult,ACTIVE,Regularly,Garment Upper body,82.17,0
Young Adult,ACTIVE,NONE,Underwear,134.46,1
Young Adult,ACTIVE,Regularly,Garment Lower body,124,3
Young Adult,ACTIVE,NONE,Garment Upper body,113.65,1
Young Adult,ACTIVE,NONE,Swimwear,207.98,1
Young Adult,ACTIVE,NONE,Garment Upper body,177.76,1
Adult,ACTIVE,NONE,Garment Lower body,448.19,4
Adult,ACTIVE,NONE,Garment Lower body,239.04,4
Young Adult,ACTIVE,NONE,Garment Upper body,322.7,1
Young Adult,ACTIVE,Regularly,Garment Upper body,92.63,3
Young Adult,ACTIVE,Regularly,Underwear,173.89,3
Young Adult,ACTIVE,NONE,Garment Upper body,82.17,1
Young Adult,ACTIVE,NONE,Garment Upper body,186.75,1
Adult,ACTIVE,NONE,Garment Upper body,265.18,4
Adult,ACTIVE,NONE,Accessories,239.04,4
Young Adult,ACTIVE,Regularly,Garment Upper body,171.06,3
Young Adult,ACTIVE,NONE,Garment Lower body,134.46,1
Adult,ACTIVE,Regularly,Swimwear,186.75,0
Adult,ACTIVE,NONE,Garment Upper body,343.61,4
Young Adult,ACTIVE,NONE,Garment Lower body,186.75,1
Young Adult,ACTIVE,NONE,Garment Upper body,165.83,1
Young Adult,ACTIVE,NONE,Garment Upper body,134.46,1
Young Adult,ACTIVE,Regularly,Garment Upper body,134.46,3
Young Adult,ACTIVE,NONE,Shoes,343.61,1
Adult,ACTIVE,NONE,Unknown,206.2,4
Young Adult,ACTIVE,NONE,Garment Full body,186.75,1
Young Adult,ACTIVE,NONE,Garment Upper body,113.55,1
Adult,ACTIVE,Regularly,Accessories,62.83,0
Young Adult,ACTIVE,NONE,Garment Upper body,165.83,1
Young Adult,ACTIVE,NONE,Garment Lower body,239.04,1
Young Adult,ACTIVE,Regularly,Garment Full body,291.33,3
Adult,ACTIVE,Regularly,Garment Lower body,113.55,0
Adult,ACTIVE,NONE,Accessories,165.83,4
Elderly,ACTIVE,Regularly,Garment Full body,448.19,0
Elderly,PRE-CREATE,NONE,Underwear,239.04,2
Adult,ACTIVE,NONE,Garment Upper body,552.77,4
Young Adult,ACTIVE,NONE,Garment Upper body,197.21,1
Adult,ACTIVE,Regularly,Garment Lower body,144.92,0
Elderly,ACTIVE,Regularly,Garment Lower body,471.83,0
Adult,ACTIVE,NONE,Underwear,134.46,4
Adult,ACTIVE,NONE,Unknown,155.38,4
Young Adult,ACTIVE,NONE,Underwear,291.33,1
Adult,ACTIVE,Regularly,Garment Full body,165.83,0
Young Adult,ACTIVE,NONE,Garment Upper body,186.75,1
Young Adult,PRE-CREATE,NONE,Garment Upper body,82.17,2
Young Adult,ACTIVE,NONE,Garment Upper body,134.46,1
Adult,ACTIVE,Regularly,Swimwear,134.46,0
Young Adult,ACTIVE,NONE,Garment Lower body,165.83,1
Young Adult,ACTIVE,Regularly,Garment Upper body,422.05,3
Young Adult,ACTIVE,NONE,Underwear,291.33,1
Adult,ACTIVE,NONE,Underwear,113.55,4
Elderly,ACTIVE,Regularly,Accessories,76.94,0
Young Adult,ACTIVE,Regularly,Garment Upper body,448.19,3
Adult,ACTIVE,NONE,Garment Lower body,165.83,4
Adult,ACTIVE,NONE,Swimwear,54.98,4
Young Adult,ACTIVE,Regularly,Garment Upper body,395.9,3
Adult,ACTIVE,Regularly,Garment Upper body,82.17,0
Adult,ACTIVE,NONE,Garment Upper body,343.61,4
Young Adult,ACTIVE,Regularly,Garment Lower body,395.9,3
Adult,PRE-CREATE,NONE,Garment Upper body,699.17,2
Adult,ACTIVE,NONE,Garment Upper body,1029.01,4
Elderly,ACTIVE,Regularly,Garment Upper body,176.29,0
Young Adult,ACTIVE,Regularly,Swimwear,186.75,3
Young Adult,ACTIVE,NONE,Garment Upper body,82.17,1
Young Adult,ACTIVE,Regularly,Garment Full body,218.12,3
Adult,ACTIVE,NONE,Garment Upper body,71.72,4
Young Adult,ACTIVE,NONE,Garment Upper body,448.19,1
Young Adult,ACTIVE,NONE,Garment Lower body,239.04,1
Young Adult,ACTIVE,NONE,Underwear,134.46,1
Young Adult,ACTIVE,Regularly,Garment Lower body,110.3,3
Young Adult,ACTIVE,NONE,Garment Lower body,186.75,1
Young Adult,ACTIVE,Regularly,Garment Upper body,134.46,3
Young Adult,ACTIVE,Regularly,Garment Lower body,229.1,3
Young Adult,ACTIVE,Regularly,Garment Lower body,249.5,3
Young Adult,ACTIVE,NONE,Underwear,186.75,1
Young Adult,ACTIVE,NONE,Garment Upper body,343.61,1
Young Adult,ACTIVE,Regularly,Garment Full body,552.77,3
Young Adult,ACTIVE,NONE,Garment Upper body,138.64,1
Young Adult,ACTIVE,NONE,Garment Upper body,343.61,1
Young Adult,ACTIVE,NONE,Garment Upper body,82.17,1
Adult,ACTIVE,NONE,Garment Full body,866.5,4
Young Adult,ACTIVE,Regularly,Garment Upper body,111.25,3
Adult,ACTIVE,NONE,Garment Upper body,186.75,4
Young Adult,ACTIVE,NONE,Garment Lower body,291.33,1
Young Adult,ACTIVE,NONE,Garment Full body,265.18,1
Young Adult,ACTIVE,Regularly,Garment Upper body,218.12,3
Young Adult,PRE-CREATE,NONE,Garment Lower body,291.33,2
Young Adult,ACTIVE,NONE,Garment Upper body,179.22,1
Young Adult,ACTIVE,Regularly,Garment Upper body,239.04,3
Young Adult,ACTIVE,Regularly,Underwear,124,3
Adult,ACTIVE,NONE,Garment Upper body,50.8,4
Young Adult,ACTIVE,Regularly,Garment Upper body,448.19,3
Young Adult,ACTIVE,Regularly,Underwear,134.46,3
Elderly,ACTIVE,Regularly,Garment Lower body,552.77,0
Elderly,ACTIVE,Regularly,Garment Lower body,291.33,0
Adult,ACTIVE,NONE,Underwear,124,4
Elderly,ACTIVE,NONE,Garment Upper body,134.46,4
Young Adult,ACTIVE,NONE,Garment Full body,448.19,1
Adult,ACTIVE,NONE,Garment Upper body,108.32,4
Adult,ACTIVE,NONE,Garment Lower body,134.46,4
Young Adult,ACTIVE,NONE,Garment Upper body,165.83,1
Young Adult,ACTIVE,Regularly,Swimwear,50.8,3
Adult,ACTIVE,NONE,Garment Upper body,291.33,4
Adult,ACTIVE,NONE,Garment Lower body,228.58,4
Young Adult,ACTIVE,NONE,Garment Upper body,186.75,1
Young Adult,ACTIVE,NONE,Garment Full body,343.61,1
Young Adult,ACTIVE,NONE,Garment Upper body,186.75,1
Adult,ACTIVE,NONE,Garment Upper body,197.21,4
Young Adult,ACTIVE,NONE,Swimwear,218.12,1
Adult,PRE-CREATE,NONE,Garment Upper body,186.75,2
Adult,ACTIVE,NONE,Garment Lower body,291.33,4
Young Adult,ACTIVE,NONE,Garment Full body,552.77,1
Young Adult,ACTIVE,NONE,Underwear,186.75,1
Young Adult,ACTIVE,Regularly,Garment Upper body,186.75,3
Adult,ACTIVE,Regularly,Garment Upper body,291.33,0
Adult,PRE-CREATE,NONE,Underwear,218.12,2
Young Adult,ACTIVE,Regularly,Garment Full body,448.19,3
Adult,ACTIVE,NONE,Garment Upper body,218.12,4
Young Adult,ACTIVE,Regularly,Garment Lower body,152.24,3
Young Adult,ACTIVE,NONE,Garment Upper body,197.21,1
Adult,PRE-CREATE,NONE,Garment Upper body,239.04,2
Young Adult,ACTIVE,Regularly,Garment Upper body,113.55,3
Young Adult,ACTIVE,NONE,Garment Lower body,343.61,1
Young Adult,ACTIVE,NONE,Garment Upper body,130.28,1
Young Adult,ACTIVE,NONE,Garment Lower body,312.24,1
Adult,ACTIVE,NONE,Garment Upper body,448.19,4
Young Adult,ACTIVE,NONE,Garment Upper body,186.75,1
Young Adult,ACTIVE,Regularly,Garment Upper body,165.83,3
Adult,ACTIVE,NONE,Garment Upper body,343.61,4
Young Adult,ACTIVE,NONE,Garment Lower body,239.04,1
Young Adult,ACTIVE,NONE,Garment Upper body,291.33,1
Young Adult,ACTIVE,NONE,Garment Upper body,239.04,1
Young Adult,ACTIVE,Regularly,Swimwear,92.63,3
Young Adult,ACTIVE,NONE,Garment Upper body,92.63,1
Young Adult,ACTIVE,Regularly,Socks & Tights,67.53,3
Adult,ACTIVE,NONE,Garment Upper body,82.17,4
Young Adult,ACTIVE,NONE,Garment Upper body,82.17,1
Adult,ACTIVE,NONE,Garment Full body,186.75,4
Young Adult,ACTIVE,NONE,Garment Upper body,186.75,1
Adult,ACTIVE,NONE,Garment Lower body,124,4
Young Adult,ACTIVE,NONE,Swimwear,113.55,1
Adult,ACTIVE,NONE,Garment Upper body,186.75,4
Young Adult,ACTIVE,NONE,Garment Lower body,239.04,1
Young Adult,ACTIVE,NONE,Garment Upper body,113.55,1
Young Adult,ACTIVE,NONE,Garment Lower body,448.19,1
Elderly,ACTIVE,Regularly,Accessories,113.55,0
Young Adult,ACTIVE,Regularly,Garment Lower body,113.55,3
Young Adult,ACTIVE,NONE,Socks & Tights,134.46,1
Young Adult,ACTIVE,Regularly,Garment Upper body,113.55,3
Young Adult,ACTIVE,Regularly,Garment Upper body,239.04,3
Young Adult,ACTIVE,NONE,Garment Upper body,82.17,1
Young Adult,ACTIVE,NONE,Garment Full body,161.44,1
Adult,ACTIVE,NONE,Garment Full body,445.16,4
Adult,ACTIVE,NONE,Garment Full body,83.32,4
Young Adult,ACTIVE,NONE,Garment Upper body,155.38,1
Adult,ACTIVE,NONE,Shoes,239.04,4
Elderly,ACTIVE,Regularly,Garment Upper body,359.3,0
Elderly,ACTIVE,Regularly,Garment Upper body,331.07,0
Young Adult,ACTIVE,NONE,Garment Upper body,343.61,1
Young Adult,ACTIVE,Regularly,Underwear,80.08,3
Young Adult,ACTIVE,Regularly,Garment Lower body,133.83,3
Young Adult,ACTIVE,NONE,Shoes,284.74,1
Young Adult,ACTIVE,NONE,Garment Upper body,113.55,1
Young Adult,ACTIVE,NONE,Garment Full body,92.63,1
Adult,ACTIVE,NONE,Unknown,186.75,4
Young Adult,ACTIVE,Regularly,Accessories,103.09,3
Elderly,ACTIVE,Regularly,Garment Upper body,103.09,0
Elderly,ACTIVE,Regularly,Garment Upper body,163.22,0
Young Adult,ACTIVE,Regularly,Garment Lower body,124,3
Young Adult,ACTIVE,NONE,Swimwear,165.83,1
Young Adult,ACTIVE,NONE,Underwear,186.75,1
Adult,ACTIVE,NONE,Garment Upper body,61.26,4
Young Adult,ACTIVE,NONE,Swimwear,134.46,1
Adult,ACTIVE,Regularly,Swimwear,134.46,0
Young Adult,ACTIVE,NONE,Garment Upper body,92.63,1
Young Adult,ACTIVE,NONE,Garment Lower body,155.38,1
Young Adult,ACTIVE,NONE,Swimwear,186.75,1
Young Adult,ACTIVE,Regularly,Swimwear,181.52,3
Elderly,ACTIVE,Regularly,Garment Lower body,239.04,0
Young Adult,ACTIVE,Regularly,Garment Full body,197.21,3
Young Adult,ACTIVE,Regularly,Garment Upper body,322.8,3
Young Adult,ACTIVE,Regularly,Garment Full body,134.46,3
Young Adult,ACTIVE,NONE,Garment Upper body,113.55,1
Elderly,ACTIVE,NONE,Garment Full body,395.9,4
Young Adult,ACTIVE,NONE,Garment Lower body,252.11,1
Adult,ACTIVE,NONE,Garment Upper body,134.46,4
Adult,ACTIVE,Regularly,Garment Full body,291.33,0
Young Adult,ACTIVE,NONE,Garment Full body,108.32,1
Adult,ACTIVE,Regularly,Garment Full body,343.61,0
Adult,ACTIVE,NONE,Garment Upper body,134.46,4
Young Adult,PRE-CREATE,NONE,Garment Upper body,134.46,2
Young Adult,ACTIVE,Regularly,Underwear,80.08,3
Young Adult,ACTIVE,NONE,Accessories,103.09,1
Adult,ACTIVE,Regularly,Garment Full body,207.67,0
Adult,ACTIVE,Regularly,Garment Lower body,197.21,0
Young Adult,ACTIVE,Regularly,Garment Upper body,395.9,3
Adult,ACTIVE,Regularly,Garment Upper body,82.17,0
Young Adult,ACTIVE,Regularly,Garment Upper body,186.75,3
Adult,ACTIVE,NONE,Underwear,134.46,4
Young Adult,ACTIVE,Regularly,Swimwear,124,3
Young Adult,ACTIVE,Regularly,Socks & Tights,50.91,3
Adult,ACTIVE,Regularly,Swimwear,186.75,0
Young Adult,ACTIVE,Regularly,Garment Full body,105.18,3
Young Adult,ACTIVE,NONE,Underwear,134.46,1
Adult,ACTIVE,Regularly,Garment Upper body,118.78,0
Young Adult,ACTIVE,Regularly,Garment Upper body,134.46,3
Young Adult,ACTIVE,Regularly,Garment Lower body,185.7,3
Adult,ACTIVE,NONE,Shoes,124,4
Elderly,ACTIVE,NONE,Garment Upper body,186.75,4
Young Adult,ACTIVE,NONE,Garment Upper body,174.93,1
Young Adult,ACTIVE,NONE,Garment Upper body,134.46,1
Adult,ACTIVE,Regularly,Garment Upper body,124,0
Young Adult,ACTIVE,NONE,Garment Upper body,207.67,1
Adult,ACTIVE,Regularly,Underwear,174.93,0
Young Adult,ACTIVE,NONE,Garment Upper body,186.75,1
Adult,ACTIVE,NONE,Socks & Tights,106.44,4
Adult,ACTIVE,Regularly,Accessories,103.09,0
Young Adult,ACTIVE,NONE,Shoes,218.12,1
Adult,ACTIVE,NONE,Garment Upper body,82.17,4
Young Adult,ACTIVE,Regularly,Accessories,113.55,3
Adult,ACTIVE,Regularly,Garment Upper body,239.04,0
Young Adult,ACTIVE,Regularly,Garment Upper body,239.04,3
Young Adult,ACTIVE,Regularly,Garment Lower body,134.46,3
Adult,ACTIVE,Regularly,Garment Lower body,186.75,0
Young Adult,ACTIVE,Regularly,Garment Upper body,134.46,3
Young Adult,ACTIVE,Regularly,Underwear,124,3
Adult,ACTIVE,Regularly,Garment Lower body,90.75,0
Young Adult,ACTIVE,Regularly,Garment Lower body,448.19,3
Young Adult,ACTIVE,NONE,Socks & Tights,49.55,1
Young Adult,ACTIVE,NONE,Garment Lower body,448.19,1
Young Adult,ACTIVE,NONE,Garment Full body,500.48,1
Young Adult,ACTIVE,NONE,Shoes,239.04,1
Young Adult,ACTIVE,Regularly,Garment Upper body,448.19,3
Adult,ACTIVE,NONE,Garment Upper body,100.47,4
Young Adult,ACTIVE,Regularly,Garment Lower body,134.46,3
Adult,ACTIVE,NONE,Underwear,113.55,4
Young Adult,ACTIVE,NONE,Accessories,71.93,1
Adult,ACTIVE,Regularly,Garment Lower body,226.91,0
Young Adult,ACTIVE,Regularly,Garment Upper body,71.72,3
Young Adult,ACTIVE,NONE,Swimwear,134.46,1
Young Adult,ACTIVE,Regularly,Garment Lower body,537.81,3
Adult,ACTIVE,NONE,Garment Upper body,71.72,4
Young Adult,ACTIVE,NONE,Garment Lower body,197.21,1
Adult,ACTIVE,Regularly,Swimwear,76.94,0
Young Adult,ACTIVE,NONE,Garment Full body,171.06,1
Elderly,ACTIVE,NONE,Garment Upper body,239.04,4
Adult,ACTIVE,Regularly,Garment Lower body,239.04,0
Young Adult,ACTIVE,NONE,Underwear,134.46,1
Young Adult,ACTIVE,Regularly,Garment Lower body,165.83,3
Young Adult,ACTIVE,NONE,Garment Upper body,155.38,1
Young Adult,ACTIVE,NONE,Garment Upper body,448.19,1
Adult,ACTIVE,NONE,Garment Full body,218.12,4
Adult,ACTIVE,NONE,Shoes,239.04,4
Teenager,ACTIVE,Regularly,Garment Upper body,113.55,0
Adult,ACTIVE,Regularly,Garment Lower body,442.54,0
Adult,ACTIVE,NONE,Garment Lower body,343.61,4
Young Adult,ACTIVE,Regularly,Garment Lower body,262.57,3
Adult,ACTIVE,NONE,Garment Lower body,854.16,4
Adult,ACTIVE,Regularly,Garment Full body,186.75,0
Elderly,ACTIVE,NONE,Underwear,186.75,4
Young Adult,ACTIVE,NONE,Garment Upper body,186.75,1
Young Adult,ACTIVE,NONE,Swimwear,171.06,1
Young Adult,ACTIVE,NONE,Swimwear,124,1
Young Adult,ACTIVE,Regularly,Garment Lower body,239.04,3
Adult,ACTIVE,Regularly,Garment Upper body,165.83,0
Young Adult,ACTIVE,Regularly,Underwear,124,3
Young Adult,ACTIVE,NONE,Garment Upper body,239.04,1
Adult,ACTIVE,Regularly,Accessories,186.75,0
Adult,ACTIVE,Regularly,Garment Upper body,186.75,0
Adult,ACTIVE,NONE,Socks & Tights,134.46,4
Elderly,ACTIVE,NONE,Garment Upper body,134.46,4
Adult,ACTIVE,NONE,Garment Upper body,71.72,4
Adult,PRE-CREATE,NONE,Garment Upper body,82.17,2
Adult,ACTIVE,Regularly,Garment Lower body,343.61,0
Young Adult,ACTIVE,Regularly,Garment Upper body,105.18,3
Young Adult,ACTIVE,NONE,Accessories,109.36,1
Young Adult,ACTIVE,NONE,Garment Lower body,395.9,1
Adult,ACTIVE,Regularly,Garment Lower body,186.75,0
Adult,ACTIVE,NONE,Garment Full body,181,4
Young Adult,ACTIVE,NONE,Garment Lower body,291.33,1
Young Adult,ACTIVE,Regularly,Garment Upper body,239.04,3
Young Adult,ACTIVE,NONE,Garment Upper body,239.04,1
Young Adult,ACTIVE,NONE,Garment Upper body,108.84,1
Young Adult,ACTIVE,Regularly,Garment Upper body,343.61,3
Young Adult,ACTIVE,Regularly,Garment Lower body,291.33,3
Young Adult,ACTIVE,NONE,Garment Full body,105.18,1
Young Adult,ACTIVE,NONE,Garment Upper body,239.04,1
Young Adult,PRE-CREATE,NONE,Garment Upper body,291.33,2
Adult,ACTIVE,NONE,Underwear,218.12,4
Young Adult,ACTIVE,NONE,Swimwear,395.9,1
Young Adult,ACTIVE,Regularly,Garment Upper body,218.12,3
Young Adult,ACTIVE,Regularly,Underwear,197.21,3
Young Adult,ACTIVE,Regularly,Garment Upper body,92.63,3
Young Adult,ACTIVE,NONE,Garment Upper body,92.63,1
Young Adult,ACTIVE,Regularly,Swimwear,218.12,3
Young Adult,ACTIVE,NONE,Garment Full body,291.33,1
Young Adult,ACTIVE,Regularly,Swimwear,134.46,3
Young Adult,ACTIVE,Regularly,Garment Upper body,239.04,3
Young Adult,ACTIVE,NONE,Garment Upper body,239.04,1
Elderly,ACTIVE,Regularly,Shoes,291.33,0
Young Adult,ACTIVE,NONE,Accessories,134.46,1
Adult,ACTIVE,Regularly,Garment Lower body,186.75,0
Adult,ACTIVE,NONE,Garment Upper body,82.17,4
Young Adult,ACTIVE,NONE,Garment Upper body,76.94,1
Adult,ACTIVE,NONE,Shoes,134.46,4
Elderly,ACTIVE,Regularly,Garment Full body,239.04,0
Young Adult,ACTIVE,Regularly,Swimwear,218.12,3
Young Adult,ACTIVE,Regularly,Garment Full body,197.21,3
Young Adult,ACTIVE,Regularly,Garment Upper body,291.33,3
Adult,ACTIVE,Regularly,Underwear,218.12,0
Adult,ACTIVE,NONE,Garment Upper body,108.11,4
Young Adult,ACTIVE,NONE,Garment Upper body,82.17,1
Young Adult,ACTIVE,Regularly,Accessories,117.73,3
Young Adult,ACTIVE,NONE,Garment Upper body,76.94,1
Elderly,ACTIVE,NONE,Garment Upper body,134.46,4
Adult,ACTIVE,Regularly,Garment Full body,322.7,0
Young Adult,ACTIVE,NONE,Garment Lower body,186.75,1
Young Adult,ACTIVE,Regularly,Garment Upper body,186.75,3
Elderly,PRE-CREATE,NONE,Shoes,186.75,2
Young Adult,ACTIVE,NONE,Swimwear,122.12,1
Young Adult,ACTIVE,NONE,Underwear,115.22,1
Young Adult,ACTIVE,Regularly,Swimwear,189.89,3
Young Adult,ACTIVE,Regularly,Swimwear,103.61,3
Elderly,ACTIVE,Regularly,Garment Lower body,406.36,0
Adult,ACTIVE,Regularly,Shoes,500.48,0
Young Adult,ACTIVE,NONE,Garment Lower body,289.76,1
Young Adult,ACTIVE,Regularly,Garment Lower body,165.83,3
Adult,ACTIVE,NONE,Garment Upper body,224.08,4
Elderly,ACTIVE,Regularly,Garment Upper body,910,0
Young Adult,ACTIVE,Regularly,Garment Full body,395.9,3
Teenager,ACTIVE,NONE,Garment Upper body,131.85,0
Elderly,ACTIVE,Regularly,Garment Upper body,71.72,0
Young Adult,ACTIVE,NONE,Swimwear,186.75,1
Elderly,ACTIVE,Regularly,Shoes,343.61,0
Young Adult,ACTIVE,Regularly,Garment Upper body,134.46,3
Elderly,ACTIVE,NONE,Garment Upper body,359.3,4
Adult,ACTIVE,Regularly,Underwear,216.03,0
Young Adult,ACTIVE,NONE,Accessories,99.43,1
Young Adult,ACTIVE,NONE,Underwear,186.75,1
Elderly,ACTIVE,Regularly,Swimwear,207.67,0
Young Adult,ACTIVE,NONE,Socks & Tights,43.38,1
Adult,ACTIVE,NONE,Garment Full body,291.33,4
Adult,ACTIVE,NONE,Garment Lower body,186.75,4
Young Adult,ACTIVE,NONE,Garment Upper body,239.04,1
Young Adult,ACTIVE,NONE,Accessories,186.75,1
Adult,ACTIVE,NONE,Swimwear,186.75,4
Young Adult,ACTIVE,NONE,Garment Upper body,186.75,1
Young Adult,ACTIVE,NONE,Garment Upper body,134.46,1
Young Adult,ACTIVE,NONE,Garment Upper body,113.55,1
Adult,ACTIVE,NONE,Garment Upper body,113.55,4
Young Adult,ACTIVE,Regularly,Garment Upper body,61.26,3
Young Adult,ACTIVE,NONE,Garment Upper body,82.17,1
Young Adult,ACTIVE,Regularly,Garment Lower body,239.04,3
Young Adult,ACTIVE,Regularly,Garment Upper body,113.55,3
Adult,ACTIVE,Regularly,Underwear,155.38,0
Elderly,ACTIVE,NONE,Garment Upper body,134.46,4
Adult,ACTIVE,Regularly,Garment Lower body,197.21,0
Young Adult,ACTIVE,NONE,Swimwear,343.61,1
Young Adult,ACTIVE,Regularly,Garment Upper body,134.46,3
Young Adult,ACTIVE,NONE,Garment Upper body,280.87,1
Young Adult,ACTIVE,NONE,Garment Full body,134.46,1
Young Adult,ACTIVE,Regularly,Garment Upper body,134.46,3
Young Adult,ACTIVE,NONE,Garment Upper body,239.04,1
Young Adult,ACTIVE,NONE,Garment Lower body,239.04,1
Adult,ACTIVE,NONE,Socks & Tights,51.95,4
Young Adult,ACTIVE,NONE,Underwear,186.75,1
Adult,ACTIVE,NONE,Swimwear,186.75,4
Young Adult,ACTIVE,NONE,Garment Lower body,197.21,1
Elderly,ACTIVE,Regularly,Garment Upper body,239.04,0
Young Adult,ACTIVE,Regularly,Swimwear,186.75,3
Adult,ACTIVE,NONE,Garment Full body,165.83,4
Young Adult,ACTIVE,Regularly,Underwear,92.63,3
Adult,ACTIVE,Regularly,Swimwear,124,0
Young Adult,ACTIVE,NONE,Nightwear,218.12,1
Elderly,ACTIVE,Regularly,Garment Lower body,110.3,0
Young Adult,ACTIVE,NONE,Garment Upper body,124,1
Adult,ACTIVE,Regularly,Underwear,92.63,0
Adult,ACTIVE,NONE,Garment Lower body,639.36,4
Elderly,ACTIVE,NONE,Garment Lower body,165.83,4
Young Adult,ACTIVE,Regularly,Garment Upper body,239.04,3
Adult,ACTIVE,Regularly,Accessories,77.99,0
Elderly,ACTIVE,NONE,Garment Upper body,186.75,4
Adult,ACTIVE,Regularly,Accessories,59.48,0
Adult,ACTIVE,NONE,Swimwear,186.75,4
Elderly,ACTIVE,NONE,Garment Lower body,239.04,4
Young Adult,ACTIVE,NONE,Garment Lower body,291.33,1
Young Adult,ACTIVE,NONE,Garment Upper body,113.55,1
Young Adult,ACTIVE,Regularly,Swimwear,134.46,3
Adult,ACTIVE,Regularly,Garment Upper body,186.75,0
Young Adult,ACTIVE,Regularly,Garment Upper body,291.33,3
Adult,ACTIVE,Regularly,Garment Upper body,113.55,0
Young Adult,ACTIVE,NONE,Garment Full body,552.77,1
Young Adult,ACTIVE,NONE,Garment Upper body,165.83,1
Young Adult,ACTIVE,NONE,Garment Full body,134.46,1
Adult,PRE-CREATE,NONE,Underwear,155.38,2
Young Adult,ACTIVE,NONE,Garment Lower body,211.22,1
Adult,ACTIVE,NONE,Garment Upper body,186.75,4
Adult,ACTIVE,Regularly,Garment Upper body,48.71,0
Young Adult,ACTIVE,NONE,Nightwear,113.55,1
Adult,ACTIVE,NONE,Garment Lower body,291.33,4
Young Adult,ACTIVE,Regularly,Accessories,40.34,3
Young Adult,ACTIVE,Regularly,Garment Full body,239.04,3
Adult,ACTIVE,NONE,Garment Upper body,239.04,4
Young Adult,ACTIVE,Regularly,Underwear,218.12,3
Young Adult,ACTIVE,Regularly,Garment Full body,343.61,3
Young Adult,ACTIVE,NONE,Garment Upper body,180.48,1
Adult,ACTIVE,Regularly,Garment Upper body,239.04,0
Young Adult,ACTIVE,NONE,Garment Upper body,82.17,1
Young Adult,ACTIVE,NONE,Garment Upper body,265.18,1
Young Adult,ACTIVE,Regularly,Swimwear,134.46,3
Young Adult,ACTIVE,NONE,Garment Full body,134.46,1
Adult,ACTIVE,NONE,Garment Full body,223.87,4
Adult,ACTIVE,NONE,Swimwear,239.04,4
Young Adult,ACTIVE,NONE,Garment Upper body,82.17,1
Young Adult,ACTIVE,Regularly,Garment Upper body,239.04,3
Young Adult,ACTIVE,Regularly,Garment Upper body,113.55,3
Elderly,ACTIVE,Regularly,Garment Upper body,395.9,0
Adult,ACTIVE,Regularly,Underwear,134.46,0
Young Adult,ACTIVE,NONE,Garment Upper body,82.17,1
Young Adult,ACTIVE,Regularly,Garment Full body,255.77,3
Adult,ACTIVE,Regularly,Garment Upper body,144.92,0
Young Adult,ACTIVE,NONE,Swimwear,130.91,1
Elderly,ACTIVE,Regularly,Garment Lower body,359.3,0
Young Adult,ACTIVE,Regularly,Garment Full body,291.33,3
Adult,ACTIVE,NONE,Garment Upper body,858.24,4
Adult,ACTIVE,NONE,Accessories,239.04,4
Adult,ACTIVE,NONE,Accessories,186.75,4
Young Adult,ACTIVE,NONE,Garment Lower body,218.12,1
Young Adult,ACTIVE,NONE,Garment Upper body,134.46,1
Adult,ACTIVE,NONE,Garment Lower body,223.77,4
Young Adult,ACTIVE,NONE,Garment Upper body,197.21,1
Elderly,PRE-CREATE,NONE,Swimwear,218.12,2
Teenager,ACTIVE,NONE,Garment Lower body,218.12,0
Young Adult,ACTIVE,NONE,Garment Upper body,239.04,1
Young Adult,ACTIVE,NONE,Garment Full body,395.9,1
Elderly,ACTIVE,NONE,Garment Upper body,197.21,4
Adult,ACTIVE,Regularly,Garment Lower body,343.61,0
Young Adult,ACTIVE,NONE,Underwear,113.55,1
Adult,ACTIVE,NONE,Garment Upper body,165.83,4
Adult,ACTIVE,Regularly,Garment Lower body,218.12,0
Adult,ACTIVE,Regularly,Shoes,500.48,0
Young Adult,ACTIVE,NONE,Garment Lower body,218.12,1
Young Adult,ACTIVE,NONE,Garment Upper body,155.38,1
Young Adult,ACTIVE,Regularly,Swimwear,186.75,3
Adult,ACTIVE,NONE,Swimwear,134.46,4
Young Adult,ACTIVE,NONE,Garment Upper body,134.46,1
Young Adult,ACTIVE,NONE,Swimwear,165.83,1
Adult,ACTIVE,NONE,Garment Lower body,134.46,4
Young Adult,ACTIVE,Regularly,Swimwear,105.18,3
Young Adult,ACTIVE,Regularly,Garment Lower body,123.9,3
Young Adult,ACTIVE,Regularly,Garment Upper body,448.19,3
Adult,ACTIVE,NONE,Garment Lower body,231.72,4
Adult,ACTIVE,Regularly,Garment Upper body,155.48,0
Young Adult,ACTIVE,NONE,Swimwear,291.33,1
Young Adult,ACTIVE,Regularly,Garment Lower body,182.15,3
Young Adult,ACTIVE,Regularly,Swimwear,186.75,3
Young Adult,ACTIVE,Regularly,Garment Upper body,134.46,3
Young Adult,ACTIVE,Regularly,Garment Full body,186.75,3
Young Adult,ACTIVE,NONE,Garment Upper body,103.09,1
Young Adult,ACTIVE,NONE,Swimwear,134.46,1
Young Adult,ACTIVE,Regularly,Swimwear,291.33,3
Young Adult,ACTIVE,NONE,Socks & Tights,57.81,1
Young Adult,ACTIVE,Regularly,Garment Upper body,124,3
Young Adult,ACTIVE,Regularly,Underwear,239.04,3
Young Adult,ACTIVE,NONE,Shoes,291.33,1
Elderly,ACTIVE,Regularly,Underwear,86.36,0
Young Adult,ACTIVE,NONE,Unknown,239.04,1
Elderly,ACTIVE,NONE,Garment Upper body,76.21,4
Young Adult,ACTIVE,NONE,Garment Upper body,186.75,1
Young Adult,ACTIVE,NONE,Garment Full body,239.04,1
Young Adult,ACTIVE,Regularly,Garment Lower body,134.46,3
Adult,ACTIVE,Regularly,Swimwear,82.17,0
Young Adult,ACTIVE,Regularly,Swimwear,239.04,3
Young Adult,ACTIVE,NONE,Garment Upper body,71.72,1
Elderly,ACTIVE,Regularly,Garment Full body,343.61,0
Young Adult,ACTIVE,NONE,Underwear,155.38,1
Elderly,ACTIVE,Regularly,Garment Upper body,218.12,0
Adult,ACTIVE,Regularly,Garment Lower body,218.12,0
Young Adult,ACTIVE,NONE,Garment Upper body,134.46,1
Elderly,ACTIVE,NONE,Garment Upper body,218.12,4
Young Adult,ACTIVE,Regularly,Garment Upper body,155.38,3
Teenager,ACTIVE,NONE,Garment Full body,186.75,0
Young Adult,ACTIVE,NONE,Swimwear,124,1
Young Adult,ACTIVE,NONE,Garment Upper body,133.42,1
Young Adult,ACTIVE,NONE,Garment Full body,74.54,1
Young Adult,ACTIVE,Regularly,Garment Lower body,218.12,3
Adult,ACTIVE,Regularly,Garment Upper body,186.75,0
Adult,ACTIVE,NONE,Garment Lower body,291.33,4
Young Adult,ACTIVE,NONE,Swimwear,199.3,1
Adult,ACTIVE,Regularly,Garment Upper body,155.38,0
Elderly,ACTIVE,NONE,Garment Lower body,395.9,4
Young Adult,ACTIVE,NONE,Garment Upper body,61.26,1
Elderly,ACTIVE,Regularly,Garment Upper body,165.83,0
Young Adult,ACTIVE,NONE,Garment Lower body,134.46,1
Adult,ACTIVE,NONE,Garment Upper body,134.46,4
Young Adult,ACTIVE,Regularly,Garment Upper body,186.75,3
Young Adult,ACTIVE,NONE,Garment Full body,203.48,1
Adult,ACTIVE,NONE,Garment Lower body,113.55,4
Adult,ACTIVE,Regularly,Garment Upper body,239.04,0
Young Adult,ACTIVE,NONE,Garment Upper body,239.04,1
Adult,ACTIVE,NONE,Garment Upper body,186.75,4
Adult,ACTIVE,Regularly,Garment Lower body,218.12,0
Adult,ACTIVE,NONE,Underwear,113.55,4
Young Adult,ACTIVE,NONE,Shoes,165.83,1
Elderly,ACTIVE,NONE,Garment Upper body,118.78,4
Young Adult,ACTIVE,NONE,Swimwear,186.75,1
Young Adult,ACTIVE,NONE,Garment Upper body,239.04,1
Young Adult,ACTIVE,NONE,Garment Lower body,165.83,1
Young Adult,ACTIVE,Regularly,Garment Upper body,165.83,3
Young Adult,ACTIVE,NONE,Garment Lower body,189.89,1
Elderly,ACTIVE,NONE,Garment Upper body,186.75,4
Young Adult,ACTIVE,Regularly,Garment Upper body,186.75,3
Adult,ACTIVE,Regularly,Garment Upper body,82.17,0
Young Adult,ACTIVE,Regularly,Underwear,122.85,3
Adult,ACTIVE,NONE,Swimwear,134.46,4
Young Adult,ACTIVE,Regularly,Garment Upper body,199.3,3
Elderly,ACTIVE,Regularly,Garment Lower body,239.04,0
Adult,ACTIVE,NONE,Garment Full body,275.22,4
Adult,ACTIVE,Regularly,Shoes,265.18,0
Elderly,ACTIVE,Regularly,Garment Lower body,239.04,0
Young Adult,ACTIVE,NONE,Swimwear,165.83,1
Young Adult,ACTIVE,Regularly,Garment Upper body,100.68,3
Elderly,ACTIVE,NONE,Garment Upper body,322.7,4
Adult,PRE-CREATE,NONE,Garment Upper body,186.75,2
Adult,ACTIVE,NONE,Garment Lower body,134.46,4
Young Adult,ACTIVE,Regularly,Garment Full body,186.75,3
Young Adult,ACTIVE,NONE,Garment Upper body,171.06,1
Elderly,ACTIVE,Regularly,Underwear,113.55,0
Adult,ACTIVE,NONE,Garment Lower body,406.36,4
Young Adult,ACTIVE,Regularly,Garment Lower body,103.72,3
Adult,ACTIVE,Regularly,Garment Lower body,113.55,0
Adult,ACTIVE,Regularly,Garment Full body,103.09,0
Young Adult,ACTIVE,Regularly,Garment Upper body,239.04,3
Adult,ACTIVE,NONE,Garment Upper body,324.27,4
Young Adult,ACTIVE,NONE,Garment Full body,182.78,1
Elderly,ACTIVE,NONE,Garment Lower body,227.95,4
Young Adult,ACTIVE,NONE,Garment Full body,291.33,1
Adult,ACTIVE,Regularly,Garment Full body,128.4,0
Young Adult,ACTIVE,Regularly,Garment Upper body,113.55,3
Adult,ACTIVE,NONE,Underwear,50.8,4
Young Adult,ACTIVE,Regularly,Accessories,79.66,3
Adult,ACTIVE,Regularly,Garment Upper body,61.26,0
Elderly,ACTIVE,Regularly,Garment Upper body,134.46,0
Young Adult,ACTIVE,NONE,Garment Upper body,103.09,1
Elderly,ACTIVE,Regularly,Garment Upper body,82.17,0
Young Adult,ACTIVE,NONE,Garment Upper body,76.94,1
Young Adult,ACTIVE,NONE,Swimwear,291.33,1
Young Adult,ACTIVE,NONE,Garment Full body,71.72,1
Young Adult,ACTIVE,NONE,Garment Full body,134.46,1
Young Adult,ACTIVE,Regularly,Garment Full body,291.33,3
Young Adult,ACTIVE,NONE,Garment Full body,283.59,1
Young Adult,ACTIVE,NONE,Garment Lower body,239.04,1
Elderly,ACTIVE,NONE,Swimwear,239.04,4
Young Adult,ACTIVE,NONE,Garment Upper body,155.38,1
Adult,NO MEMBERSHIP,NONE,Garment Upper body,239.04,2
Young Adult,ACTIVE,NONE,Garment Upper body,124,1
Young Adult,ACTIVE,Regularly,Garment Lower body,395.9,3
Adult,ACTIVE,NONE,Garment Upper body,197.31,4
Adult,ACTIVE,NONE,Garment Upper body,291.33,4
Adult,ACTIVE,NONE,Underwear,126.1,4
Adult,ACTIVE,Regularly,Garment Lower body,311.82,0
Adult,ACTIVE,NONE,Shoes,287.88,4
Adult,ACTIVE,NONE,Garment Upper body,448.19,4
Teenager,ACTIVE,Regularly,Garment Upper body,218.12,0
Adult,ACTIVE,NONE,Garment Full body,171.06,4
Elderly,ACTIVE,Regularly,Garment Lower body,343.61,0
Young Adult,ACTIVE,Regularly,Swimwear,134.46,3
Young Adult,ACTIVE,NONE,Garment Full body,291.33,1
Young Adult,ACTIVE,Regularly,Accessories,113.55,3
Adult,ACTIVE,NONE,Garment Upper body,61.26,4
Young Adult,ACTIVE,Regularly,Garment Upper body,86.36,3
Young Adult,ACTIVE,Regularly,Swimwear,218.12,3
Young Adult,ACTIVE,NONE,Swimwear,218.12,1
Young Adult,ACTIVE,Regularly,Garment Upper body,113.55,3
Adult,ACTIVE,NONE,Garment Upper body,103.09,4
Young Adult,ACTIVE,NONE,Underwear,171.06,1
Young Adult,ACTIVE,NONE,Socks & Tights,113.55,1
Young Adult,ACTIVE,Regularly,Accessories,119.82,3
Adult,ACTIVE,NONE,Garment Full body,239.04,4
Elderly,ACTIVE,NONE,Underwear,218.12,4
Young Adult,ACTIVE,NONE,Accessories,113.55,1
Adult,ACTIVE,NONE,Garment Upper body,280.87,4
Elderly,ACTIVE,Regularly,Garment Full body,268.01,0
Adult,ACTIVE,NONE,Garment Upper body,113.55,4
Young Adult,ACTIVE,NONE,Garment Full body,343.61,1
Young Adult,ACTIVE,NONE,Garment Upper body,179.33,1
Young Adult,ACTIVE,NONE,Garment Lower body,232.24,1
Adult,ACTIVE,Regularly,Garment Lower body,165.83,0
Young Adult,ACTIVE,Regularly,Garment Upper body,291.33,3
Young Adult,PRE-CREATE,NONE,Swimwear,343.61,2
Young Adult,ACTIVE,NONE,Garment Upper body,239.04,1
Adult,ACTIVE,NONE,Garment Lower body,197.21,4
Young Adult,ACTIVE,Regularly,Socks & Tights,99.64,3
Adult,ACTIVE,NONE,Garment Lower body,291.33,4
Adult,ACTIVE,NONE,Nightwear,280.87,4
Adult,ACTIVE,NONE,Garment Lower body,186.75,4
Young Adult,ACTIVE,Regularly,Garment Upper body,806.47,3
Adult,ACTIVE,Regularly,Garment Lower body,239.04,0
Adult,ACTIVE,NONE,Accessories,82.17,4
Adult,ACTIVE,Regularly,Garment Lower body,197.21,0
Young Adult,ACTIVE,NONE,Garment Upper body,186.75,1
Adult,ACTIVE,NONE,Swimwear,134.46,4
Young Adult,ACTIVE,NONE,Garment Upper body,186.75,1
Young Adult,ACTIVE,Regularly,Garment Upper body,113.55,3
Adult,ACTIVE,NONE,Garment Upper body,134.46,4
Elderly,ACTIVE,Regularly,Garment Upper body,186.75,0
Young Adult,ACTIVE,NONE,Garment Upper body,197.31,1
Elderly,ACTIVE,NONE,Swimwear,291.33,4
Young Adult,ACTIVE,NONE,Garment Lower body,235.69,1
Adult,ACTIVE,NONE,Garment Upper body,52.68,4
Elderly,ACTIVE,Regularly,Underwear,82.17,0
Young Adult,ACTIVE,Regularly,Garment Lower body,197.21,3
Young Adult,ACTIVE,NONE,Garment Upper body,236.32,1
Adult,ACTIVE,Regularly,Garment Lower body,186.75,0
Young Adult,ACTIVE,Regularly,Garment Upper body,82.17,3
Young Adult,ACTIVE,NONE,Accessories,50.8,1
Young Adult,ACTIVE,Regularly,Garment Upper body,165.83,3
Young Adult,ACTIVE,NONE,Garment Upper body,186.75,1
Elderly,ACTIVE,Regularly,Garment Upper body,134.46,0
Young Adult,PRE-CREATE,NONE,Garment Full body,155.38,2
Young Adult,ACTIVE,Regularly,Garment Upper body,82.17,3
Young Adult,ACTIVE,NONE,Garment Upper body,239.04,1
Young Adult,ACTIVE,NONE,Accessories,58.12,1
Young Adult,ACTIVE,NONE,Garment Upper body,134.46,1
Young Adult,ACTIVE,NONE,Garment Upper body,82.17,1
Young Adult,ACTIVE,Regularly,Accessories,100.68,3
Adult,ACTIVE,Regularly,Garment Upper body,239.04,0
Elderly,ACTIVE,NONE,Shoes,71.72,4
Young Adult,ACTIVE,Regularly,Garment Lower body,218.12,3
Young Adult,ACTIVE,Regularly,Accessories,67.53,3
Adult,ACTIVE,NONE,Garment Lower body,337.44,4
Adult,ACTIVE,NONE,Garment Upper body,82.17,4
Young Adult,ACTIVE,Regularly,Garment Upper body,124,3
Young Adult,ACTIVE,Regularly,Garment Upper body,103.09,3
Adult,ACTIVE,Regularly,Swimwear,61.26,0
Adult,ACTIVE,NONE,Garment Full body,182.36,4
Young Adult,ACTIVE,NONE,Garment Upper body,134.46,1
Elderly,ACTIVE,Regularly,Garment Lower body,134.46,0
Elderly,ACTIVE,NONE,Swimwear,291.33,4
Elderly,ACTIVE,Regularly,Garment Lower body,186.75,0
Adult,ACTIVE,NONE,Garment Lower body,448.19,4
Adult,ACTIVE,Regularly,Garment Lower body,230.67,0
Adult,ACTIVE,Regularly,Garment Full body,301.78,0
Young Adult,ACTIVE,Regularly,Socks & Tights,99.64,3
Young Adult,ACTIVE,NONE,Accessories,133.63,1
Young Adult,ACTIVE,Regularly,Garment Upper body,134.46,3
Young Adult,ACTIVE,NONE,Garment Upper body,113.55,1
Young Adult,ACTIVE,Regularly,Nightwear,134.46,3
Young Adult,ACTIVE,Regularly,Garment Lower body,134.46,3
Young Adult,ACTIVE,NONE,Socks & Tights,60.32,1
Young Adult,ACTIVE,Regularly,Garment Lower body,165.83,3
Young Adult,ACTIVE,NONE,Garment Upper body,71.72,1
Adult,ACTIVE,Regularly,Garment Upper body,552.77,0
Young Adult,ACTIVE,Regularly,Swimwear,291.33,3
Young Adult,PRE-CREATE,NONE,Underwear,134.46,2
Adult,ACTIVE,Regularly,Accessories,113.55,0
Young Adult,ACTIVE,NONE,Swimwear,73.7,1
Young Adult,ACTIVE,NONE,Swimwear,124,1
Young Adult,ACTIVE,Regularly,Swimwear,50.8,3
Young Adult,ACTIVE,NONE,Garment Upper body,280.87,1
Young Adult,ACTIVE,Regularly,Garment Lower body,186.75,3
Adult,ACTIVE,NONE,Garment Upper body,80.4,4
Adult,ACTIVE,Regularly,Garment Lower body,186.75,0
Elderly,ACTIVE,NONE,Shoes,197.21,4
Young Adult,ACTIVE,NONE,Garment Lower body,239.04,1
Young Adult,ACTIVE,NONE,Garment Lower body,86.36,1
Adult,ACTIVE,Regularly,Garment Upper body,134.46,0
Young Adult,ACTIVE,Regularly,Garment Full body,113.55,3
Adult,ACTIVE,NONE,Garment Upper body,218.12,4
Young Adult,ACTIVE,NONE,Garment Lower body,406.36,1
Elderly,ACTIVE,Regularly,Garment Lower body,134.46,0
Young Adult,ACTIVE,Regularly,Garment Upper body,155.38,3
Young Adult,ACTIVE,Regularly,Garment Lower body,165.83,3
Young Adult,ACTIVE,NONE,Garment Full body,281.71,1
Young Adult,ACTIVE,NONE,Garment Upper body,124,1
Adult,ACTIVE,NONE,Garment Upper body,186.75,4
Adult,ACTIVE,Regularly,Nightwear,343.61,0
Young Adult,ACTIVE,Regularly,Garment Upper body,197.21,3
Adult,ACTIVE,Regularly,Garment Upper body,155.38,0
Young Adult,ACTIVE,Regularly,Garment Lower body,107.9,3
Young Adult,ACTIVE,NONE,Swimwear,50.8,1
Adult,ACTIVE,NONE,Garment Lower body,82.17,4
Young Adult,ACTIVE,NONE,Garment Lower body,552.77,1
Young Adult,ACTIVE,Regularly,Socks & Tights,109.26,3
Adult,ACTIVE,Regularly,Garment Full body,343.61,0
Young Adult,ACTIVE,NONE,Swimwear,165.83,1
Adult,ACTIVE,NONE,Garment Upper body,186.75,4
Elderly,ACTIVE,Regularly,Underwear,291.33,0
Young Adult,ACTIVE,NONE,Shoes,239.04,1
Young Adult,ACTIVE,Regularly,Garment Upper body,239.04,3
Teenager,ACTIVE,NONE,Garment Lower body,448.19,0
Young Adult,ACTIVE,NONE,Underwear,165.83,1
Young Adult,ACTIVE,Regularly,Garment Upper body,92.63,3
Young Adult,ACTIVE,Regularly,Swimwear,134.46,3
Adult,ACTIVE,Regularly,Garment Lower body,186.75,0
Adult,ACTIVE,NONE,Garment Lower body,186.75,4
Young Adult,ACTIVE,NONE,Garment Upper body,155.38,1
Young Adult,ACTIVE,NONE,Garment Upper body,155.38,1
Young Adult,ACTIVE,NONE,Garment Upper body,82.17,1
Teenager,ACTIVE,Regularly,Accessories,103.09,0
Adult,ACTIVE,Regularly,Unknown,165.83,0
Adult,ACTIVE,NONE,Garment Lower body,134.46,4
Young Adult,ACTIVE,Regularly,Garment Lower body,218.12,3
Young Adult,ACTIVE,Regularly,Swimwear,134.46,3
Young Adult,ACTIVE,NONE,Garment Upper body,134.46,1
Young Adult,ACTIVE,NONE,Garment Upper body,270.41,1
Adult,ACTIVE,Regularly,Garment Upper body,92.63,0
Adult,ACTIVE,Regularly,Garment Upper body,186.75,0
Adult,ACTIVE,NONE,Garment Upper body,113.55,4
Young Adult,ACTIVE,Regularly,Garment Upper body,134.46,3
Young Adult,ACTIVE,Regularly,Garment Upper body,291.33,3
Young Adult,ACTIVE,NONE,Swimwear,134.46,1
Young Adult,ACTIVE,Regularly,Garment Upper body,322.7,3
Young Adult,ACTIVE,Regularly,Garment Upper body,782.84,3
Adult,ACTIVE,NONE,Garment Lower body,165.83,4
Elderly,ACTIVE,Regularly,Garment Lower body,134.46,0
Young Adult,ACTIVE,NONE,Garment Lower body,197.21,1
Young Adult,ACTIVE,Regularly,Garment Lower body,90.85,3
Young Adult,ACTIVE,Regularly,Garment Upper body,239.04,3
Young Adult,ACTIVE,Regularly,Accessories,103.09,3
Young Adult,ACTIVE,NONE,Underwear,111.66,1
Young Adult,ACTIVE,Regularly,Garment Lower body,186.75,3
Adult,ACTIVE,NONE,Garment Upper body,343.61,4
Young Adult,ACTIVE,NONE,Garment Upper body,82.17,1
Young Adult,ACTIVE,NONE,Garment Full body,239.04,1
Young Adult,ACTIVE,NONE,Garment Upper body,71.72,1
Elderly,ACTIVE,Regularly,Accessories,82.17,0
Young Adult,ACTIVE,NONE,Underwear,134.46,1
Young Adult,ACTIVE,NONE,Accessories,82.17,1
Young Adult,ACTIVE,NONE,Garment Lower body,165.83,1
Teenager,ACTIVE,Regularly,Garment Lower body,239.04,0
Elderly,ACTIVE,Regularly,Garment Full body,134.46,0
Young Adult,ACTIVE,Regularly,Garment Full body,160.5,3
Young Adult,ACTIVE,NONE,Underwear,113.55,1
Young Adult,ACTIVE,NONE,Garment Upper body,343.61,1
Adult,ACTIVE,NONE,Garment Upper body,134.46,4
Young Adult,ACTIVE,NONE,Underwear,139.9,1
Young Adult,ACTIVE,Regularly,Garment Lower body,239.04,3
Young Adult,ACTIVE,NONE,Garment Upper body,239.04,1
Young Adult,ACTIVE,Regularly,Underwear,115.01,3
Young Adult,ACTIVE,Regularly,Garment Upper body,119.19,3
Young Adult,ACTIVE,Regularly,Garment Upper body,88.45,3
Young Adult,ACTIVE,Regularly,Nightwear,186.75,3
Elderly,ACTIVE,NONE,Garment Upper body,1065.3,4
Young Adult,ACTIVE,Regularly,Swimwear,165.83,3
Young Adult,ACTIVE,Regularly,Shoes,92.74,3
Young Adult,ACTIVE,NONE,Garment Upper body,761.92,1
Young Adult,ACTIVE,Regularly,Underwear,165.83,3
Elderly,PRE-CREATE,NONE,Swimwear,134.46,2
Young Adult,ACTIVE,NONE,Swimwear,134.46,1
Adult,ACTIVE,Regularly,Garment Lower body,134.46,0
Elderly,ACTIVE,NONE,Garment Upper body,395.9,4
Elderly,ACTIVE,Regularly,Garment Full body,239.04,0
Young Adult,ACTIVE,NONE,Underwear,134.46,1
Adult,ACTIVE,Regularly,Garment Lower body,165.83,0
Young Adult,ACTIVE,Regularly,Garment Lower body,227.74,3
Adult,ACTIVE,Regularly,Accessories,239.04,0
Adult,ACTIVE,NONE,Garment Lower body,197.31,4
Adult,ACTIVE,NONE,Garment Upper body,343.61,4
Young Adult,ACTIVE,Regularly,Nightwear,239.04,3
Adult,ACTIVE,Regularly,Garment Upper body,646.36,0
Adult,ACTIVE,Regularly,Underwear,92.63,0
Young Adult,ACTIVE,NONE,Garment Lower body,113.55,1
Young Adult,ACTIVE,NONE,Garment Full body,186.75,1
Young Adult,ACTIVE,NONE,Swimwear,134.46,1
Young Adult,ACTIVE,Regularly,Garment Full body,448.19,3
Young Adult,ACTIVE,NONE,Garment Upper body,113.55,1
Young Adult,ACTIVE,Regularly,Nightwear,113.55,3
Adult,ACTIVE,NONE,Garment Full body,343.61,4
Adult,ACTIVE,Regularly,Garment Upper body,185.7,0
Young Adult,ACTIVE,Regularly,Swimwear,168.34,3
Elderly,ACTIVE,Regularly,Garment Upper body,186.75,0
Young Adult,ACTIVE,NONE,Garment Upper body,113.55,1
Adult,LEFT CLUB,NONE,Underwear,165.83,4
Young Adult,ACTIVE,NONE,Unknown,291.33,1
Young Adult,ACTIVE,NONE,Swimwear,46.62,1
Young Adult,ACTIVE,Regularly,Garment Upper body,82.17,3
Young Adult,ACTIVE,NONE,Garment Lower body,186.75,1
Young Adult,ACTIVE,NONE,Garment Full body,102.67,1
Young Adult,ACTIVE,Regularly,Garment Full body,155.38,3
Elderly,ACTIVE,NONE,Garment Upper body,186.75,4
Young Adult,ACTIVE,Regularly,Garment Upper body,134.46,3
Adult,ACTIVE,Regularly,Garment Upper body,165.83,0
Young Adult,ACTIVE,NONE,Garment Upper body,215.51,1
Elderly,ACTIVE,NONE,Garment Upper body,113.55,4
Adult,ACTIVE,NONE,Garment Lower body,239.04,4
Young Adult,ACTIVE,NONE,Accessories,134.46,1
Adult,ACTIVE,NONE,Swimwear,165.83,4
Adult,ACTIVE,Regularly,Garment Upper body,206.93,0
Adult,ACTIVE,Regularly,Garment Upper body,124,0
Young Adult,ACTIVE,NONE,Garment Lower body,359.3,1
Young Adult,ACTIVE,Regularly,Socks & Tights,82.17,3
Young Adult,ACTIVE,NONE,Garment Upper body,61.26,1
Young Adult,ACTIVE,NONE,Garment Upper body,218.12,1
Adult,ACTIVE,NONE,Garment Lower body,134.46,4
Elderly,ACTIVE,NONE,Garment Upper body,239.04,4
Young Adult,ACTIVE,NONE,Swimwear,218.12,1
Young Adult,ACTIVE,NONE,Garment Upper body,186.75,1
Young Adult,ACTIVE,Regularly,Garment Lower body,221.26,3
Young Adult,ACTIVE,NONE,Garment Upper body,134.46,1
Young Adult,ACTIVE,Regularly,Swimwear,76.94,3
Adult,ACTIVE,NONE,Garment Lower body,113.55,4
Adult,ACTIVE,Regularly,Garment Upper body,155.38,0
Elderly,ACTIVE,Regularly,Garment Upper body,239.04,0
Young Adult,ACTIVE,Regularly,Garment Upper body,239.04,3
Young Adult,ACTIVE,Regularly,Underwear,134.46,3
Young Adult,ACTIVE,Regularly,Garment Upper body,322.7,3
Elderly,ACTIVE,Regularly,Garment Upper body,239.04,0
Adult,ACTIVE,NONE,Garment Upper body,239.04,4
Young Adult,ACTIVE,NONE,Garment Full body,265.29,1
Adult,ACTIVE,NONE,Garment Upper body,406.36,4
Young Adult,ACTIVE,NONE,Garment Lower body,134.46,1
Young Adult,ACTIVE,NONE,Garment Lower body,186.75,1
Young Adult,ACTIVE,NONE,Accessories,186.75,1
Young Adult,ACTIVE,NONE,Garment Upper body,186.75,1
Young Adult,ACTIVE,NONE,Garment Lower body,113.55,1
Young Adult,ACTIVE,NONE,Accessories,113.55,1
Young Adult,ACTIVE,NONE,Underwear,165.83,1
Young Adult,ACTIVE,NONE,Garment Upper body,186.75,1
Young Adult,ACTIVE,NONE,Garment Upper body,122.64,1
Elderly,ACTIVE,NONE,Garment Upper body,106.12,4
Young Adult,ACTIVE,NONE,Garment Upper body,163.22,1
Young Adult,ACTIVE,NONE,Underwear,165.83,1
Young Adult,ACTIVE,Regularly,Garment Upper body,197.21,3
Adult,ACTIVE,Regularly,Garment Full body,312.24,0
Young Adult,ACTIVE,Regularly,Garment Full body,239.04,3
Adult,ACTIVE,Regularly,Garment Upper body,291.33,0
Young Adult,ACTIVE,NONE,Garment Full body,165.83,1
Adult,ACTIVE,Regularly,Accessories,71.72,0
Elderly,ACTIVE,Regularly,Garment Upper body,343.61,0
Adult,ACTIVE,Regularly,Garment Upper body,113.55,0
Elderly,ACTIVE,NONE,Garment Full body,218.12,4
Young Adult,ACTIVE,NONE,Garment Upper body,74.33,1
Young Adult,ACTIVE,Regularly,Garment Lower body,128.71,3
Young Adult,ACTIVE,NONE,Garment Upper body,92.63,1
Adult,ACTIVE,Regularly,Garment Full body,186.75,0
Young Adult,ACTIVE,NONE,Garment Lower body,343.61,1
Young Adult,ACTIVE,NONE,Swimwear,186.75,1
Adult,ACTIVE,NONE,Garment Lower body,239.04,4
Adult,ACTIVE,NONE,Underwear,131.85,4
Adult,ACTIVE,NONE,Underwear,218.12,4
Adult,ACTIVE,Regularly,Underwear,218.12,0
Elderly,ACTIVE,NONE,Garment Upper body,186.75,4
Young Adult,ACTIVE,Regularly,Swimwear,82.17,3
Young Adult,ACTIVE,NONE,Shoes,186.75,1
Adult,ACTIVE,NONE,Garment Full body,866.5,4
Adult,ACTIVE,NONE,Garment Upper body,155.38,4
Adult,PRE-CREATE,NONE,Garment Lower body,176.29,2
Young Adult,ACTIVE,NONE,Garment Full body,334.93,1
Young Adult,ACTIVE,NONE,Garment Upper body,239.04,1
Young Adult,ACTIVE,Regularly,Garment Upper body,180.48,3
Young Adult,ACTIVE,NONE,Underwear,113.55,1
Adult,ACTIVE,Regularly,Garment Upper body,343.61,0
Adult,ACTIVE,Regularly,Garment Upper body,343.61,0
Elderly,ACTIVE,Regularly,Garment Upper body,128.92,0
Adult,ACTIVE,Regularly,Garment Upper body,113.55,0
Adult,ACTIVE,Regularly,Garment Upper body,239.04,0
Adult,ACTIVE,Regularly,Garment Upper body,657.34,0
Young Adult,ACTIVE,NONE,Garment Upper body,186.75,1
Adult,ACTIVE,NONE,Garment Lower body,176.29,4
Young Adult,ACTIVE,NONE,Socks & Tights,113.65,1
Young Adult,ACTIVE,Regularly,Garment Full body,343.61,3
Young Adult,ACTIVE,NONE,Accessories,50.8,1
Adult,ACTIVE,Regularly,Garment Lower body,312.35,0
Young Adult,ACTIVE,NONE,Underwear,186.75,1
Adult,ACTIVE,NONE,Garment Upper body,134.46,4
Adult,PRE-CREATE,NONE,Garment Lower body,343.61,2
Young Adult,ACTIVE,Regularly,Shoes,239.04,3
Young Adult,ACTIVE,NONE,Garment Upper body,165.83,1
Adult,ACTIVE,Regularly,Garment Lower body,239.04,0
Young Adult,ACTIVE,NONE,Garment Lower body,155.38,1
Adult,ACTIVE,NONE,Garment Full body,186.75,4
Young Adult,ACTIVE,Regularly,Garment Full body,218.12,3
Adult,ACTIVE,Regularly,Garment Upper body,239.04,0
Young Adult,ACTIVE,Regularly,Garment Full body,61.26,3
Elderly,ACTIVE,NONE,Garment Upper body,291.33,4
Adult,ACTIVE,Regularly,Swimwear,134.46,0
Young Adult,ACTIVE,Regularly,Nightwear,165.83,3
Young Adult,ACTIVE,Regularly,Garment Upper body,165.83,3
Young Adult,ACTIVE,NONE,Garment Upper body,82.17,1
Young Adult,ACTIVE,Regularly,Garment Lower body,239.04,3
Adult,ACTIVE,NONE,Accessories,230.67,4
Young Adult,ACTIVE,NONE,Garment Upper body,343.61,1
Young Adult,ACTIVE,Regularly,Garment Full body,233.39,3
Elderly,ACTIVE,NONE,Underwear,218.12,4
Young Adult,ACTIVE,Regularly,Socks & Tights,113.55,3
Young Adult,ACTIVE,NONE,Garment Full body,111.46,1
Adult,ACTIVE,Regularly,Garment Upper body,67.53,0
Adult,ACTIVE,NONE,Garment Upper body,197.21,4
Elderly,ACTIVE,NONE,Garment Lower body,197.21,4
Adult,ACTIVE,NONE,Underwear,113.55,4
Young Adult,ACTIVE,NONE,Underwear,113.55,1
Adult,ACTIVE,NONE,Garment Full body,165.83,4
Young Adult,ACTIVE,Regularly,Garment Lower body,239.04,3
Young Adult,ACTIVE,Regularly,Garment Upper body,134.46,3
Elderly,ACTIVE,NONE,Garment Upper body,239.04,4
Adult,ACTIVE,NONE,Garment Upper body,322.7,4
Adult,ACTIVE,NONE,Garment Upper body,186.75,4
Young Adult,PRE-CREATE,NONE,Garment Upper body,239.04,2
Young Adult,ACTIVE,Regularly,Socks & Tights,51.95,3
Young Adult,ACTIVE,NONE,Garment Upper body,124,1
Young Adult,ACTIVE,Regularly,Garment Full body,186.75,3
Young Adult,ACTIVE,NONE,Garment Lower body,335.25,1
Elderly,ACTIVE,Regularly,Garment Upper body,218.12,0
Adult,ACTIVE,Regularly,Garment Upper body,61.26,0
Young Adult,ACTIVE,NONE,Garment Upper body,320.82,1
Young Adult,ACTIVE,Regularly,Garment Upper body,165.83,3
Young Adult,ACTIVE,Regularly,Swimwear,134.46,3
Young Adult,ACTIVE,NONE,Garment Upper body,186.75,1
Young Adult,ACTIVE,Regularly,Nightwear,155.38,3
Adult,ACTIVE,NONE,Underwear,134.46,4
Adult,ACTIVE,Regularly,Garment Lower body,343.61,0
Young Adult,ACTIVE,NONE,Underwear,120.24,1
Young Adult,ACTIVE,Regularly,Garment Upper body,134.46,3
Young Adult,ACTIVE,NONE,Garment Upper body,134.46,1
Young Adult,ACTIVE,NONE,Garment Upper body,144.92,1
Young Adult,ACTIVE,NONE,Garment Upper body,82.17,1
Young Adult,ACTIVE,NONE,Garment Upper body,291.33,1
Young Adult,ACTIVE,Regularly,Garment Full body,343.61,3
Adult,ACTIVE,Regularly,Garment Lower body,239.04,0
Adult,PRE-CREATE,Regularly,Garment Full body,239.04,2
Young Adult,ACTIVE,NONE,Underwear,109.36,1
Young Adult,ACTIVE,NONE,Garment Upper body,79.87,1
Young Adult,ACTIVE,NONE,Underwear,185.29,1
Adult,ACTIVE,NONE,Garment Lower body,281.29,4
Adult,ACTIVE,NONE,Garment Upper body,134.46,4
Young Adult,ACTIVE,NONE,Garment Full body,343.61,1
Young Adult,ACTIVE,NONE,Swimwear,134.46,1
Adult,ACTIVE,NONE,Socks & Tights,57.08,4
Adult,ACTIVE,Regularly,Garment Upper body,101,0
Young Adult,ACTIVE,NONE,Underwear,134.46,1
Young Adult,ACTIVE,NONE,Garment Full body,343.61,1
Young Adult,ACTIVE,NONE,Garment Lower body,239.04,1
Elderly,ACTIVE,Regularly,Garment Full body,122.23,0
Young Adult,ACTIVE,NONE,Garment Lower body,239.04,1
Young Adult,ACTIVE,NONE,Swimwear,340.48,1
Young Adult,ACTIVE,Regularly,Garment Upper body,186.75,3
Young Adult,ACTIVE,NONE,Garment Upper body,113.55,1
Adult,PRE-CREATE,NONE,Garment Upper body,92.63,2
Young Adult,ACTIVE,NONE,Garment Full body,343.61,1
Adult,ACTIVE,Regularly,Underwear,165.83,0
Adult,ACTIVE,NONE,Garment Upper body,127.04,4
Young Adult,ACTIVE,NONE,Garment Upper body,133.42,1
Adult,ACTIVE,Regularly,Underwear,105.18,0
Young Adult,ACTIVE,Regularly,Garment Lower body,134.46,3
Elderly,ACTIVE,NONE,Garment Upper body,165.83,4
Adult,ACTIVE,NONE,Garment Upper body,124,4
Young Adult,ACTIVE,Regularly,Garment Full body,291.33,3
Adult,ACTIVE,Regularly,Underwear,186.75,0
Adult,ACTIVE,NONE,Accessories,61.26,4
Adult,ACTIVE,Regularly,Garment Lower body,207.67,0
Young Adult,ACTIVE,NONE,Garment Lower body,239.04,1
Young Adult,ACTIVE,Regularly,Garment Upper body,280.87,3
Adult,ACTIVE,NONE,Garment Lower body,239.04,4
Young Adult,ACTIVE,NONE,Garment Upper body,291.33,1
Young Adult,ACTIVE,NONE,Garment Lower body,291.33,1
Adult,ACTIVE,Regularly,Shoes,147.12,0
Young Adult,ACTIVE,NONE,Garment Full body,165.83,1
Adult,ACTIVE,Regularly,Garment Full body,130.07,0
Elderly,ACTIVE,NONE,Garment Full body,300.84,4
Young Adult,ACTIVE,NONE,Garment Upper body,239.04,1
Adult,ACTIVE,NONE,Garment Lower body,113.55,4
Young Adult,ACTIVE,Regularly,Garment Upper body,76.94,3
Elderly,ACTIVE,Regularly,Garment Upper body,343.61,0
Young Adult,ACTIVE,NONE,Garment Lower body,448.19,1
Young Adult,ACTIVE,NONE,Underwear,134.46,1
Adult,ACTIVE,Regularly,Garment Upper body,134.46,0
Young Adult,ACTIVE,Regularly,Garment Lower body,189.57,3
Elderly,ACTIVE,NONE,Garment Full body,165.83,4
Adult,ACTIVE,Regularly,Garment Upper body,291.33,0
Adult,ACTIVE,Regularly,Garment Upper body,234.54,0
Adult,PRE-CREATE,NONE,Garment Lower body,134.46,2
Young Adult,ACTIVE,NONE,Unknown,218.12,1
Adult,ACTIVE,Regularly,Swimwear,239.04,0
Adult,ACTIVE,Regularly,Shoes,291.33,0
Adult,ACTIVE,Regularly,Garment Full body,218.12,0
Adult,ACTIVE,NONE,Garment Lower body,343.61,4
Young Adult,ACTIVE,Regularly,Garment Full body,239.04,3
Young Adult,ACTIVE,NONE,Garment Upper body,103.09,1
Adult,ACTIVE,NONE,Garment Lower body,134.46,4
Elderly,ACTIVE,NONE,Garment Upper body,448.19,4
Young Adult,ACTIVE,NONE,Swimwear,108.32,1
Young Adult,ACTIVE,Regularly,Garment Upper body,255.77,3
Young Adult,ACTIVE,Regularly,Underwear,182.78,3
Young Adult,ACTIVE,Regularly,Accessories,105.18,3
Adult,ACTIVE,NONE,Garment Lower body,155.38,4
Elderly,ACTIVE,NONE,Garment Lower body,239.04,4
Young Adult,ACTIVE,Regularly,Socks & Tights,111.56,3
Adult,ACTIVE,Regularly,Garment Upper body,171.06,0
Young Adult,ACTIVE,NONE,Garment Full body,368.71,1
Young Adult,ACTIVE,NONE,Garment Upper body,186.75,1
Adult,ACTIVE,Regularly,Garment Lower body,280.87,0
Young Adult,ACTIVE,Regularly,Shoes,92.63,3
Young Adult,ACTIVE,NONE,Socks & Tights,134.46,1
Young Adult,ACTIVE,NONE,Shoes,165.83,1
Elderly,ACTIVE,NONE,Garment Upper body,312.24,4
Adult,ACTIVE,Regularly,Swimwear,50.8,0
Adult,ACTIVE,NONE,Garment Upper body,231.93,4
Young Adult,ACTIVE,NONE,Garment Upper body,422.47,1
Young Adult,ACTIVE,Regularly,Garment Lower body,123.17,3
Young Adult,ACTIVE,NONE,Garment Lower body,239.04,1
Young Adult,ACTIVE,Regularly,Swimwear,218.12,3
Teenager,ACTIVE,NONE,Nightwear,134.46,0
Young Adult,ACTIVE,NONE,Garment Upper body,71.72,1
Young Adult,ACTIVE,NONE,Swimwear,186.75,1
Young Adult,ACTIVE,Regularly,Garment Full body,165.83,3
Adult,ACTIVE,NONE,Garment Upper body,113.55,4
Young Adult,ACTIVE,Regularly,Garment Upper body,127.98,3
Young Adult,PRE-CREATE,NONE,Swimwear,218.12,2
Young Adult,ACTIVE,NONE,Garment Lower body,183.82,1
Young Adult,ACTIVE,NONE,Garment Lower body,184.87,1
Young Adult,ACTIVE,Regularly,Swimwear,218.12,3
Young Adult,ACTIVE,Regularly,Garment Upper body,186.75,3
Young Adult,ACTIVE,NONE,Garment Upper body,113.55,1
Adult,ACTIVE,Regularly,Swimwear,62.2,0
Young Adult,ACTIVE,NONE,Garment Lower body,343.61,1
Young Adult,ACTIVE,NONE,Garment Upper body,103.09,1
Young Adult,ACTIVE,NONE,Garment Lower body,71.72,1
Young Adult,ACTIVE,NONE,Garment Upper body,220.42,1
Young Adult,ACTIVE,Regularly,Garment Upper body,134.46,3
Adult,ACTIVE,NONE,Garment Lower body,186.75,4
Elderly,ACTIVE,Regularly,Garment Lower body,252.11,0
Young Adult,ACTIVE,NONE,Socks & Tights,64.81,1
Adult,ACTIVE,NONE,Garment Full body,165.83,4
Young Adult,ACTIVE,NONE,Garment Full body,291.33,1
Adult,ACTIVE,Regularly,Underwear,124,0
Young Adult,ACTIVE,NONE,Garment Lower body,197.21,1
Young Adult,ACTIVE,Regularly,Garment Lower body,291.33,3
Young Adult,ACTIVE,NONE,Garment Full body,82.17,1
Young Adult,ACTIVE,Regularly,Underwear,186.75,3
Young Adult,ACTIVE,Regularly,Underwear,218.12,3
Elderly,ACTIVE,Regularly,Garment Lower body,134.46,0
Young Adult,ACTIVE,NONE,Garment Lower body,134.46,1
Young Adult,ACTIVE,NONE,Socks & Tights,113.55,1
Adult,ACTIVE,Regularly,Garment Upper body,186.75,0
Adult,ACTIVE,NONE,Swimwear,171.06,4
Young Adult,ACTIVE,Regularly,Swimwear,95.77,3
Adult,ACTIVE,Regularly,Garment Full body,134.46,0
Adult,ACTIVE,Regularly,Garment Upper body,165.83,0
Adult,ACTIVE,Regularly,Garment Upper body,284.63,0
Young Adult,ACTIVE,NONE,Garment Upper body,134.46,1
Elderly,ACTIVE,NONE,Garment Full body,343.61,4
Young Adult,ACTIVE,Regularly,Garment Upper body,280.97,3
Young Adult,ACTIVE,NONE,Garment Upper body,396.01,1
Young Adult,ACTIVE,NONE,Underwear,165.83,1
Adult,ACTIVE,NONE,Swimwear,101,4
Adult,ACTIVE,NONE,Garment Lower body,176.29,4
Young Adult,ACTIVE,Regularly,Swimwear,218.12,3
Adult,ACTIVE,NONE,Garment Upper body,172.11,4
Young Adult,ACTIVE,Regularly,Garment Upper body,186.75,3
Elderly,ACTIVE,NONE,Garment Upper body,395.9,4
Adult,ACTIVE,NONE,Garment Upper body,186.75,4
Young Adult,ACTIVE,NONE,Garment Lower body,255.67,1
Elderly,ACTIVE,NONE,Garment Upper body,159.77,4
Young Adult,ACTIVE,NONE,Garment Upper body,113.55,1
Young Adult,ACTIVE,NONE,Socks & Tights,105.18,1
Adult,ACTIVE,Regularly,Garment Upper body,134.46,0
Young Adult,ACTIVE,NONE,Garment Lower body,124,1
Young Adult,ACTIVE,NONE,Garment Lower body,165.83,1
Adult,ACTIVE,NONE,Garment Upper body,138.64,4
Young Adult,ACTIVE,NONE,Underwear,147.53,1
Young Adult,ACTIVE,NONE,Garment Upper body,61.26,1
Young Adult,ACTIVE,Regularly,Garment Upper body,395.9,3
Young Adult,ACTIVE,NONE,Garment Upper body,197.21,1
Adult,ACTIVE,NONE,Garment Full body,343.61,4
Adult,ACTIVE,NONE,Garment Full body,249.5,4
Young Adult,ACTIVE,NONE,Garment Upper body,171.17,1
Adult,ACTIVE,Regularly,Garment Upper body,186.75,0
Adult,ACTIVE,Regularly,Socks & Tights,101,0
Young Adult,ACTIVE,NONE,Garment Upper body,266.96,1
Young Adult,ACTIVE,NONE,Garment Upper body,395.9,1
Adult,ACTIVE,Regularly,Garment Upper body,239.04,0
Young Adult,ACTIVE,Regularly,Garment Upper body,71.72,3
Young Adult,ACTIVE,NONE,Garment Upper body,239.04,1
Adult,ACTIVE,NONE,Swimwear,218.12,4
Young Adult,ACTIVE,NONE,Swimwear,124,1
Young Adult,ACTIVE,Regularly,Accessories,134.46,3
Young Adult,ACTIVE,NONE,Underwear,92.63,1
Young Adult,ACTIVE,Regularly,Garment Upper body,218.12,3
Adult,ACTIVE,Regularly,Garment Upper body,82.17,0
Young Adult,ACTIVE,Regularly,Garment Upper body,113.55,3
Adult,ACTIVE,NONE,Garment Upper body,92.63,4
Young Adult,ACTIVE,Regularly,Garment Upper body,134.46,3
Young Adult,ACTIVE,NONE,Garment Lower body,197.21,1
Young Adult,ACTIVE,Regularly,Garment Upper body,239.04,3
Elderly,ACTIVE,Regularly,Accessories,71.72,0
Adult,ACTIVE,NONE,Garment Upper body,239.04,4
Elderly,ACTIVE,NONE,Underwear,186.75,4
Adult,ACTIVE,NONE,Garment Upper body,761.92,4
Young Adult,ACTIVE,NONE,Garment Upper body,186.75,1
Adult,ACTIVE,Regularly,Garment Full body,395.9,0
Young Adult,ACTIVE,Regularly,Socks & Tights,61.26,3
Young Adult,ACTIVE,NONE,Garment Upper body,124,1
Young Adult,ACTIVE,Regularly,Garment Lower body,186.75,3
Young Adult,ACTIVE,NONE,Garment Full body,312.24,1
Young Adult,ACTIVE,NONE,Garment Upper body,134.46,1
Young Adult,ACTIVE,NONE,Garment Full body,177.02,1
Adult,ACTIVE,Regularly,Garment Lower body,113.55,0
Young Adult,ACTIVE,Regularly,Garment Upper body,40.34,3
Elderly,ACTIVE,NONE,Garment Lower body,179.33,4
Adult,ACTIVE,NONE,Garment Full body,165.83,4
Young Adult,ACTIVE,Regularly,Garment Full body,448.19,3
Adult,ACTIVE,NONE,Garment Upper body,99.22,4
Elderly,ACTIVE,Regularly,Nightwear,113.55,0
Young Adult,ACTIVE,Regularly,Underwear,218.12,3
Elderly,ACTIVE,Regularly,Garment Lower body,395.9,0
Young Adult,ACTIVE,NONE,Garment Lower body,239.04,1
Adult,ACTIVE,NONE,Garment Lower body,134.46,4
Young Adult,ACTIVE,NONE,Garment Upper body,50.8,1
Adult,ACTIVE,Regularly,Garment Upper body,219.59,0
Young Adult,ACTIVE,NONE,Underwear,165.83,1
Adult,ACTIVE,NONE,Garment Lower body,215.09,4
Young Adult,ACTIVE,NONE,Garment Lower body,186.75,1
Young Adult,ACTIVE,NONE,Garment Full body,134.46,1
Adult,ACTIVE,NONE,Garment Upper body,134.46,4
Adult,ACTIVE,NONE,Garment Upper body,448.19,4
Young Adult,ACTIVE,Regularly,Garment Lower body,249.5,3
Young Adult,ACTIVE,NONE,Garment Upper body,105.29,1
Young Adult,ACTIVE,NONE,Garment Lower body,395.9,1
Adult,ACTIVE,NONE,Accessories,35.22,4
Elderly,ACTIVE,Regularly,Garment Upper body,134.46,0
Young Adult,ACTIVE,NONE,Underwear,82.17,1
Adult,ACTIVE,Regularly,Garment Upper body,134.46,0
Young Adult,ACTIVE,Regularly,Accessories,71.72,3
Adult,ACTIVE,Regularly,Garment Lower body,105.18,0
Young Adult,ACTIVE,NONE,Garment Upper body,105.18,1
Young Adult,ACTIVE,Regularly,Nightwear,239.04,3
Young Adult,ACTIVE,Regularly,Underwear,175.98,3
Young Adult,ACTIVE,NONE,Garment Full body,343.61,1
Young Adult,ACTIVE,NONE,Garment Lower body,291.33,1
Young Adult,ACTIVE,NONE,Garment Upper body,322.7,1
Young Adult,ACTIVE,NONE,Garment Lower body,159.04,1
Elderly,ACTIVE,Regularly,Garment Full body,291.33,0
Young Adult,ACTIVE,NONE,Garment Full body,320.19,1
Young Adult,ACTIVE,Regularly,Socks & Tights,50.8,3
Young Adult,ACTIVE,NONE,Socks & Tights,51.95,1
Young Adult,ACTIVE,NONE,Garment Upper body,134.46,1
Young Adult,ACTIVE,NONE,Garment Upper body,124,1
Young Adult,ACTIVE,NONE,Swimwear,113.55,1
Young Adult,ACTIVE,Regularly,Garment Upper body,92.63,3
Adult,ACTIVE,NONE,Garment Upper body,239.04,4
Elderly,ACTIVE,NONE,Garment Upper body,239.04,4
Elderly,ACTIVE,Regularly,Garment Upper body,134.46,0
Adult,ACTIVE,Regularly,Garment Upper body,197.21,0
Young Adult,ACTIVE,Regularly,Garment Upper body,343.61,3
Young Adult,ACTIVE,NONE,Garment Upper body,134.46,1
Adult,ACTIVE,NONE,Garment Full body,165.83,4
Adult,ACTIVE,NONE,Garment Upper body,82.17,4
Adult,ACTIVE,Regularly,Garment Lower body,186.75,0
Young Adult,ACTIVE,Regularly,Garment Upper body,134.46,3
Young Adult,ACTIVE,NONE,Garment Upper body,197.21,1
Young Adult,ACTIVE,NONE,Garment Lower body,265.18,1
Young Adult,ACTIVE,NONE,Garment Lower body,239.04,1
Adult,ACTIVE,NONE,Garment Upper body,124,4
Elderly,ACTIVE,NONE,Garment Lower body,138.64,4
Young Adult,ACTIVE,Regularly,Accessories,88.45,3
Young Adult,ACTIVE,NONE,Garment Upper body,239.04,1
Young Adult,ACTIVE,NONE,Garment Upper body,113.55,1
Adult,ACTIVE,Regularly,Garment Upper body,124,0
Young Adult,ACTIVE,Regularly,Garment Upper body,82.17,3
Young Adult,ACTIVE,Regularly,Underwear,218.12,3
Young Adult,ACTIVE,NONE,Garment Full body,448.19,1
Adult,ACTIVE,Regularly,Shoes,343.61,0
Young Adult,ACTIVE,NONE,Garment Upper body,239.04,1
Young Adult,ACTIVE,NONE,Socks & Tights,186.75,1
Adult,ACTIVE,Regularly,Garment Upper body,181.31,0
Young Adult,ACTIVE,NONE,Garment Upper body,186.75,1
Young Adult,ACTIVE,NONE,Underwear,113.55,1
Young Adult,ACTIVE,NONE,Swimwear,218.12,1
Young Adult,ACTIVE,NONE,Garment Full body,186.75,1
Young Adult,ACTIVE,NONE,Garment Upper body,134.46,1
Adult,ACTIVE,Regularly,Garment Full body,186.75,0
Adult,ACTIVE,NONE,Garment Upper body,134.46,4
Young Adult,ACTIVE,NONE,Garment Upper body,56.55,1
Young Adult,ACTIVE,NONE,Garment Full body,180.48,1
Elderly,ACTIVE,Regularly,Accessories,92.63,0
Young Adult,ACTIVE,NONE,Garment Full body,186.75,1
Young Adult,ACTIVE,NONE,Garment Upper body,448.19,1
Young Adult,ACTIVE,Regularly,Garment Full body,307.85,3
Adult,ACTIVE,Regularly,Garment Full body,155.38,0
Young Adult,ACTIVE,Regularly,Garment Full body,343.61,3
Adult,ACTIVE,NONE,Garment Upper body,239.04,4
Young Adult,ACTIVE,Regularly,Garment Upper body,343.61,3
Adult,ACTIVE,NONE,Garment Lower body,331.59,4
Young Adult,ACTIVE,Regularly,Garment Upper body,112.4,3
Young Adult,ACTIVE,Regularly,Garment Lower body,343.61,3
Adult,ACTIVE,NONE,Garment Upper body,164.37,4
Elderly,PRE-CREATE,NONE,Garment Upper body,165.83,2
Young Adult,ACTIVE,NONE,Garment Upper body,165.83,1
Adult,ACTIVE,Regularly,Swimwear,118.78,0
Young Adult,ACTIVE,NONE,Garment Lower body,343.61,1
Young Adult,ACTIVE,Regularly,Accessories,40.34,3
Young Adult,ACTIVE,NONE,Garment Upper body,134.46,1
Adult,ACTIVE,NONE,Garment Lower body,218.12,4
Elderly,ACTIVE,Regularly,Swimwear,186.75,0
Adult,ACTIVE,Regularly,Garment Upper body,134.46,0
Young Adult,ACTIVE,Regularly,Garment Upper body,422.05,3
Young Adult,ACTIVE,Regularly,Garment Full body,186.75,3
Elderly,ACTIVE,Regularly,Garment Lower body,343.61,0
Elderly,ACTIVE,Regularly,Garment Lower body,239.04,0
Young Adult,ACTIVE,NONE,Garment Upper body,280.87,1
Adult,ACTIVE,NONE,Garment Full body,96.81,4
Young Adult,ACTIVE,NONE,Garment Lower body,552.77,1
Young Adult,ACTIVE,NONE,Garment Upper body,291.33,1
Young Adult,ACTIVE,Regularly,Garment Lower body,252.11,3
Adult,ACTIVE,NONE,Garment Full body,216.66,4
Adult,ACTIVE,NONE,Garment Lower body,239.04,4
Adult,ACTIVE,Regularly,Garment Lower body,113.55,0
Young Adult,PRE-CREATE,NONE,Garment Lower body,291.33,2
Young Adult,ACTIVE,NONE,Garment Lower body,216.55,1
Adult,ACTIVE,NONE,Garment Upper body,343.61,4
Young Adult,ACTIVE,NONE,Garment Lower body,134.46,1
Young Adult,ACTIVE,Regularly,Garment Lower body,395.9,3
Adult,ACTIVE,Regularly,Accessories,94.51,0
Young Adult,ACTIVE,Regularly,Underwear,180.48,3
Young Adult,ACTIVE,NONE,Garment Lower body,343.61,1
Young Adult,ACTIVE,NONE,Garment Lower body,186.75,1
Young Adult,ACTIVE,Regularly,Garment Full body,138.64,3
Adult,ACTIVE,Regularly,Garment Full body,86.67,0
Young Adult,ACTIVE,Regularly,Garment Upper body,343.61,3
Adult,ACTIVE,NONE,Garment Lower body,239.04,4
Elderly,ACTIVE,NONE,Garment Full body,239.04,4
Young Adult,ACTIVE,Regularly,Garment Lower body,186.75,3
Young Adult,ACTIVE,Regularly,Garment Full body,448.19,3
Elderly,ACTIVE,Regularly,Accessories,127.98,0
Adult,ACTIVE,Regularly,Garment Full body,186.75,0
Elderly,ACTIVE,Regularly,Garment Upper body,322.7,0
Elderly,ACTIVE,NONE,Garment Full body,291.33,4
Elderly,ACTIVE,Regularly,Garment Upper body,134.46,0
Adult,ACTIVE,NONE,Garment Upper body,82.17,4
Young Adult,ACTIVE,NONE,Garment Upper body,325.73,1
Young Adult,ACTIVE,NONE,Garment Upper body,124,1
Adult,ACTIVE,Regularly,Garment Full body,165.83,0
Young Adult,ACTIVE,NONE,Underwear,186.75,1
Adult,ACTIVE,Regularly,Underwear,129.97,0
Adult,ACTIVE,NONE,Garment Lower body,343.61,4
Young Adult,ACTIVE,NONE,Garment Lower body,224.71,1
Young Adult,ACTIVE,NONE,Underwear,165.83,1
Young Adult,ACTIVE,NONE,Garment Lower body,113.55,1
Young Adult,ACTIVE,NONE,Underwear,124,1
Adult,ACTIVE,NONE,Garment Upper body,92.63,4
Young Adult,ACTIVE,Regularly,Garment Upper body,197.21,3
Elderly,ACTIVE,NONE,Garment Lower body,228.58,4
Adult,ACTIVE,NONE,Garment Upper body,113.55,4
Young Adult,ACTIVE,NONE,Garment Upper body,134.46,1
Young Adult,ACTIVE,NONE,Garment Full body,552.77,1
Adult,ACTIVE,NONE,Garment Lower body,343.61,4
Young Adult,ACTIVE,NONE,Garment Lower body,239.04,1
Young Adult,ACTIVE,NONE,Swimwear,134.46,1
Young Adult,ACTIVE,Regularly,Garment Upper body,134.46,3
Adult,ACTIVE,NONE,Garment Lower body,291.33,4
Adult,ACTIVE,NONE,Garment Upper body,61.26,4
Young Adult,ACTIVE,Regularly,Underwear,152.34,3
Adult,ACTIVE,Regularly,Garment Upper body,233.29,0
Young Adult,ACTIVE,NONE,Shoes,372.9,1
Adult,ACTIVE,Regularly,Garment Lower body,343.61,0
Elderly,ACTIVE,Regularly,Garment Upper body,291.33,0
Young Adult,ACTIVE,Regularly,Garment Upper body,107.38,3
Young Adult,ACTIVE,NONE,Accessories,50.8,1
Young Adult,ACTIVE,NONE,Accessories,239.04,1
Adult,ACTIVE,Regularly,Socks & Tights,64.71,0
Young Adult,ACTIVE,NONE,Garment Lower body,239.04,1
Young Adult,ACTIVE,Regularly,Accessories,69.1,3
Young Adult,ACTIVE,Regularly,Socks & Tights,54.04,3
Adult,ACTIVE,NONE,Garment Upper body,197.21,4
Young Adult,ACTIVE,NONE,Accessories,186.75,1
Young Adult,ACTIVE,NONE,Underwear,239.04,1
Young Adult,ACTIVE,NONE,Underwear,113.55,1
Young Adult,ACTIVE,NONE,Shoes,88.45,1
Adult,ACTIVE,NONE,Garment Upper body,179.64,4
Adult,ACTIVE,NONE,Garment Upper body,82.17,4
Young Adult,ACTIVE,NONE,Garment Upper body,239.04,1
Adult,ACTIVE,Regularly,Garment Upper body,291.33,0
Adult,ACTIVE,Regularly,Garment Upper body,126.2,0
Adult,ACTIVE,NONE,Socks & Tights,71.72,4
Young Adult,ACTIVE,Regularly,Swimwear,117.73,3
Young Adult,ACTIVE,Regularly,Garment Lower body,439.2,3
Young Adult,ACTIVE,Regularly,Garment Upper body,334.31,3
Young Adult,ACTIVE,Regularly,Garment Upper body,291.33,3
Adult,ACTIVE,Regularly,Garment Lower body,239.04,0
Young Adult,ACTIVE,NONE,Garment Full body,343.61,1
Adult,ACTIVE,NONE,Garment Lower body,186.75,4
Adult,ACTIVE,Regularly,Garment Upper body,152.24,0
Young Adult,ACTIVE,NONE,Garment Lower body,239.04,1
Adult,ACTIVE,Regularly,Swimwear,186.75,0
Young Adult,ACTIVE,Regularly,Garment Lower body,239.04,3
Adult,ACTIVE,NONE,Swimwear,218.12,4
Young Adult,ACTIVE,NONE,Garment Full body,239.04,1
Young Adult,ACTIVE,NONE,Underwear,197.21,1
Adult,ACTIVE,NONE,Garment Upper body,165.83,4
Adult,ACTIVE,NONE,Garment Upper body,71.72,4
Young Adult,ACTIVE,NONE,Garment Upper body,165.83,1
Young Adult,ACTIVE,Regularly,Garment Upper body,103.09,3
Young Adult,PRE-CREATE,NONE,Underwear,186.75,2
Young Adult,ACTIVE,NONE,Garment Full body,92.63,1
Young Adult,ACTIVE,Regularly,Garment Upper body,646.89,3
Young Adult,ACTIVE,NONE,Swimwear,113.55,1
Young Adult,ACTIVE,NONE,Swimwear,372.16,1
Young Adult,ACTIVE,NONE,Garment Full body,103.09,1
Young Adult,PRE-CREATE,NONE,Shoes,395.9,2
Adult,ACTIVE,NONE,Garment Upper body,239.04,4
Young Adult,ACTIVE,NONE,Garment Upper body,186.75,1
Adult,ACTIVE,NONE,Swimwear,134.46,4
Young Adult,ACTIVE,Regularly,Garment Lower body,265.18,3
Young Adult,ACTIVE,NONE,Accessories,134.46,1
Young Adult,ACTIVE,Regularly,Underwear,134.46,3
Young Adult,ACTIVE,NONE,Garment Lower body,285.47,1
Young Adult,ACTIVE,Regularly,Garment Full body,343.61,3
Adult,ACTIVE,Regularly,Garment Upper body,448.19,0
Young Adult,ACTIVE,NONE,Garment Lower body,343.61,1
Adult,ACTIVE,NONE,Garment Lower body,186.75,4
Young Adult,ACTIVE,Regularly,Garment Upper body,239.04,3
Teenager,ACTIVE,NONE,Garment Lower body,232.55,0
Young Adult,ACTIVE,NONE,Socks & Tights,113.55,1
Adult,ACTIVE,Regularly,Shoes,343.61,0
Adult,PRE-CREATE,NONE,Nightwear,134.46,2
Adult,ACTIVE,Regularly,Garment Upper body,82.17,0
Adult,ACTIVE,Regularly,Garment Lower body,158.72,0
Young Adult,ACTIVE,Regularly,Garment Lower body,103.09,3
Young Adult,ACTIVE,NONE,Garment Upper body,82.17,1
Young Adult,ACTIVE,Regularly,Garment Upper body,134.46,3
Adult,ACTIVE,Regularly,Underwear,124,0
Adult,ACTIVE,Regularly,Garment Lower body,155.38,0
Young Adult,ACTIVE,NONE,Garment Lower body,206.83,1
Adult,PRE-CREATE,NONE,Garment Lower body,239.04,2
Adult,ACTIVE,Regularly,Garment Upper body,186.75,0
Elderly,ACTIVE,Regularly,Garment Upper body,343.61,0
Adult,ACTIVE,NONE,Garment Upper body,239.04,4
Elderly,ACTIVE,NONE,Garment Upper body,155.38,4
Adult,ACTIVE,Regularly,Garment Lower body,239.04,0
Elderly,ACTIVE,Regularly,Garment Upper body,134.46,0
Adult,ACTIVE,NONE,Garment Full body,343.61,4
Young Adult,ACTIVE,Regularly,Underwear,77.47,3
Adult,ACTIVE,NONE,Garment Full body,239.04,4
Young Adult,ACTIVE,NONE,Garment Lower body,291.33,1
Young Adult,ACTIVE,Regularly,Garment Upper body,134.46,3
Elderly,ACTIVE,Regularly,Garment Lower body,165.83,0
Adult,ACTIVE,NONE,Garment Lower body,239.04,4
Young Adult,ACTIVE,Regularly,Garment Upper body,343.61,3
Teenager,ACTIVE,NONE,Garment Lower body,218.12,0
Young Adult,ACTIVE,NONE,Accessories,113.55,1
Young Adult,ACTIVE,NONE,Garment Upper body,134.46,1
Young Adult,ACTIVE,Regularly,Underwear,165.83,3
Adult,ACTIVE,NONE,Shoes,103.19,4
Young Adult,ACTIVE,Regularly,Swimwear,134.46,3
Young Adult,ACTIVE,Regularly,Garment Lower body,176.29,3
Adult,ACTIVE,Regularly,Garment Lower body,134.46,0
Young Adult,ACTIVE,NONE,Garment Lower body,165.83,1
Young Adult,ACTIVE,NONE,Nightwear,165.83,1
Young Adult,ACTIVE,Regularly,Garment Upper body,134.46,3
Young Adult,ACTIVE,NONE,Garment Upper body,92.63,1
Young Adult,ACTIVE,Regularly,Garment Lower body,186.75,3
Young Adult,ACTIVE,NONE,Garment Lower body,152.24,1
Adult,ACTIVE,NONE,Garment Upper body,239.04,4
Young Adult,ACTIVE,NONE,Garment Upper body,134.46,1
Young Adult,ACTIVE,Regularly,Garment Upper body,71.72,3
Adult,ACTIVE,NONE,Garment Upper body,134.46,4
Young Adult,ACTIVE,Regularly,Garment Lower body,71.72,3
Adult,ACTIVE,NONE,Accessories,113.55,4
Young Adult,ACTIVE,NONE,Garment Upper body,92.63,1
Adult,ACTIVE,NONE,Garment Lower body,110.62,4
Young Adult,ACTIVE,NONE,Garment Lower body,197.21,1
Elderly,ACTIVE,Regularly,Garment Upper body,134.46,0
Young Adult,ACTIVE,NONE,Garment Lower body,239.04,1
Adult,ACTIVE,NONE,Garment Full body,343.61,4
Adult,ACTIVE,NONE,Swimwear,138.64,4
Young Adult,ACTIVE,Regularly,Garment Upper body,239.04,3
Adult,ACTIVE,Regularly,Garment Lower body,90.75,0
Elderly,ACTIVE,Regularly,Garment Upper body,56.03,0
Young Adult,ACTIVE,Regularly,Garment Upper body,134.46,3
Young Adult,ACTIVE,NONE,Swimwear,88.45,1
Adult,ACTIVE,NONE,Socks & Tights,134.46,4
Young Adult,PRE-CREATE,NONE,Garment Lower body,500.48,2
Elderly,ACTIVE,Regularly,Garment Upper body,134.46,0
Adult,ACTIVE,NONE,Garment Upper body,165.83,4
Young Adult,ACTIVE,NONE,Garment Upper body,113.55,1
Adult,ACTIVE,NONE,Garment Lower body,225.34,4
Young Adult,ACTIVE,Regularly,Underwear,155.38,3
Adult,ACTIVE,Regularly,Garment Upper body,197.21,0
Adult,ACTIVE,Regularly,Nightwear,239.04,0
Young Adult,ACTIVE,NONE,Garment Upper body,291.33,1
Adult,ACTIVE,NONE,Swimwear,134.46,4
Adult,ACTIVE,NONE,Garment Lower body,239.04,4
Young Adult,ACTIVE,Regularly,Swimwear,165.83,3
Young Adult,ACTIVE,Regularly,Accessories,239.04,3
Adult,ACTIVE,NONE,Garment Upper body,165.83,4
Young Adult,ACTIVE,Regularly,Swimwear,439.2,3
Young Adult,ACTIVE,Regularly,Garment Upper body,186.75,3
Adult,PRE-CREATE,NONE,Garment Upper body,92.63,2
Adult,ACTIVE,NONE,Garment Upper body,113.55,4
Young Adult,ACTIVE,Regularly,Garment Upper body,239.04,3
Adult,ACTIVE,NONE,Garment Upper body,186.75,4
Young Adult,ACTIVE,Regularly,Garment Upper body,165.83,3
Young Adult,ACTIVE,NONE,Garment Upper body,82.17,1
Adult,PRE-CREATE,NONE,Shoes,343.61,2
Adult,ACTIVE,NONE,Garment Full body,103.09,4
Adult,ACTIVE,Regularly,Garment Lower body,343.61,0
Young Adult,ACTIVE,Regularly,Swimwear,211.53,3
Young Adult,ACTIVE,Regularly,Garment Upper body,134.46,3
Adult,ACTIVE,NONE,Nightwear,239.04,4
Young Adult,ACTIVE,NONE,Swimwear,191.25,1
Young Adult,ACTIVE,Regularly,Garment Full body,312.24,3
Teenager,ACTIVE,NONE,Garment Upper body,312.24,0
Elderly,ACTIVE,Regularly,Garment Upper body,239.04,0
Young Adult,ACTIVE,NONE,Swimwear,71.72,1
Young Adult,ACTIVE,NONE,Garment Upper body,163.22,1
Adult,ACTIVE,NONE,Garment Upper body,82.17,4
Young Adult,ACTIVE,NONE,Garment Upper body,71.72,1
Young Adult,ACTIVE,NONE,Garment Upper body,322.7,1
Young Adult,ACTIVE,Regularly,Garment Upper body,76.11,3
Young Adult,ACTIVE,NONE,Nightwear,186.75,1
Adult,ACTIVE,Regularly,Swimwear,131.12,0
Adult,ACTIVE,Regularly,Garment Lower body,239.04,0
Young Adult,ACTIVE,Regularly,Accessories,61.26,3
Young Adult,ACTIVE,Regularly,Garment Lower body,113.55,3
Young Adult,ACTIVE,NONE,Swimwear,103.09,1
Elderly,ACTIVE,NONE,Garment Upper body,291.33,4
Young Adult,ACTIVE,Regularly,Shoes,134.46,3
Young Adult,ACTIVE,Regularly,Garment Upper body,134.46,3
Adult,ACTIVE,Regularly,Garment Lower body,291.33,0
Young Adult,ACTIVE,NONE,Nightwear,134.46,1
Young Adult,ACTIVE,NONE,Garment Upper body,291.33,1
Young Adult,ACTIVE,NONE,Garment Upper body,124,1
Young Adult,ACTIVE,NONE,Garment Lower body,99.64,1
Adult,ACTIVE,Regularly,Garment Lower body,552.77,0
Young Adult,ACTIVE,NONE,Garment Full body,304.4,1
Young Adult,ACTIVE,NONE,Swimwear,61.26,1
Young Adult,ACTIVE,NONE,Garment Upper body,186.75,1
Adult,ACTIVE,NONE,Underwear,165.83,4
Young Adult,ACTIVE,Regularly,Garment Full body,113.55,3
Young Adult,ACTIVE,NONE,Accessories,120.55,1
Adult,ACTIVE,NONE,Garment Lower body,127.46,4
Young Adult,ACTIVE,Regularly,Garment Upper body,96.81,3
Adult,ACTIVE,NONE,Shoes,234.44,4
Young Adult,ACTIVE,NONE,Garment Upper body,448.19,1
Young Adult,ACTIVE,Regularly,Garment Lower body,282.86,3
Young Adult,ACTIVE,Regularly,Garment Upper body,134.46,3
Young Adult,ACTIVE,NONE,Accessories,71.72,1
Adult,ACTIVE,Regularly,Garment Upper body,144.92,0
Young Adult,ACTIVE,Regularly,Garment Lower body,103.09,3
Young Adult,ACTIVE,NONE,Underwear,120.55,1
Young Adult,ACTIVE,Regularly,Garment Full body,395.9,3
Young Adult,ACTIVE,NONE,Accessories,110.62,1
Adult,ACTIVE,NONE,Garment Upper body,197.21,4
Adult,ACTIVE,Regularly,Garment Upper body,186.75,0
Young Adult,ACTIVE,Regularly,Shoes,172.42,3
Adult,ACTIVE,NONE,Garment Full body,239.04,4
Young Adult,ACTIVE,NONE,Garment Upper body,218.12,1
Elderly,ACTIVE,Regularly,Accessories,61.26,0
Young Adult,ACTIVE,Regularly,Garment Lower body,446.1,3
Young Adult,ACTIVE,Regularly,Accessories,57.08,3
Young Adult,ACTIVE,NONE,Socks & Tights,50.8,1
Young Adult,ACTIVE,NONE,Garment Lower body,129.76,1
Young Adult,ACTIVE,NONE,Garment Upper body,218.12,1
Young Adult,ACTIVE,Regularly,Socks & Tights,96.81,3
Young Adult,ACTIVE,NONE,Garment Upper body,279.61,1
Young Adult,ACTIVE,Regularly,Garment Lower body,155.38,3
Young Adult,ACTIVE,NONE,Garment Upper body,180.48,1
Young Adult,ACTIVE,NONE,Underwear,92.63,1
Young Adult,ACTIVE,Regularly,Socks & Tights,113.55,3
Young Adult,ACTIVE,NONE,Garment Upper body,67.53,1
Young Adult,ACTIVE,Regularly,Garment Upper body,82.17,3
Young Adult,ACTIVE,Regularly,Garment Lower body,186.75,3
Young Adult,ACTIVE,Regularly,Garment Upper body,113.55,3
Young Adult,ACTIVE,NONE,Garment Upper body,236.32,1
Young Adult,ACTIVE,Regularly,Garment Upper body,337.76,3
Young Adult,ACTIVE,NONE,Garment Lower body,239.04,1
Young Adult,ACTIVE,NONE,Accessories,113.55,1
Adult,ACTIVE,NONE,Garment Full body,239.04,4
Young Adult,ACTIVE,Regularly,Garment Full body,186.75,3
Young Adult,ACTIVE,Regularly,Garment Upper body,74.33,3
Adult,ACTIVE,NONE,Garment Lower body,239.04,4
Young Adult,ACTIVE,Regularly,Garment Full body,239.04,3
Young Adult,ACTIVE,NONE,Nightwear,186.75,1
Young Adult,ACTIVE,Regularly,Garment Upper body,291.33,3
Young Adult,ACTIVE,NONE,Garment Upper body,239.04,1
Young Adult,ACTIVE,NONE,Garment Full body,197.21,1
Adult,ACTIVE,NONE,Garment Upper body,71.72,4
Adult,ACTIVE,NONE,Garment Full body,291.33,4
Young Adult,ACTIVE,Regularly,Garment Full body,156.11,3
Teenager,ACTIVE,NONE,Garment Full body,291.33,0
Young Adult,ACTIVE,NONE,Garment Lower body,184.45,1
Adult,ACTIVE,Regularly,Socks & Tights,50.8,0
Young Adult,ACTIVE,NONE,Garment Upper body,239.04,1
Elderly,ACTIVE,NONE,Garment Full body,448.19,4
Young Adult,ACTIVE,NONE,Garment Full body,124,1
Adult,ACTIVE,Regularly,Garment Upper body,218.12,0
Young Adult,ACTIVE,NONE,Garment Upper body,71.72,1
Adult,ACTIVE,Regularly,Garment Lower body,239.04,0
Adult,ACTIVE,NONE,Garment Full body,291.33,4
Adult,ACTIVE,NONE,Garment Upper body,134.46,4
Adult,ACTIVE,NONE,Garment Upper body,80.92,4
Adult,ACTIVE,Regularly,Garment Lower body,239.04,0
Adult,PRE-CREATE,NONE,Garment Upper body,134.46,2
Young Adult,ACTIVE,NONE,Garment Upper body,165.83,1
Elderly,ACTIVE,NONE,Garment Upper body,500.48,4
Adult,ACTIVE,Regularly,Garment Full body,110.41,0
Young Adult,ACTIVE,Regularly,Garment Lower body,239.04,3
Young Adult,ACTIVE,NONE,Garment Upper body,156.95,1
Young Adult,ACTIVE,NONE,Garment Full body,291.33,1
Young Adult,ACTIVE,NONE,Garment Lower body,92.63,1
Adult,ACTIVE,Regularly,Garment Upper body,197.21,0
Adult,ACTIVE,Regularly,Garment Lower body,176.29,0
Adult,ACTIVE,Regularly,Underwear,118.78,0
Elderly,ACTIVE,Regularly,Garment Upper body,186.75,0
Adult,ACTIVE,NONE,Garment Full body,186.75,4
Young Adult,ACTIVE,Regularly,Garment Full body,159.46,3
Adult,ACTIVE,Regularly,Garment Upper body,395.9,0
Young Adult,ACTIVE,NONE,Underwear,186.75,1
Elderly,ACTIVE,NONE,Garment Upper body,291.33,4
Adult,ACTIVE,Regularly,Socks & Tights,50.8,0
Elderly,ACTIVE,NONE,Garment Full body,152.24,4
Young Adult,ACTIVE,Regularly,Underwear,134.46,3
Young Adult,ACTIVE,NONE,Garment Lower body,239.04,1
Young Adult,ACTIVE,NONE,Garment Upper body,134.46,1
Young Adult,ACTIVE,Regularly,Garment Lower body,199.3,3
Young Adult,ACTIVE,Regularly,Garment Upper body,186.75,3
Adult,ACTIVE,NONE,Garment Lower body,186.75,4
Elderly,ACTIVE,Regularly,Garment Full body,186.75,0
Elderly,ACTIVE,NONE,Garment Upper body,124,4
Elderly,ACTIVE,Regularly,Garment Upper body,124,0
Adult,ACTIVE,NONE,Garment Upper body,155.48,4
Adult,ACTIVE,NONE,Garment Upper body,186.75,4
Young Adult,ACTIVE,Regularly,Swimwear,134.46,3
Adult,ACTIVE,NONE,Garment Lower body,239.04,4
Young Adult,ACTIVE,Regularly,Swimwear,134.46,3
Young Adult,ACTIVE,Regularly,Garment Upper body,1527.42,3
Young Adult,ACTIVE,Regularly,Swimwear,239.14,3
Young Adult,ACTIVE,NONE,Garment Full body,218.12,1
Adult,ACTIVE,NONE,Garment Lower body,134.46,4
Adult,PRE-CREATE,NONE,Garment Upper body,186.75,2
Adult,ACTIVE,Regularly,Garment Lower body,218.12,0
Adult,ACTIVE,Regularly,Garment Lower body,218.12,0
Adult,ACTIVE,Regularly,Shoes,124,0
Adult,ACTIVE,NONE,Garment Upper body,291.33,4
Young Adult,ACTIVE,Regularly,Garment Upper body,82.17,3
Young Adult,ACTIVE,Regularly,Garment Upper body,186.75,3
Adult,ACTIVE,NONE,Swimwear,61.26,4
Adult,ACTIVE,NONE,Garment Lower body,343.61,4
Young Adult,ACTIVE,NONE,Garment Upper body,239.04,1
Young Adult,ACTIVE,NONE,Garment Lower body,113.55,1
Young Adult,ACTIVE,Regularly,Garment Lower body,291.33,3
Young Adult,ACTIVE,NONE,Underwear,113.55,1
Adult,ACTIVE,Regularly,Shoes,71.72,0
Young Adult,ACTIVE,Regularly,Garment Lower body,312.24,3
Adult,ACTIVE,Regularly,Garment Upper body,92.63,0
Adult,ACTIVE,Regularly,Garment Upper body,53.42,0
Young Adult,ACTIVE,Regularly,Swimwear,82.17,3
Adult,ACTIVE,NONE,Shoes,343.61,4
Adult,ACTIVE,NONE,Garment Lower body,239.04,4
Adult,ACTIVE,Regularly,Garment Upper body,239.04,0
Young Adult,ACTIVE,NONE,Garment Lower body,552.77,1
Adult,ACTIVE,Regularly,Garment Full body,83.22,0
Young Adult,ACTIVE,Regularly,Garment Upper body,178.91,3
Young Adult,ACTIVE,Regularly,Garment Upper body,239.04,3
Young Adult,ACTIVE,NONE,Garment Upper body,61.26,1
Young Adult,ACTIVE,Regularly,Shoes,165.42,3
Young Adult,ACTIVE,Regularly,Garment Upper body,85.73,3
Adult,ACTIVE,NONE,Garment Lower body,176.29,4
Young Adult,ACTIVE,NONE,Garment Lower body,343.61,1
Elderly,ACTIVE,NONE,Garment Upper body,92.63,4
Adult,ACTIVE,Regularly,Garment Upper body,107.9,0
Young Adult,ACTIVE,NONE,Garment Upper body,552.77,1
Young Adult,ACTIVE,NONE,Garment Upper body,239.04,1
Young Adult,ACTIVE,NONE,Garment Full body,280.87,1
Young Adult,ACTIVE,NONE,Garment Lower body,186.75,1
Young Adult,ACTIVE,Regularly,Garment Upper body,291.33,3
Adult,ACTIVE,Regularly,Garment Full body,218.12,0
Young Adult,ACTIVE,NONE,Garment Lower body,113.55,1
Young Adult,ACTIVE,NONE,Garment Lower body,343.61,1
Adult,ACTIVE,NONE,Socks & Tights,113.55,4
Young Adult,ACTIVE,NONE,Garment Full body,134.46,1
Young Adult,ACTIVE,NONE,Garment Upper body,448.19,1
Adult,ACTIVE,Regularly,Underwear,218.12,0
Young Adult,ACTIVE,NONE,Garment Upper body,134.46,1
Adult,ACTIVE,Regularly,Garment Upper body,239.04,0
Young Adult,ACTIVE,Regularly,Swimwear,218.12,3
Young Adult,ACTIVE,NONE,Accessories,134.46,1
Young Adult,ACTIVE,Regularly,Garment Full body,291.33,3
Adult,ACTIVE,Regularly,Garment Lower body,343.61,0
Young Adult,ACTIVE,Regularly,Accessories,50.8,3
Young Adult,ACTIVE,Regularly,Underwear,184.03,3
Teenager,ACTIVE,NONE,Garment Lower body,239.04,0
Young Adult,ACTIVE,NONE,Garment Lower body,186.75,1
Young Adult,ACTIVE,Regularly,Garment Upper body,86.36,3
Adult,ACTIVE,Regularly,Garment Lower body,155.38,0
Young Adult,ACTIVE,Regularly,Garment Lower body,291.33,3
Young Adult,ACTIVE,NONE,Garment Upper body,448.19,1
Adult,ACTIVE,NONE,Garment Lower body,233.6,4
Young Adult,ACTIVE,Regularly,Garment Full body,291.33,3
Adult,ACTIVE,NONE,Garment Lower body,186.75,4
Elderly,ACTIVE,Regularly,Garment Upper body,239.04,0
Young Adult,ACTIVE,Regularly,Underwear,81.44,3
Young Adult,ACTIVE,Regularly,Garment Upper body,134.46,3
Adult,ACTIVE,NONE,Underwear,113.55,4
Young Adult,ACTIVE,Regularly,Unknown,197.31,3
Young Adult,ACTIVE,NONE,Underwear,178.59,1
Young Adult,ACTIVE,Regularly,Garment Upper body,134.46,3
Adult,ACTIVE,NONE,Garment Upper body,103.09,4
Adult,ACTIVE,Regularly,Garment Lower body,180.06,0
Adult,ACTIVE,Regularly,Garment Upper body,239.04,0
Young Adult,ACTIVE,NONE,Garment Full body,106.23,1
Young Adult,ACTIVE,NONE,Garment Upper body,174.2,1
Adult,ACTIVE,NONE,Garment Full body,395.9,4
Adult,ACTIVE,Regularly,Garment Upper body,92.63,0
Young Adult,ACTIVE,Regularly,Swimwear,82.17,3
Adult,ACTIVE,Regularly,Garment Upper body,134.46,0
Adult,ACTIVE,Regularly,Garment Full body,239.04,0
Young Adult,ACTIVE,NONE,Garment Upper body,113.55,1
Young Adult,ACTIVE,NONE,Garment Upper body,657.34,1
Young Adult,ACTIVE,Regularly,Garment Full body,286.83,3
Young Adult,ACTIVE,NONE,Underwear,134.46,1
Adult,ACTIVE,NONE,Garment Lower body,165.83,4
Young Adult,ACTIVE,NONE,Garment Upper body,98.49,1
Young Adult,ACTIVE,NONE,Garment Upper body,171.17,1
Young Adult,ACTIVE,NONE,Garment Upper body,127.77,1
Young Adult,ACTIVE,NONE,Garment Lower body,134.46,1
Young Adult,ACTIVE,NONE,Garment Full body,265.18,1
Young Adult,ACTIVE,Regularly,Garment Full body,364.63,3
Adult,ACTIVE,NONE,Garment Lower body,186.75,4
Young Adult,ACTIVE,NONE,Underwear,218.12,1
Elderly,ACTIVE,NONE,Garment Full body,343.61,4
Young Adult,ACTIVE,NONE,Underwear,218.12,1
Elderly,ACTIVE,NONE,Underwear,291.33,4
Young Adult,ACTIVE,Regularly,Garment Upper body,197.21,3
Young Adult,ACTIVE,NONE,Garment Full body,395.9,1
Young Adult,ACTIVE,NONE,Garment Lower body,134.46,1
Young Adult,ACTIVE,Regularly,Garment Lower body,207.67,3
Young Adult,ACTIVE,Regularly,Garment Upper body,113.55,3
Young Adult,ACTIVE,Regularly,Garment Full body,189.89,3
Adult,ACTIVE,NONE,Swimwear,162.49,4
Young Adult,ACTIVE,Regularly,Garment Upper body,239.04,3
Young Adult,ACTIVE,Regularly,Garment Upper body,158.93,3
Young Adult,ACTIVE,NONE,Garment Upper body,395.9,1
Young Adult,ACTIVE,NONE,Garment Lower body,239.04,1
Young Adult,ACTIVE,Regularly,Underwear,218.12,3
Elderly,ACTIVE,Regularly,Garment Lower body,136.55,0
Young Adult,ACTIVE,NONE,Garment Lower body,239.04,1
Adult,ACTIVE,NONE,Underwear,80.08,4
Young Adult,ACTIVE,Regularly,Garment Lower body,134.46,3
Adult,PRE-CREATE,NONE,Garment Lower body,239.04,2
Adult,ACTIVE,Regularly,Swimwear,134.46,0
Adult,ACTIVE,NONE,Garment Upper body,134.46,4
Adult,ACTIVE,Regularly,Garment Full body,218.12,0
Young Adult,ACTIVE,NONE,Garment Full body,146.38,1
Adult,ACTIVE,Regularly,Garment Upper body,197.21,0
Young Adult,ACTIVE,Regularly,Underwear,218.12,3
Adult,ACTIVE,Regularly,Garment Lower body,239.04,0
Young Adult,ACTIVE,NONE,Swimwear,103.09,1
Adult,ACTIVE,Regularly,Garment Lower body,343.61,0
Adult,ACTIVE,NONE,Garment Lower body,239.04,4
Adult,ACTIVE,NONE,Garment Upper body,71.72,4
Adult,ACTIVE,Regularly,Garment Upper body,82.17,0
Young Adult,ACTIVE,Regularly,Swimwear,175.35,3
Adult,PRE-CREATE,NONE,Garment Upper body,155.38,2
Adult,ACTIVE,NONE,Garment Upper body,99.43,4
Young Adult,ACTIVE,NONE,Garment Upper body,113.55,1
Young Adult,ACTIVE,Regularly,Garment Lower body,103.09,3
Young Adult,ACTIVE,Regularly,Garment Upper body,129.86,3
Young Adult,ACTIVE,Regularly,Garment Upper body,239.04,3
Young Adult,ACTIVE,NONE,Garment Upper body,239.04,1
Young Adult,ACTIVE,Regularly,Garment Upper body,110.83,3
Young Adult,ACTIVE,NONE,Garment Lower body,346.44,1
Elderly,ACTIVE,NONE,Garment Upper body,51.85,4
Adult,ACTIVE,NONE,Garment Lower body,312.24,4
Young Adult,ACTIVE,Regularly,Garment Upper body,165.83,3
Adult,ACTIVE,Regularly,Accessories,186.75,0
Young Adult,ACTIVE,NONE,Garment Upper body,343.61,1
Young Adult,ACTIVE,Regularly,Garment Upper body,186.75,3
Adult,ACTIVE,NONE,Accessories,165.83,4
Young Adult,ACTIVE,NONE,Garment Lower body,218.12,1
Elderly,ACTIVE,Regularly,Garment Lower body,186.75,0
Elderly,ACTIVE,Regularly,Accessories,82.17,0
Adult,ACTIVE,Regularly,Garment Lower body,165.83,0
Adult,ACTIVE,NONE,Garment Lower body,239.04,4
Adult,ACTIVE,NONE,Garment Lower body,144.92,4
Young Adult,ACTIVE,Regularly,Garment Upper body,113.55,3
Young Adult,ACTIVE,Regularly,Garment Upper body,82.17,3
Adult,ACTIVE,NONE,Accessories,186.75,4
Young Adult,ACTIVE,Regularly,Accessories,291.33,3
Adult,ACTIVE,NONE,Garment Upper body,180.48,4
Adult,ACTIVE,NONE,Garment Lower body,448.19,4
Young Adult,ACTIVE,NONE,Garment Upper body,280.87,1
Elderly,ACTIVE,Regularly,Garment Upper body,82.17,0
Young Adult,ACTIVE,Regularly,Accessories,111.25,3
Adult,ACTIVE,NONE,Garment Upper body,134.46,4
Young Adult,ACTIVE,NONE,Garment Upper body,761.92,1
Young Adult,ACTIVE,Regularly,Garment Upper body,124,3
Adult,ACTIVE,Regularly,Garment Upper body,71.72,0
Young Adult,ACTIVE,NONE,Garment Upper body,124,1
Adult,ACTIVE,Regularly,Garment Upper body,343.61,0
Elderly,ACTIVE,NONE,Swimwear,343.61,4
Young Adult,PRE-CREATE,NONE,Garment Upper body,657.34,2
Young Adult,ACTIVE,Regularly,Garment Lower body,134.46,3
Adult,ACTIVE,Regularly,Garment Lower body,239.04,0
Young Adult,ACTIVE,Regularly,Swimwear,165.83,3
Young Adult,ACTIVE,NONE,Garment Full body,186.75,1
Young Adult,ACTIVE,NONE,Garment Upper body,186.75,1
Young Adult,ACTIVE,NONE,Garment Upper body,325.73,1
Adult,ACTIVE,Regularly,Garment Lower body,239.04,0
Young Adult,ACTIVE,Regularly,Garment Lower body,234.96,3
Young Adult,ACTIVE,NONE,Garment Full body,343.61,1
Young Adult,ACTIVE,Regularly,Garment Upper body,184.34,3
Adult,ACTIVE,Regularly,Garment Lower body,239.04,0
Young Adult,ACTIVE,Regularly,Garment Lower body,280.87,3
Adult,ACTIVE,NONE,Garment Upper body,134.46,4
Young Adult,ACTIVE,NONE,Garment Upper body,406.36,1
Elderly,ACTIVE,NONE,Garment Lower body,239.04,4
Adult,ACTIVE,NONE,Garment Full body,239.04,4
Adult,ACTIVE,Regularly,Garment Upper body,113.55,0
Elderly,ACTIVE,NONE,Garment Upper body,134.46,4
Young Adult,ACTIVE,Regularly,Garment Upper body,105.29,3
Adult,ACTIVE,NONE,Garment Lower body,239.04,4
Young Adult,ACTIVE,NONE,Garment Upper body,147.43,1
Adult,ACTIVE,Regularly,Garment Upper body,155.38,0
Adult,ACTIVE,NONE,Garment Upper body,186.75,4
Adult,ACTIVE,NONE,Garment Upper body,113.55,4
Adult,ACTIVE,NONE,Garment Upper body,103.09,4
Adult,ACTIVE,Regularly,Garment Lower body,113.55,0
Young Adult,ACTIVE,Regularly,Garment Lower body,239.04,3
Young Adult,ACTIVE,NONE,Garment Upper body,82.17,1
Young Adult,ACTIVE,Regularly,Garment Lower body,363.38,3
Elderly,ACTIVE,Regularly,Accessories,103.09,0
Young Adult,ACTIVE,Regularly,Socks & Tights,113.55,3
Adult,ACTIVE,NONE,Garment Full body,239.04,4
Young Adult,ACTIVE,NONE,Garment Upper body,82.17,1
Adult,ACTIVE,Regularly,Garment Upper body,395.9,0
Young Adult,ACTIVE,NONE,Accessories,317.78,1
Elderly,ACTIVE,Regularly,Swimwear,171.06,0
Adult,ACTIVE,NONE,Underwear,105.18,4
Adult,ACTIVE,NONE,Garment Lower body,113.55,4
Elderly,ACTIVE,NONE,Garment Lower body,134.46,4
Adult,ACTIVE,Regularly,Garment Full body,197.21,0
Elderly,ACTIVE,Regularly,Garment Upper body,280.87,0
Adult,ACTIVE,Regularly,Garment Upper body,181.21,0
Adult,ACTIVE,NONE,Garment Lower body,419.12,4
Young Adult,ACTIVE,Regularly,Garment Upper body,103.09,3
Young Adult,ACTIVE,Regularly,Garment Lower body,218.12,3
Adult,ACTIVE,Regularly,Garment Upper body,101.42,0
Elderly,ACTIVE,NONE,Garment Upper body,96.81,4
Adult,ACTIVE,NONE,Garment Upper body,203.69,4
Young Adult,ACTIVE,Regularly,Garment Full body,280.87,3
Young Adult,ACTIVE,Regularly,Garment Lower body,239.04,3
Elderly,ACTIVE,Regularly,Garment Full body,114.59,0
Elderly,ACTIVE,Regularly,Garment Lower body,132.37,0
Young Adult,ACTIVE,NONE,Garment Lower body,124,1
Young Adult,ACTIVE,Regularly,Garment Lower body,239.04,3
Young Adult,ACTIVE,NONE,Garment Upper body,171.06,1
Young Adult,ACTIVE,NONE,Garment Lower body,385.45,1
Young Adult,ACTIVE,NONE,Garment Lower body,80.08,1
Adult,ACTIVE,NONE,Garment Lower body,280.87,4
Young Adult,ACTIVE,Regularly,Garment Full body,552.77,3
Young Adult,ACTIVE,Regularly,Garment Upper body,82.17,3
Adult,ACTIVE,Regularly,Garment Lower body,171.06,0
Adult,ACTIVE,Regularly,Garment Upper body,145.44,0
Adult,ACTIVE,Regularly,Garment Upper body,239.04,0
Young Adult,ACTIVE,Regularly,Garment Upper body,134.46,3
Adult,ACTIVE,Regularly,Garment Upper body,134.46,0
Young Adult,ACTIVE,Regularly,Swimwear,218.12,3
Young Adult,ACTIVE,Regularly,Nightwear,155.38,3
Adult,ACTIVE,NONE,Garment Lower body,280.87,4
Young Adult,ACTIVE,NONE,Garment Upper body,280.87,1
Young Adult,ACTIVE,NONE,Swimwear,186.75,1
Adult,ACTIVE,Regularly,Garment Upper body,186.75,0
Adult,ACTIVE,Regularly,Garment Upper body,186.75,0
Adult,ACTIVE,Regularly,Garment Lower body,122.12,0
Young Adult,ACTIVE,NONE,Underwear,134.46,1
Adult,ACTIVE,Regularly,Garment Upper body,171.06,0
Young Adult,ACTIVE,NONE,Garment Lower body,239.04,1
Young Adult,ACTIVE,NONE,Garment Full body,239.04,1
Young Adult,ACTIVE,NONE,Swimwear,134.46,1
Young Adult,ACTIVE,NONE,Garment Upper body,186.75,1
Young Adult,ACTIVE,Regularly,Garment Upper body,186.75,3
Young Adult,ACTIVE,Regularly,Garment Upper body,82.17,3
Young Adult,ACTIVE,Regularly,Swimwear,103.09,3
Young Adult,ACTIVE,NONE,Garment Upper body,186.75,1
Adult,ACTIVE,Regularly,Garment Upper body,113.02,0
Young Adult,ACTIVE,Regularly,Shoes,88.87,3
Young Adult,ACTIVE,NONE,Garment Upper body,96.81,1
Young Adult,ACTIVE,NONE,Socks & Tights,50.8,1
Young Adult,ACTIVE,NONE,Socks & Tights,103.09,1
Adult,ACTIVE,Regularly,Garment Upper body,134.46,0
Young Adult,ACTIVE,Regularly,Socks & Tights,85.73,3
Elderly,ACTIVE,NONE,Garment Lower body,239.04,4
Adult,ACTIVE,Regularly,Underwear,71.72,0
Young Adult,ACTIVE,Regularly,Garment Lower body,265.18,3
Adult,ACTIVE,Regularly,Garment Upper body,82.17,0
Young Adult,ACTIVE,NONE,Garment Lower body,207.67,1
Young Adult,ACTIVE,NONE,Garment Lower body,343.61,1
Adult,ACTIVE,NONE,Underwear,186.75,4
Young Adult,ACTIVE,NONE,Swimwear,61.26,1
Adult,ACTIVE,Regularly,Accessories,66.49,0
Young Adult,ACTIVE,NONE,Garment Full body,244.89,1
Young Adult,ACTIVE,NONE,Swimwear,113.55,1
Adult,ACTIVE,NONE,Garment Lower body,239.04,4
Young Adult,ACTIVE,Regularly,Garment Full body,239.04,3
Young Adult,ACTIVE,Regularly,Garment Upper body,186.75,3
Young Adult,ACTIVE,NONE,Garment Upper body,134.46,1
Young Adult,ACTIVE,NONE,Garment Upper body,222.41,1
Young Adult,ACTIVE,Regularly,Garment Lower body,165.83,3
Adult,ACTIVE,Regularly,Garment Upper body,176.29,0
Adult,ACTIVE,NONE,Garment Full body,239.04,4
Elderly,ACTIVE,NONE,Garment Lower body,296.56,4
Young Adult,ACTIVE,NONE,Underwear,134.46,1
Adult,ACTIVE,NONE,Garment Lower body,186.75,4
Adult,ACTIVE,NONE,Swimwear,134.46,4
Young Adult,ACTIVE,NONE,Underwear,165.83,1
Young Adult,ACTIVE,NONE,Underwear,186.23,1
Young Adult,ACTIVE,NONE,Garment Full body,165.83,1
Adult,ACTIVE,Regularly,Swimwear,207.14,0
Adult,ACTIVE,Regularly,Socks & Tights,134.46,0
Elderly,ACTIVE,Regularly,Garment Lower body,291.33,0
Young Adult,ACTIVE,Regularly,Shoes,134.46,3
Elderly,ACTIVE,NONE,Underwear,186.75,4
Adult,ACTIVE,Regularly,Swimwear,82.17,0
Young Adult,ACTIVE,NONE,Unknown,171.06,1
Young Adult,ACTIVE,NONE,Garment Lower body,343.61,1
Young Adult,ACTIVE,Regularly,Garment Upper body,563.23,3
Young Adult,ACTIVE,NONE,Underwear,343.61,1
Young Adult,ACTIVE,NONE,Garment Lower body,239.04,1
Adult,ACTIVE,NONE,Garment Upper body,291.33,4
Young Adult,ACTIVE,NONE,Garment Upper body,82.17,1
Adult,ACTIVE,NONE,Garment Lower body,186.75,4
Young Adult,ACTIVE,Regularly,Garment Upper body,71.72,3
Young Adult,ACTIVE,NONE,Garment Upper body,186.75,1
Young Adult,ACTIVE,Regularly,Garment Upper body,82.17,3
Adult,ACTIVE,NONE,Swimwear,165.83,4
Adult,ACTIVE,Regularly,Garment Upper body,395.9,0
Young Adult,ACTIVE,Regularly,Swimwear,186.75,3
Young Adult,ACTIVE,Regularly,Garment Upper body,82.17,3
Young Adult,ACTIVE,NONE,Garment Upper body,134.46,1
Young Adult,ACTIVE,NONE,Garment Upper body,134.46,1
Young Adult,ACTIVE,NONE,Garment Full body,134.46,1
Adult,ACTIVE,Regularly,Accessories,165.83,0
Young Adult,ACTIVE,NONE,Garment Upper body,448.19,1
Young Adult,ACTIVE,NONE,Socks & Tights,49.55,1
Young Adult,ACTIVE,NONE,Garment Lower body,177.34,1
Young Adult,ACTIVE,NONE,Garment Upper body,239.04,1
Young Adult,ACTIVE,Regularly,Garment Upper body,113.55,3
Young Adult,ACTIVE,NONE,Garment Upper body,186.75,1
Elderly,ACTIVE,Regularly,Garment Lower body,118.78,0
Young Adult,ACTIVE,Regularly,Garment Upper body,343.61,3
Elderly,ACTIVE,Regularly,Garment Full body,165.83,0
Young Adult,ACTIVE,NONE,Accessories,134.46,1
Adult,ACTIVE,Regularly,Garment Upper body,88.45,0
Young Adult,ACTIVE,NONE,Garment Lower body,114.59,1
Young Adult,ACTIVE,NONE,Garment Lower body,134.46,1
Young Adult,ACTIVE,NONE,Garment Upper body,291.33,1
Elderly,ACTIVE,Regularly,Garment Upper body,134.46,0
Young Adult,ACTIVE,NONE,Garment Upper body,155.38,1
Young Adult,ACTIVE,NONE,Garment Upper body,552.77,1
Adult,ACTIVE,NONE,Shoes,448.19,4
Adult,ACTIVE,Regularly,Accessories,113.55,0
Young Adult,ACTIVE,Regularly,Garment Lower body,239.04,3
Young Adult,ACTIVE,NONE,Garment Lower body,239.04,1
Young Adult,ACTIVE,Regularly,Garment Upper body,186.75,3
Adult,ACTIVE,Regularly,Garment Full body,761.92,0
Young Adult,ACTIVE,NONE,Garment Upper body,280.87,1
Young Adult,ACTIVE,NONE,Unknown,288.82,1
Young Adult,ACTIVE,Regularly,Garment Upper body,186.75,3
Young Adult,ACTIVE,Regularly,Garment Upper body,113.55,3
Young Adult,ACTIVE,NONE,Garment Full body,239.04,1
Young Adult,ACTIVE,NONE,Shoes,165.83,1
Elderly,ACTIVE,Regularly,Garment Upper body,225.44,0
Young Adult,ACTIVE,Regularly,Garment Upper body,197.21,3
Young Adult,ACTIVE,Regularly,Garment Full body,134.46,3
Young Adult,ACTIVE,NONE,Garment Upper body,291.33,1
Young Adult,ACTIVE,Regularly,Garment Upper body,322.7,3
Adult,ACTIVE,Regularly,Swimwear,239.04,0
Young Adult,ACTIVE,NONE,Garment Full body,335.25,1
Young Adult,ACTIVE,Regularly,Garment Full body,291.33,3
Young Adult,ACTIVE,Regularly,Garment Upper body,239.04,3
Adult,ACTIVE,NONE,Accessories,124,4
Adult,ACTIVE,NONE,Garment Upper body,395.9,4
Elderly,ACTIVE,NONE,Unknown,239.04,4
Young Adult,ACTIVE,Regularly,Garment Lower body,186.75,3
Young Adult,ACTIVE,NONE,Garment Upper body,291.33,1
Young Adult,ACTIVE,Regularly,Garment Upper body,186.75,3
Young Adult,ACTIVE,NONE,Underwear,186.75,1
Young Adult,ACTIVE,NONE,Garment Upper body,239.04,1
Young Adult,ACTIVE,NONE,Garment Lower body,343.61,1
Elderly,ACTIVE,Regularly,Garment Upper body,134.46,0
Adult,ACTIVE,Regularly,Swimwear,61.26,0
Adult,ACTIVE,Regularly,Garment Upper body,207.67,0
Young Adult,ACTIVE,NONE,Garment Lower body,239.04,1
Adult,ACTIVE,Regularly,Garment Upper body,239.04,0
Young Adult,ACTIVE,NONE,Garment Upper body,189.89,1
Adult,ACTIVE,NONE,Garment Upper body,218.12,4
Adult,ACTIVE,Regularly,Garment Upper body,239.04,0
Adult,ACTIVE,Regularly,Garment Upper body,144.92,0
Young Adult,ACTIVE,Regularly,Garment Lower body,133.21,3
Young Adult,ACTIVE,NONE,Garment Upper body,74.33,1
Young Adult,ACTIVE,Regularly,Swimwear,218.12,3
Young Adult,ACTIVE,NONE,Garment Upper body,165.83,1
Young Adult,ACTIVE,NONE,Garment Lower body,155.38,1
Young Adult,ACTIVE,NONE,Swimwear,239.04,1
Young Adult,ACTIVE,NONE,Swimwear,186.75,1
Young Adult,ACTIVE,NONE,Garment Upper body,239.04,1
Young Adult,ACTIVE,NONE,Garment Full body,176.29,1
Young Adult,ACTIVE,Regularly,Garment Lower body,199.3,3
Young Adult,ACTIVE,Regularly,Garment Lower body,218.12,3
Young Adult,ACTIVE,Regularly,Underwear,103.09,3
Adult,ACTIVE,Regularly,Garment Upper body,165.83,0
Young Adult,ACTIVE,NONE,Garment Upper body,552.77,1
Young Adult,ACTIVE,NONE,Garment Lower body,165.83,1
Young Adult,ACTIVE,Regularly,Garment Lower body,312.24,3
Young Adult,ACTIVE,NONE,Garment Lower body,280.87,1
Elderly,ACTIVE,NONE,Swimwear,165.83,4
Elderly,ACTIVE,NONE,Garment Full body,186.75,4
Young Adult,ACTIVE,Regularly,Garment Full body,218.12,3
Adult,ACTIVE,Regularly,Garment Lower body,265.18,0
Adult,ACTIVE,Regularly,Garment Full body,92.63,0
Young Adult,ACTIVE,Regularly,Garment Upper body,113.65,3
Young Adult,ACTIVE,Regularly,Garment Full body,343.61,3
Young Adult,ACTIVE,Regularly,Garment Lower body,312.24,3
Adult,ACTIVE,NONE,Garment Upper body,124,4
Young Adult,ACTIVE,NONE,Underwear,291.33,1
Young Adult,ACTIVE,NONE,Garment Lower body,92.63,1
Elderly,ACTIVE,Regularly,Garment Lower body,239.04,0
Adult,ACTIVE,Regularly,Garment Lower body,291.33,0
Adult,ACTIVE,Regularly,Garment Upper body,343.61,0
Young Adult,ACTIVE,NONE,Garment Upper body,239.04,1
Young Adult,ACTIVE,NONE,Garment Lower body,234.54,1
Young Adult,ACTIVE,Regularly,Swimwear,186.75,3
Young Adult,ACTIVE,NONE,Garment Lower body,239.04,1
Young Adult,ACTIVE,NONE,Garment Lower body,312.24,1
Young Adult,ACTIVE,NONE,Garment Upper body,113.55,1
Young Adult,ACTIVE,Regularly,Swimwear,95.77,3
Young Adult,ACTIVE,NONE,Garment Lower body,280.87,1
Elderly,ACTIVE,NONE,Garment Lower body,239.04,4
Elderly,ACTIVE,Regularly,Garment Lower body,239.04,0
Young Adult,PRE-CREATE,NONE,Garment Full body,395.9,2
Young Adult,ACTIVE,Regularly,Swimwear,218.12,3
Adult,ACTIVE,Regularly,Garment Upper body,189.89,0
Young Adult,ACTIVE,NONE,Garment Upper body,124,1
Young Adult,ACTIVE,Regularly,Garment Full body,255.77,3
Elderly,ACTIVE,NONE,Socks & Tights,113.55,4
Young Adult,ACTIVE,NONE,Swimwear,227.12,1
Young Adult,ACTIVE,Regularly,Garment Lower body,218.12,3
Young Adult,ACTIVE,Regularly,Garment Lower body,186.75,3
Adult,ACTIVE,Regularly,Garment Lower body,239.04,0
Young Adult,ACTIVE,NONE,Accessories,134.46,1
Young Adult,ACTIVE,NONE,Garment Upper body,145.44,1
Adult,ACTIVE,Regularly,Swimwear,124,0
Young Adult,ACTIVE,NONE,Garment Full body,82.17,1
Young Adult,ACTIVE,NONE,Garment Full body,186.75,1
Adult,ACTIVE,Regularly,Garment Upper body,134.46,0
Young Adult,ACTIVE,NONE,Garment Upper body,134.46,1
Adult,ACTIVE,Regularly,Garment Lower body,239.04,0
Young Adult,ACTIVE,NONE,Underwear,134.46,1
Young Adult,ACTIVE,NONE,Garment Upper body,144.92,1
Adult,ACTIVE,Regularly,Swimwear,186.75,0
Young Adult,ACTIVE,NONE,Garment Lower body,440.87,1
Young Adult,ACTIVE,NONE,Garment Upper body,134.46,1
Young Adult,ACTIVE,NONE,Garment Upper body,239.04,1
Adult,ACTIVE,Regularly,Garment Lower body,92.63,0
Young Adult,ACTIVE,NONE,Garment Full body,155.38,1
Young Adult,ACTIVE,NONE,Swimwear,218.12,1
Adult,ACTIVE,NONE,Underwear,291.33,4
Young Adult,ACTIVE,NONE,Garment Upper body,113.55,1
Adult,ACTIVE,NONE,Garment Upper body,186.75,4
Young Adult,ACTIVE,Regularly,Underwear,186.75,3
Adult,PRE-CREATE,NONE,Garment Full body,448.19,2
Adult,ACTIVE,NONE,Garment Full body,406.36,4
Young Adult,ACTIVE,Regularly,Garment Lower body,239.04,3
Adult,ACTIVE,Regularly,Garment Full body,239.04,0
Young Adult,ACTIVE,Regularly,Garment Lower body,82.17,3
Young Adult,ACTIVE,NONE,Swimwear,113.55,1
Young Adult,ACTIVE,NONE,Garment Upper body,343.61,1
Young Adult,ACTIVE,NONE,Garment Full body,67.01,1
Young Adult,ACTIVE,Regularly,Garment Upper body,291.33,3
Adult,ACTIVE,NONE,Garment Upper body,406.36,4
Young Adult,ACTIVE,NONE,Garment Upper body,218.12,1
Young Adult,LEFT CLUB,NONE,Garment Upper body,80.08,4
Young Adult,ACTIVE,NONE,Garment Lower body,296.56,1
Young Adult,ACTIVE,NONE,Garment Upper body,197.21,1
Young Adult,ACTIVE,NONE,Swimwear,218.12,1
Elderly,ACTIVE,NONE,Underwear,186.75,4
Adult,ACTIVE,NONE,Accessories,108.11,4
Teenager,ACTIVE,NONE,Garment Upper body,239.04,0
Elderly,ACTIVE,Regularly,Garment Full body,124,0
Adult,ACTIVE,Regularly,Socks & Tights,61.26,0
Young Adult,ACTIVE,NONE,Garment Upper body,82.17,1
Young Adult,ACTIVE,Regularly,Garment Upper body,71.82,3
Teenager,ACTIVE,NONE,Garment Lower body,239.04,0
Young Adult,ACTIVE,Regularly,Garment Upper body,228.58,3
Young Adult,ACTIVE,Regularly,Garment Full body,285.47,3
Young Adult,ACTIVE,Regularly,Garment Lower body,186.75,3
Young Adult,ACTIVE,Regularly,Swimwear,291.33,3
Adult,ACTIVE,Regularly,Garment Lower body,229,0
Elderly,ACTIVE,NONE,Garment Upper body,61.26,4
Adult,ACTIVE,Regularly,Garment Upper body,186.75,0
Elderly,ACTIVE,Regularly,Garment Lower body,197.21,0
Young Adult,ACTIVE,NONE,Shoes,71.72,1
Adult,ACTIVE,NONE,Garment Upper body,82.17,4
Young Adult,ACTIVE,NONE,Garment Upper body,171.06,1
Adult,ACTIVE,Regularly,Swimwear,186.75,0
Young Adult,ACTIVE,NONE,Garment Full body,323.95,1
Young Adult,ACTIVE,NONE,Shoes,343.61,1
Young Adult,ACTIVE,NONE,Garment Lower body,233.18,1
Adult,ACTIVE,NONE,Garment Upper body,89.7,4
Adult,ACTIVE,NONE,Garment Lower body,134.46,4
Adult,ACTIVE,NONE,Garment Lower body,448.19,4
Young Adult,ACTIVE,NONE,Garment Upper body,657.34,1
Young Adult,ACTIVE,Regularly,Garment Upper body,132.06,3
Young Adult,ACTIVE,NONE,Garment Upper body,239.04,1
Adult,ACTIVE,NONE,Garment Upper body,552.77,4
Adult,PRE-CREATE,NONE,Swimwear,186.75,2
Adult,ACTIVE,NONE,Garment Full body,163.22,4
Young Adult,ACTIVE,Regularly,Garment Upper body,134.46,3
Young Adult,ACTIVE,NONE,Underwear,186.75,1
Elderly,ACTIVE,Regularly,Swimwear,134.46,0
Young Adult,ACTIVE,NONE,Swimwear,134.46,1
Adult,ACTIVE,NONE,Garment Upper body,239.04,4
Young Adult,ACTIVE,Regularly,Garment Upper body,239.04,3
Young Adult,ACTIVE,NONE,Garment Upper body,186.75,1
Young Adult,ACTIVE,NONE,Garment Full body,249.5,1
Young Adult,ACTIVE,NONE,Garment Lower body,134.46,1
Adult,ACTIVE,NONE,Garment Upper body,71.72,4
Young Adult,ACTIVE,NONE,Garment Upper body,343.61,1
Young Adult,ACTIVE,Regularly,Garment Lower body,343.61,3
Young Adult,ACTIVE,Regularly,Accessories,163.74,3
Elderly,ACTIVE,Regularly,Nightwear,197.21,0
Adult,ACTIVE,NONE,Accessories,113.55,4
Young Adult,ACTIVE,NONE,Underwear,165.83,1
Adult,ACTIVE,NONE,Garment Full body,239.04,4
Adult,ACTIVE,NONE,Underwear,218.12,4
Young Adult,ACTIVE,Regularly,Garment Full body,176.29,3
Young Adult,ACTIVE,Regularly,Accessories,56.13,3
Young Adult,ACTIVE,Regularly,Underwear,186.75,3
Adult,ACTIVE,Regularly,Garment Upper body,333.68,0
Young Adult,ACTIVE,Regularly,Garment Upper body,186.75,3
Young Adult,ACTIVE,Regularly,Shoes,291.33,3
Adult,ACTIVE,NONE,Swimwear,82.17,4
Adult,PRE-CREATE,NONE,Garment Lower body,239.04,2
Adult,ACTIVE,Regularly,Garment Lower body,180.48,0
Young Adult,ACTIVE,NONE,Garment Full body,92.63,1
Young Adult,ACTIVE,NONE,Garment Upper body,186.75,1
Young Adult,ACTIVE,Regularly,Garment Upper body,105.18,3
Young Adult,ACTIVE,Regularly,Swimwear,156.95,3
Adult,ACTIVE,NONE,Swimwear,186.75,4
Young Adult,ACTIVE,NONE,Garment Lower body,343.61,1
Young Adult,ACTIVE,NONE,Swimwear,199.3,1
Young Adult,ACTIVE,NONE,Underwear,92.63,1
Young Adult,ACTIVE,NONE,Swimwear,186.75,1
Adult,ACTIVE,Regularly,Garment Upper body,239.04,0
Adult,ACTIVE,Regularly,Garment Upper body,239.04,0
Young Adult,ACTIVE,Regularly,Swimwear,186.75,3
Adult,ACTIVE,Regularly,Socks & Tights,50.8,0
Adult,ACTIVE,Regularly,Garment Upper body,165.83,0
Adult,ACTIVE,NONE,Garment Full body,186.75,4
Adult,ACTIVE,Regularly,Garment Upper body,83.22,0
Young Adult,ACTIVE,NONE,Garment Upper body,103.09,1
Young Adult,ACTIVE,NONE,Garment Full body,165.31,1
Young Adult,ACTIVE,Regularly,Garment Upper body,207.67,3
Young Adult,ACTIVE,NONE,Garment Lower body,343.61,1
Adult,ACTIVE,NONE,Garment Lower body,526.62,4
Young Adult,ACTIVE,NONE,Garment Lower body,239.04,1
Young Adult,ACTIVE,Regularly,Garment Lower body,186.75,3
Elderly,ACTIVE,NONE,Socks & Tights,113.55,4
Young Adult,ACTIVE,NONE,Garment Full body,343.61,1
Young Adult,ACTIVE,NONE,Garment Upper body,291.33,1
Adult,ACTIVE,NONE,Garment Full body,239.04,4
Young Adult,ACTIVE,Regularly,Garment Upper body,61.26,3
Young Adult,ACTIVE,NONE,Garment Upper body,134.46,1
Adult,ACTIVE,NONE,Garment Lower body,239.04,4
Young Adult,ACTIVE,Regularly,Garment Lower body,239.04,3
Adult,ACTIVE,NONE,Garment Lower body,154.33,4
Elderly,ACTIVE,Regularly,Shoes,171.06,0
Young Adult,ACTIVE,Regularly,Garment Full body,186.75,3
Young Adult,ACTIVE,NONE,Garment Upper body,239.04,1
Young Adult,ACTIVE,NONE,Garment Upper body,78.72,1
Young Adult,PRE-CREATE,NONE,Garment Upper body,186.75,2
Young Adult,ACTIVE,Regularly,Garment Upper body,170.23,3
Young Adult,ACTIVE,Regularly,Garment Full body,322.7,3
Young Adult,ACTIVE,NONE,Garment Lower body,99.64,1
Adult,PRE-CREATE,NONE,Garment Upper body,134.46,2
Young Adult,ACTIVE,NONE,Garment Lower body,343.61,1
Young Adult,ACTIVE,NONE,Garment Upper body,186.75,1
Elderly,ACTIVE,NONE,Garment Upper body,103.09,4
Young Adult,ACTIVE,NONE,Swimwear,186.75,1
Adult,ACTIVE,Regularly,Nightwear,134.46,0
Young Adult,ACTIVE,Regularly,Garment Lower body,218.12,3
Young Adult,ACTIVE,NONE,Garment Upper body,80.08,1
Young Adult,ACTIVE,NONE,Garment Upper body,343.61,1
Adult,PRE-CREATE,NONE,Garment Lower body,134.46,2
Adult,ACTIVE,Regularly,Garment Upper body,92.63,0
Adult,ACTIVE,NONE,Garment Upper body,134.46,4
Adult,ACTIVE,Regularly,Garment Upper body,134.46,0
Young Adult,ACTIVE,NONE,Garment Upper body,134.46,1
Young Adult,ACTIVE,NONE,Garment Upper body,218.12,1
Adult,PRE-CREATE,NONE,Garment Full body,239.04,2
Adult,ACTIVE,NONE,Garment Lower body,71.72,4
Young Adult,ACTIVE,NONE,Garment Lower body,239.04,1
Young Adult,ACTIVE,NONE,Garment Upper body,113.55,1
Young Adult,ACTIVE,NONE,Garment Lower body,155.38,1
Adult,ACTIVE,NONE,Garment Lower body,277.42,4
Young Adult,ACTIVE,NONE,Garment Lower body,291.33,1
Young Adult,ACTIVE,Regularly,Garment Upper body,124,3
Adult,ACTIVE,NONE,Garment Upper body,239.04,4
Young Adult,ACTIVE,NONE,Garment Upper body,98.8,1
Adult,ACTIVE,NONE,Garment Full body,395.9,4
Adult,ACTIVE,Regularly,Garment Upper body,103.09,0
Young Adult,ACTIVE,Regularly,Garment Upper body,134.46,3
Young Adult,ACTIVE,NONE,Garment Upper body,183.93,1
Young Adult,ACTIVE,NONE,Underwear,128.92,1
Young Adult,ACTIVE,Regularly,Garment Lower body,186.75,3
Young Adult,ACTIVE,NONE,Garment Upper body,165.83,1
Young Adult,ACTIVE,NONE,Garment Lower body,134.46,1
Elderly,ACTIVE,Regularly,Garment Lower body,113.55,0
Young Adult,ACTIVE,Regularly,Garment Upper body,249.6,3
Adult,ACTIVE,NONE,Garment Full body,113.55,4
Young Adult,ACTIVE,NONE,Garment Full body,186.75,1
Young Adult,ACTIVE,Regularly,Garment Lower body,239.04,3
Young Adult,ACTIVE,NONE,Shoes,406.36,1
Adult,ACTIVE,NONE,Shoes,218.12,4
Adult,ACTIVE,NONE,Garment Lower body,239.04,4
Young Adult,ACTIVE,NONE,Swimwear,117.1,1
Adult,ACTIVE,NONE,Garment Full body,406.36,4
Adult,ACTIVE,NONE,Garment Upper body,174.2,4
Elderly,PRE-CREATE,NONE,Garment Upper body,239.04,2
Young Adult,ACTIVE,NONE,Garment Lower body,134.46,1
Adult,ACTIVE,NONE,Socks & Tights,113.55,4
Adult,ACTIVE,NONE,Socks & Tights,108.74,4
Young Adult,ACTIVE,NONE,Garment Upper body,448.19,1
Elderly,PRE-CREATE,NONE,Garment Upper body,82.17,2
Adult,ACTIVE,NONE,Garment Upper body,108.84,4
Young Adult,ACTIVE,Regularly,Garment Upper body,71.72,3
Young Adult,ACTIVE,NONE,Garment Upper body,186.75,1
Young Adult,ACTIVE,NONE,Underwear,124,1
Elderly,ACTIVE,Regularly,Garment Lower body,134.46,0
Adult,ACTIVE,Regularly,Garment Upper body,144.92,0
Young Adult,ACTIVE,NONE,Garment Lower body,234.86,1
Adult,ACTIVE,Regularly,Garment Upper body,448.19,0
Young Adult,ACTIVE,Regularly,Garment Upper body,239.04,3
Adult,ACTIVE,NONE,Garment Upper body,234.86,4
Young Adult,ACTIVE,NONE,Garment Upper body,594.6,1
Adult,ACTIVE,NONE,Garment Full body,95.14,4
Young Adult,ACTIVE,NONE,Garment Lower body,343.61,1
Young Adult,ACTIVE,NONE,Garment Upper body,280.87,1
Young Adult,ACTIVE,Regularly,Garment Upper body,155.38,3
Adult,ACTIVE,NONE,Garment Upper body,280.87,4
Young Adult,ACTIVE,NONE,Shoes,199.3,1
Adult,ACTIVE,NONE,Garment Lower body,239.04,4
Young Adult,ACTIVE,NONE,Garment Upper body,165.83,1
Young Adult,ACTIVE,NONE,Garment Upper body,239.04,1
Young Adult,ACTIVE,NONE,Garment Upper body,61.26,1
Young Adult,ACTIVE,Regularly,Garment Upper body,448.19,3
Young Adult,ACTIVE,Regularly,Garment Lower body,343.61,3
Young Adult,ACTIVE,Regularly,Swimwear,161.65,3
Young Adult,ACTIVE,NONE,Garment Upper body,134.46,1
Young Adult,ACTIVE,NONE,Garment Upper body,186.75,1
Young Adult,ACTIVE,Regularly,Swimwear,134.46,3
Young Adult,ACTIVE,Regularly,Swimwear,359.3,3
Young Adult,ACTIVE,NONE,Underwear,186.75,1
Young Adult,ACTIVE,NONE,Garment Upper body,186.75,1
Adult,ACTIVE,Regularly,Garment Full body,134.46,0
Young Adult,ACTIVE,NONE,Accessories,92.63,1
Adult,ACTIVE,NONE,Garment Upper body,343.61,4
Young Adult,ACTIVE,NONE,Underwear,180.27,1
Young Adult,ACTIVE,Regularly,Garment Upper body,181,3
Young Adult,ACTIVE,NONE,Garment Upper body,500.48,1
Young Adult,ACTIVE,NONE,Socks & Tights,113.55,1
Young Adult,ACTIVE,NONE,Accessories,113.55,1
Adult,ACTIVE,Regularly,Swimwear,186.75,0
Young Adult,ACTIVE,NONE,Accessories,134.46,1
Young Adult,ACTIVE,Regularly,Garment Upper body,239.04,3
Young Adult,ACTIVE,NONE,Garment Lower body,134.46,1
Elderly,ACTIVE,NONE,Garment Upper body,186.75,4
Adult,ACTIVE,Regularly,Garment Lower body,265.18,0
Young Adult,ACTIVE,Regularly,Garment Upper body,197.21,3
Young Adult,PRE-CREATE,NONE,Garment Lower body,343.61,2
Young Adult,ACTIVE,NONE,Accessories,422.05,1
Young Adult,ACTIVE,Regularly,Garment Upper body,218.12,3
Adult,ACTIVE,Regularly,Shoes,71.72,0
Adult,ACTIVE,NONE,Garment Full body,186.75,4
Adult,ACTIVE,Regularly,Garment Lower body,291.33,0
Young Adult,ACTIVE,Regularly,Garment Upper body,186.75,3
Young Adult,ACTIVE,NONE,Garment Upper body,338.91,1
Adult,ACTIVE,NONE,Garment Lower body,239.04,4
Young Adult,ACTIVE,Regularly,Garment Lower body,56.03,3
Adult,ACTIVE,NONE,Garment Full body,230.67,4
Young Adult,ACTIVE,NONE,Garment Upper body,239.04,1
Elderly,ACTIVE,NONE,Garment Upper body,343.61,4
Young Adult,ACTIVE,NONE,Swimwear,126.1,1
Young Adult,ACTIVE,NONE,Garment Lower body,227.53,1
Young Adult,ACTIVE,NONE,Garment Full body,239.04,1
Young Adult,ACTIVE,Regularly,Garment Lower body,171.06,3
Adult,ACTIVE,Regularly,Garment Lower body,343.61,0
Young Adult,ACTIVE,Regularly,Garment Lower body,239.04,3
Adult,NO MEMBERSHIP,Regularly,Accessories,291.33,2
Young Adult,ACTIVE,Regularly,Garment Upper body,186.75,3
Young Adult,ACTIVE,Regularly,Underwear,113.55,3
Adult,ACTIVE,NONE,Garment Lower body,291.33,4
Young Adult,ACTIVE,Regularly,Garment Upper body,239.04,3
Young Adult,ACTIVE,NONE,Socks & Tights,92.63,1
Elderly,ACTIVE,NONE,Garment Lower body,239.04,4
Young Adult,ACTIVE,Regularly,Swimwear,165.83,3
Young Adult,ACTIVE,NONE,Accessories,113.55,1
Elderly,ACTIVE,NONE,Garment Full body,291.33,4
Young Adult,ACTIVE,NONE,Garment Upper body,134.46,1
Adult,ACTIVE,NONE,Underwear,85.62,4
Elderly,ACTIVE,NONE,Garment Lower body,448.19,4
Young Adult,ACTIVE,NONE,Underwear,134.46,1
Young Adult,ACTIVE,NONE,Garment Upper body,163.22,1
Young Adult,ACTIVE,Regularly,Garment Lower body,343.61,3
Adult,ACTIVE,NONE,Shoes,88.45,4
Young Adult,ACTIVE,Regularly,Garment Lower body,134.46,3
Adult,ACTIVE,NONE,Accessories,186.75,4
Young Adult,ACTIVE,Regularly,Socks & Tights,126.41,3
Young Adult,ACTIVE,NONE,Garment Lower body,197.21,1
Adult,ACTIVE,NONE,Garment Upper body,239.04,4
Adult,ACTIVE,Regularly,Garment Full body,343.61,0
Adult,ACTIVE,NONE,Underwear,92.63,4
Adult,ACTIVE,Regularly,Garment Full body,343.61,0
Young Adult,ACTIVE,NONE,Swimwear,165.83,1
Adult,ACTIVE,Regularly,Garment Full body,218.12,0
Elderly,ACTIVE,Regularly,Garment Upper body,239.04,0
Young Adult,ACTIVE,NONE,Underwear,82.17,1
Young Adult,ACTIVE,NONE,Underwear,239.04,1
Young Adult,ACTIVE,NONE,Garment Lower body,148.48,1
Young Adult,ACTIVE,Regularly,Garment Full body,437.73,3
Adult,ACTIVE,NONE,Garment Upper body,343.61,4
Young Adult,ACTIVE,NONE,Accessories,48.71,1
Elderly,ACTIVE,NONE,Garment Upper body,291.33,4
Adult,ACTIVE,Regularly,Garment Full body,134.46,0
Adult,ACTIVE,Regularly,Garment Upper body,82.17,0
Elderly,ACTIVE,Regularly,Garment Lower body,134.46,0
Young Adult,ACTIVE,NONE,Garment Full body,186.75,1
Young Adult,ACTIVE,Regularly,Garment Lower body,165.83,3
Young Adult,ACTIVE,NONE,Garment Lower body,186.85,1
Young Adult,ACTIVE,NONE,Garment Lower body,218.12,1
Young Adult,ACTIVE,NONE,Underwear,71.72,1
Young Adult,ACTIVE,NONE,Garment Upper body,265.18,1
Young Adult,ACTIVE,Regularly,Garment Upper body,93.89,3
Young Adult,ACTIVE,Regularly,Garment Lower body,186.75,3
Teenager,ACTIVE,Regularly,Garment Upper body,186.75,0
Young Adult,ACTIVE,NONE,Garment Full body,291.33,1
Young Adult,ACTIVE,Regularly,Garment Lower body,186.75,3
Elderly,ACTIVE,Regularly,Garment Lower body,236.32,0
Adult,ACTIVE,Regularly,Garment Upper body,103.09,0
Adult,ACTIVE,Regularly,Garment Full body,218.12,0
Adult,ACTIVE,Regularly,Garment Lower body,113.55,0
Adult,ACTIVE,NONE,Underwear,92.63,4
Young Adult,ACTIVE,NONE,Garment Upper body,134.46,1
Young Adult,ACTIVE,Regularly,Underwear,165.83,3
Adult,ACTIVE,Regularly,Garment Lower body,552.77,0
Young Adult,ACTIVE,NONE,Garment Upper body,82.17,1
Young Adult,ACTIVE,NONE,Garment Lower body,176.29,1
Young Adult,ACTIVE,Regularly,Garment Upper body,82.17,3
Adult,ACTIVE,Regularly,Socks & Tights,113.55,0
Young Adult,ACTIVE,NONE,Garment Upper body,385.45,1
Elderly,ACTIVE,NONE,Swimwear,125.15,4
Young Adult,ACTIVE,NONE,Garment Upper body,165.83,1
Young Adult,ACTIVE,NONE,Garment Lower body,239.04,1
Adult,ACTIVE,Regularly,Garment Lower body,186.75,0
Adult,ACTIVE,Regularly,Garment Upper body,343.61,0
Teenager,ACTIVE,Regularly,Garment Upper body,215.09,0
Young Adult,ACTIVE,NONE,Swimwear,239.04,1
Young Adult,ACTIVE,NONE,Accessories,113.55,1
Adult,ACTIVE,Regularly,Accessories,147.53,0
Young Adult,ACTIVE,Regularly,Garment Upper body,134.46,3
Adult,ACTIVE,Regularly,Garment Upper body,213.73,0
Young Adult,ACTIVE,NONE,Garment Lower body,312.24,1
Young Adult,ACTIVE,NONE,Garment Lower body,155.38,1
Young Adult,ACTIVE,NONE,Garment Upper body,134.46,1
Young Adult,ACTIVE,NONE,Underwear,186.75,1
Young Adult,ACTIVE,Regularly,Garment Upper body,165.83,3
Young Adult,ACTIVE,Regularly,Garment Lower body,239.04,3
Elderly,ACTIVE,NONE,Garment Upper body,126.1,4
Young Adult,ACTIVE,Regularly,Garment Upper body,114.59,3
Young Adult,ACTIVE,Regularly,Garment Upper body,113.55,3
Adult,ACTIVE,NONE,Garment Upper body,171.06,4
Young Adult,PRE-CREATE,NONE,Garment Upper body,186.75,2
Young Adult,ACTIVE,NONE,Garment Upper body,92.63,1
Young Adult,ACTIVE,NONE,Garment Lower body,343.61,1
Elderly,ACTIVE,NONE,Garment Lower body,134.46,4
Young Adult,ACTIVE,Regularly,Garment Upper body,448.19,3
Adult,ACTIVE,NONE,Garment Upper body,44,4
Young Adult,ACTIVE,NONE,Garment Upper body,82.17,1
Young Adult,ACTIVE,NONE,Swimwear,165.83,1
Adult,ACTIVE,NONE,Garment Lower body,291.33,4
Young Adult,ACTIVE,NONE,Garment Lower body,183.82,1
Adult,ACTIVE,NONE,Garment Upper body,82.17,4
Adult,ACTIVE,NONE,Garment Upper body,239.14,4
Young Adult,ACTIVE,Regularly,Underwear,186.75,3
Young Adult,ACTIVE,Regularly,Garment Upper body,129.86,3
Young Adult,ACTIVE,Regularly,Garment Lower body,239.04,3
Young Adult,ACTIVE,Regularly,Garment Upper body,343.61,3
Adult,ACTIVE,Regularly,Garment Lower body,354.07,0
Elderly,ACTIVE,NONE,Garment Full body,186.75,4
Adult,ACTIVE,NONE,Garment Upper body,239.04,4
Adult,ACTIVE,NONE,Garment Lower body,134.46,4
Adult,ACTIVE,Regularly,Garment Upper body,129.55,0
Young Adult,ACTIVE,NONE,Garment Lower body,312.24,1
Elderly,ACTIVE,Regularly,Garment Full body,343.61,0
Young Adult,ACTIVE,Regularly,Garment Lower body,218.12,3
Adult,ACTIVE,Regularly,Garment Upper body,92.63,0
Young Adult,ACTIVE,NONE,Garment Upper body,113.55,1
Adult,ACTIVE,Regularly,Accessories,152.24,0
Young Adult,ACTIVE,NONE,Garment Upper body,103.09,1
Adult,ACTIVE,NONE,Garment Upper body,155.38,4
Elderly,ACTIVE,Regularly,Garment Upper body,291.33,0
Young Adult,ACTIVE,NONE,Socks & Tights,186.75,1
Young Adult,ACTIVE,Regularly,Garment Lower body,147.53,3
Adult,ACTIVE,Regularly,Garment Lower body,239.04,0
Adult,ACTIVE,Regularly,Garment Lower body,206.83,0
Young Adult,PRE-CREATE,NONE,Garment Upper body,291.33,2
Young Adult,ACTIVE,Regularly,Accessories,113.55,3
Young Adult,ACTIVE,Regularly,Garment Full body,291.33,3
Young Adult,ACTIVE,Regularly,Garment Upper body,71.72,3
Young Adult,ACTIVE,NONE,Swimwear,280.87,1
Adult,ACTIVE,NONE,Accessories,186.75,4
Young Adult,ACTIVE,Regularly,Garment Full body,239.04,3
Young Adult,ACTIVE,NONE,Garment Lower body,239.04,1
Adult,ACTIVE,Regularly,Garment Lower body,165.83,0
Adult,ACTIVE,Regularly,Garment Upper body,291.33,0
Young Adult,ACTIVE,NONE,Garment Lower body,186.75,1
Young Adult,ACTIVE,Regularly,Garment Upper body,239.04,3
Adult,PRE-CREATE,NONE,Garment Full body,395.9,2
Adult,ACTIVE,NONE,Garment Full body,343.61,4
Young Adult,ACTIVE,NONE,Accessories,64.19,1
Adult,ACTIVE,NONE,Garment Upper body,343.61,4
Elderly,ACTIVE,NONE,Underwear,218.12,4
Young Adult,ACTIVE,Regularly,Swimwear,134.46,3
Young Adult,ACTIVE,Regularly,Swimwear,134.46,3
Adult,ACTIVE,Regularly,Garment Upper body,113.55,0
Young Adult,ACTIVE,NONE,Garment Lower body,312.24,1
Young Adult,ACTIVE,NONE,Garment Lower body,113.55,1
Young Adult,ACTIVE,NONE,Garment Upper body,134.46,1
Young Adult,ACTIVE,Regularly,Garment Lower body,291.33,3
Young Adult,ACTIVE,NONE,Garment Lower body,239.04,1
Young Adult,ACTIVE,Regularly,Garment Upper body,186.75,3
Young Adult,ACTIVE,NONE,Garment Full body,296.56,1
Young Adult,ACTIVE,NONE,Swimwear,95.77,1
Young Adult,ACTIVE,NONE,Garment Full body,542,1
Young Adult,ACTIVE,NONE,Garment Upper body,343.61,1
Adult,ACTIVE,NONE,Garment Lower body,171.17,4
Young Adult,ACTIVE,Regularly,Accessories,103.09,3
Young Adult,ACTIVE,NONE,Garment Lower body,218.12,1
Adult,ACTIVE,Regularly,Garment Upper body,239.04,0
Elderly,ACTIVE,NONE,Swimwear,108.32,4
Elderly,ACTIVE,Regularly,Garment Upper body,239.04,0
Young Adult,ACTIVE,Regularly,Garment Lower body,239.04,3
Young Adult,ACTIVE,NONE,Garment Full body,113.55,1
Young Adult,ACTIVE,Regularly,Garment Lower body,239.04,3
Young Adult,ACTIVE,NONE,Garment Lower body,343.61,1
Elderly,ACTIVE,Regularly,Shoes,389.11,0
Young Adult,ACTIVE,NONE,Accessories,103.09,1
Elderly,ACTIVE,Regularly,Garment Upper body,239.04,0
Young Adult,ACTIVE,NONE,Garment Upper body,134.46,1
Young Adult,ACTIVE,NONE,Garment Full body,124,1
Adult,ACTIVE,Regularly,Garment Upper body,218.12,0
Adult,ACTIVE,NONE,Garment Upper body,111.56,4
Adult,ACTIVE,Regularly,Garment Upper body,218.12,0
Young Adult,ACTIVE,Regularly,Garment Lower body,448.19,3
Young Adult,PRE-CREATE,NONE,Garment Upper body,343.61,2
Adult,ACTIVE,NONE,Accessories,82.17,4
Adult,ACTIVE,NONE,Garment Upper body,239.04,4
Elderly,ACTIVE,Regularly,Garment Upper body,186.75,0
Young Adult,ACTIVE,Regularly,Garment Lower body,35.11,3
Elderly,ACTIVE,NONE,Garment Upper body,152.66,4
Adult,ACTIVE,Regularly,Garment Upper body,134.46,0
Young Adult,ACTIVE,NONE,Garment Lower body,202.44,1
Young Adult,ACTIVE,NONE,Garment Upper body,78.2,1
Adult,ACTIVE,NONE,Garment Upper body,255.77,4
Adult,ACTIVE,NONE,Swimwear,343.61,4
Young Adult,ACTIVE,Regularly,Accessories,152.24,3
Adult,ACTIVE,NONE,Shoes,448.19,4
Young Adult,ACTIVE,Regularly,Swimwear,448.19,3
Young Adult,ACTIVE,NONE,Accessories,88.45,1
Adult,ACTIVE,Regularly,Garment Upper body,239.04,0
Adult,ACTIVE,Regularly,Underwear,92.63,0
Young Adult,ACTIVE,NONE,Garment Full body,186.75,1
Young Adult,ACTIVE,NONE,Garment Upper body,92.63,1
Young Adult,PRE-CREATE,NONE,Garment Upper body,291.33,2
Adult,ACTIVE,NONE,Swimwear,205.36,4
Adult,ACTIVE,NONE,Garment Full body,239.04,4
Adult,ACTIVE,NONE,Accessories,213.21,4
Young Adult,ACTIVE,Regularly,Garment Lower body,234.86,3
Adult,ACTIVE,Regularly,Underwear,186.75,0
Young Adult,ACTIVE,NONE,Swimwear,134.46,1
Young Adult,ACTIVE,NONE,Garment Upper body,134.46,1
Adult,ACTIVE,NONE,Shoes,180.16,4
Young Adult,ACTIVE,NONE,Garment Upper body,113.55,1
Adult,ACTIVE,NONE,Garment Upper body,395.9,4
Young Adult,ACTIVE,NONE,Underwear,113.55,1
Adult,ACTIVE,NONE,Garment Upper body,113.55,4
Elderly,ACTIVE,Regularly,Garment Upper body,124,0
Young Adult,ACTIVE,NONE,Garment Lower body,334.31,1
Young Adult,ACTIVE,Regularly,Garment Upper body,155.9,3
Young Adult,ACTIVE,NONE,Garment Upper body,82.17,1
Elderly,ACTIVE,Regularly,Garment Upper body,134.46,0
Young Adult,ACTIVE,NONE,Garment Upper body,144.92,1
Young Adult,ACTIVE,Regularly,Garment Full body,197.21,3
Young Adult,ACTIVE,NONE,Garment Lower body,182.78,1
Young Adult,ACTIVE,NONE,Underwear,105.18,1
Young Adult,ACTIVE,NONE,Socks & Tights,67.53,1
Adult,ACTIVE,Regularly,Garment Upper body,343.61,0
Young Adult,ACTIVE,NONE,Swimwear,186.75,1
Young Adult,ACTIVE,NONE,Garment Upper body,82.17,1
Adult,ACTIVE,NONE,Garment Upper body,82.17,4
Adult,ACTIVE,Regularly,Garment Lower body,395.9,0
Elderly,ACTIVE,NONE,Garment Full body,395.9,4
Young Adult,ACTIVE,Regularly,Swimwear,218.12,3
Adult,ACTIVE,Regularly,Garment Upper body,233.08,0
Elderly,ACTIVE,Regularly,Garment Upper body,186.75,0
Young Adult,PRE-CREATE,NONE,Swimwear,134.46,2
Young Adult,ACTIVE,Regularly,Garment Upper body,343.61,3
Elderly,ACTIVE,Regularly,Garment Upper body,134.46,0
Young Adult,ACTIVE,Regularly,Garment Upper body,218.12,3
Young Adult,ACTIVE,Regularly,Garment Upper body,113.55,3
Young Adult,ACTIVE,NONE,Garment Upper body,180.48,1
Adult,ACTIVE,Regularly,Garment Upper body,71.72,0
Young Adult,ACTIVE,NONE,Underwear,186.75,1
Young Adult,ACTIVE,Regularly,Shoes,186.75,3
Young Adult,ACTIVE,NONE,Garment Upper body,134.46,1
Adult,ACTIVE,Regularly,Swimwear,186.75,0
Young Adult,ACTIVE,Regularly,Underwear,96.81,3
Adult,ACTIVE,Regularly,Garment Full body,239.04,0
Young Adult,ACTIVE,NONE,Garment Full body,218.12,1
Adult,ACTIVE,NONE,Garment Full body,448.19,4
Young Adult,ACTIVE,Regularly,Garment Upper body,82.17,3
Young Adult,ACTIVE,NONE,Garment Lower body,343.61,1
Adult,ACTIVE,Regularly,Accessories,71.72,0
Adult,ACTIVE,Regularly,Garment Upper body,395.9,0
Young Adult,ACTIVE,NONE,Swimwear,134.46,1
Adult,ACTIVE,NONE,Garment Lower body,239.04,4
Young Adult,ACTIVE,NONE,Garment Upper body,82.17,1
Young Adult,ACTIVE,Regularly,Garment Full body,291.33,3
Adult,ACTIVE,NONE,Garment Full body,134.46,4
Young Adult,ACTIVE,NONE,Garment Upper body,364.53,1
Adult,ACTIVE,Regularly,Garment Upper body,125.78,0
Adult,ACTIVE,NONE,Garment Full body,239.04,4
Young Adult,ACTIVE,Regularly,Garment Upper body,113.55,3
Adult,ACTIVE,NONE,Accessories,113.55,4
Young Adult,ACTIVE,Regularly,Swimwear,199.3,3
Adult,ACTIVE,Regularly,Swimwear,186.75,0
Adult,ACTIVE,Regularly,Garment Full body,552.77,0
Young Adult,ACTIVE,NONE,Swimwear,134.46,1
Young Adult,ACTIVE,Regularly,Garment Upper body,239.04,3
Young Adult,ACTIVE,NONE,Garment Lower body,113.55,1
Adult,ACTIVE,Regularly,Nightwear,186.75,0
Adult,ACTIVE,Regularly,Underwear,199.3,0
Adult,ACTIVE,NONE,Underwear,291.33,4
Young Adult,ACTIVE,NONE,Swimwear,186.75,1
Adult,ACTIVE,Regularly,Garment Upper body,82.17,0
Adult,ACTIVE,Regularly,Garment Upper body,50.8,0
Young Adult,ACTIVE,NONE,Garment Full body,197.21,1
Adult,ACTIVE,NONE,Garment Full body,657.34,4
Adult,ACTIVE,Regularly,Garment Upper body,82.17,0
Young Adult,ACTIVE,NONE,Socks & Tights,57.81,1
Adult,ACTIVE,Regularly,Garment Lower body,86.88,0
Adult,ACTIVE,NONE,Garment Full body,113.55,4
Young Adult,ACTIVE,NONE,Underwear,218.12,1
Young Adult,ACTIVE,NONE,Garment Upper body,231.2,1
Elderly,ACTIVE,NONE,Garment Lower body,291.33,4
Young Adult,ACTIVE,Regularly,Swimwear,82.17,3
Young Adult,ACTIVE,NONE,Garment Upper body,176.29,1
Young Adult,ACTIVE,NONE,Accessories,101,1
Young Adult,ACTIVE,NONE,Garment Upper body,74.64,1
Young Adult,ACTIVE,NONE,Underwear,152.24,1
Young Adult,ACTIVE,NONE,Garment Upper body,709.63,1
Young Adult,ACTIVE,Regularly,Garment Upper body,239.04,3
Elderly,ACTIVE,NONE,Garment Upper body,186.75,4
Young Adult,ACTIVE,Regularly,Accessories,93.78,3
Young Adult,ACTIVE,Regularly,Swimwear,113.55,3
Young Adult,ACTIVE,NONE,Garment Lower body,165.83,1
Adult,ACTIVE,Regularly,Garment Upper body,657.34,0
Adult,ACTIVE,Regularly,Socks & Tights,67.53,0
Young Adult,ACTIVE,NONE,Garment Upper body,68.26,1
Young Adult,ACTIVE,Regularly,Garment Upper body,156.74,3
Young Adult,ACTIVE,Regularly,Garment Full body,552.77,3
Young Adult,ACTIVE,Regularly,Shoes,657.34,3
Adult,ACTIVE,Regularly,Swimwear,152.24,0
Young Adult,ACTIVE,Regularly,Nightwear,186.75,3
Young Adult,ACTIVE,NONE,Swimwear,186.75,1
Young Adult,ACTIVE,NONE,Garment Full body,218.12,1
Young Adult,ACTIVE,Regularly,Garment Upper body,134.46,3
Young Adult,ACTIVE,NONE,Garment Upper body,186.75,1
Young Adult,ACTIVE,Regularly,Accessories,161.02,3
Young Adult,ACTIVE,Regularly,Garment Upper body,218.12,3
Young Adult,ACTIVE,Regularly,Garment Full body,657.34,3
Adult,ACTIVE,NONE,Garment Lower body,103.09,4
Young Adult,ACTIVE,Regularly,Underwear,113.55,3
Young Adult,ACTIVE,NONE,Garment Upper body,159.04,1
Young Adult,ACTIVE,NONE,Shoes,186.75,1
Young Adult,ACTIVE,NONE,Socks & Tights,97.23,1
Young Adult,ACTIVE,NONE,Garment Full body,218.12,1
Young Adult,PRE-CREATE,NONE,Accessories,113.55,2
Young Adult,ACTIVE,NONE,Underwear,96.81,1
Adult,ACTIVE,NONE,Accessories,82.17,4
Young Adult,ACTIVE,NONE,Garment Lower body,165.83,1
Young Adult,ACTIVE,NONE,Garment Upper body,343.61,1
Young Adult,ACTIVE,NONE,Garment Upper body,207.77,1
Adult,ACTIVE,NONE,Swimwear,134.46,4
Young Adult,ACTIVE,NONE,Garment Lower body,552.77,1
Adult,ACTIVE,NONE,Garment Upper body,228.58,4
Young Adult,ACTIVE,Regularly,Garment Lower body,165.83,3
Young Adult,ACTIVE,Regularly,Garment Lower body,239.04,3
Young Adult,ACTIVE,NONE,Garment Full body,336.29,1
Young Adult,ACTIVE,NONE,Swimwear,134.46,1
Young Adult,ACTIVE,NONE,Garment Upper body,134.46,1
Young Adult,ACTIVE,Regularly,Garment Lower body,197.21,3
Young Adult,ACTIVE,Regularly,Garment Full body,500.48,3
Young Adult,ACTIVE,Regularly,Garment Lower body,395.9,3
Adult,ACTIVE,Regularly,Garment Lower body,239.04,0
Adult,ACTIVE,Regularly,Shoes,92.63,0
Young Adult,ACTIVE,NONE,Swimwear,186.75,1
Elderly,ACTIVE,NONE,Garment Full body,406.36,4
Adult,ACTIVE,Regularly,Garment Upper body,250.23,0
Adult,ACTIVE,Regularly,Garment Upper body,134.46,0
Young Adult,ACTIVE,NONE,Garment Lower body,343.61,1
Adult,ACTIVE,Regularly,Garment Upper body,127.46,0
Adult,ACTIVE,Regularly,Garment Upper body,657.34,0
Young Adult,ACTIVE,NONE,Garment Upper body,134.46,1
Adult,ACTIVE,NONE,Garment Upper body,312.24,4
Young Adult,ACTIVE,Regularly,Garment Lower body,239.04,3
Young Adult,ACTIVE,NONE,Swimwear,171.06,1
Adult,ACTIVE,Regularly,Garment Upper body,186.75,0
Young Adult,ACTIVE,NONE,Garment Upper body,134.46,1
Young Adult,ACTIVE,NONE,Garment Upper body,113.55,1
Elderly,ACTIVE,NONE,Garment Full body,103.09,4
Adult,ACTIVE,Regularly,Garment Full body,186.75,0
Young Adult,ACTIVE,Regularly,Garment Upper body,186.75,3
Young Adult,ACTIVE,NONE,Garment Upper body,92.63,1
Young Adult,ACTIVE,NONE,Accessories,165.83,1
Elderly,ACTIVE,Regularly,Shoes,239.04,0
Young Adult,ACTIVE,Regularly,Garment Lower body,343.61,3
Young Adult,ACTIVE,NONE,Garment Lower body,395.9,1
Young Adult,ACTIVE,Regularly,Underwear,186.75,3
Adult,ACTIVE,NONE,Nightwear,165.83,4
Adult,ACTIVE,NONE,Garment Lower body,226.28,4
Adult,ACTIVE,NONE,Garment Lower body,199.3,4
Young Adult,ACTIVE,NONE,Garment Upper body,186.75,1
Adult,ACTIVE,NONE,Garment Upper body,552.77,4
Adult,ACTIVE,NONE,Garment Upper body,657.34,4
Elderly,ACTIVE,NONE,Garment Upper body,134.46,4
Adult,ACTIVE,NONE,Garment Upper body,343.61,4
Young Adult,ACTIVE,NONE,Nightwear,218.12,1
Adult,ACTIVE,Regularly,Garment Lower body,239.04,0
Young Adult,ACTIVE,NONE,Socks & Tights,52.37,1
Adult,ACTIVE,Regularly,Garment Upper body,155.38,0
Adult,ACTIVE,NONE,Garment Upper body,277.42,4
Young Adult,ACTIVE,NONE,Swimwear,280.87,1
Young Adult,ACTIVE,Regularly,Garment Lower body,343.61,3
Young Adult,ACTIVE,Regularly,Garment Upper body,239.04,3
Elderly,ACTIVE,Regularly,Garment Upper body,82.17,0
Young Adult,ACTIVE,NONE,Garment Full body,500.48,1
Young Adult,ACTIVE,NONE,Garment Upper body,134.46,1
Adult,ACTIVE,NONE,Swimwear,343.61,4
Adult,ACTIVE,Regularly,Underwear,86.36,0
Young Adult,ACTIVE,Regularly,Garment Upper body,343.61,3
Young Adult,ACTIVE,NONE,Swimwear,291.33,1
Adult,ACTIVE,Regularly,Garment Lower body,239.04,0
Young Adult,ACTIVE,NONE,Socks & Tights,95.04,1
Young Adult,ACTIVE,Regularly,Underwear,218.12,3
Young Adult,ACTIVE,Regularly,Garment Upper body,118.15,3
Young Adult,ACTIVE,NONE,Garment Upper body,448.19,1
Young Adult,ACTIVE,NONE,Garment Lower body,341.52,1
Adult,ACTIVE,NONE,Shoes,239.04,4
Adult,ACTIVE,NONE,Garment Upper body,82.17,4
Young Adult,ACTIVE,NONE,Socks & Tights,50.8,1
Adult,ACTIVE,Regularly,Garment Upper body,66.07,0
Young Adult,ACTIVE,Regularly,Garment Upper body,103.09,3
Young Adult,ACTIVE,Regularly,Garment Upper body,134.46,3
Adult,ACTIVE,Regularly,Swimwear,82.17,0
Adult,ACTIVE,NONE,Garment Upper body,82.17,4
Adult,ACTIVE,NONE,Underwear,92,4
Adult,ACTIVE,Regularly,Garment Upper body,134.46,0
Adult,ACTIVE,NONE,Garment Lower body,318.52,4
Young Adult,ACTIVE,Regularly,Underwear,134.46,3
Adult,ACTIVE,Regularly,Garment Upper body,215.4,0
Adult,ACTIVE,Regularly,Underwear,338.6,0
Young Adult,ACTIVE,Regularly,Garment Lower body,291.33,3
Young Adult,ACTIVE,Regularly,Garment Upper body,174.2,3
Young Adult,ACTIVE,NONE,Garment Upper body,165.83,1
Young Adult,ACTIVE,Regularly,Garment Full body,207.67,3
Young Adult,ACTIVE,Regularly,Garment Upper body,118.78,3
Young Adult,ACTIVE,Regularly,Accessories,113.55,3
Young Adult,ACTIVE,NONE,Garment Lower body,152.24,1
Young Adult,ACTIVE,Regularly,Garment Upper body,184.76,3
Young Adult,PRE-CREATE,NONE,Underwear,113.55,2
Young Adult,ACTIVE,Regularly,Underwear,134.46,3
Adult,ACTIVE,Regularly,Swimwear,180.48,0
Young Adult,ACTIVE,NONE,Garment Upper body,343.61,1
Young Adult,ACTIVE,NONE,Garment Lower body,134.46,1
Young Adult,ACTIVE,Regularly,Garment Lower body,168.97,3
Young Adult,ACTIVE,NONE,Garment Full body,265.18,1
Adult,ACTIVE,Regularly,Garment Upper body,103.09,0
Adult,ACTIVE,Regularly,Socks & Tights,113.55,0
Young Adult,ACTIVE,NONE,Garment Lower body,239.04,1
Young Adult,ACTIVE,Regularly,Garment Upper body,364.53,3
Elderly,ACTIVE,NONE,Garment Upper body,134.46,4
Young Adult,ACTIVE,NONE,Garment Upper body,86.36,1
Young Adult,ACTIVE,Regularly,Swimwear,101.42,3
Adult,ACTIVE,NONE,Garment Lower body,343.61,4
Young Adult,ACTIVE,NONE,Garment Upper body,197.21,1
Young Adult,ACTIVE,Regularly,Garment Lower body,186.75,3
Young Adult,ACTIVE,Regularly,Garment Upper body,113.55,3
Young Adult,ACTIVE,Regularly,Garment Lower body,163.64,3
Young Adult,ACTIVE,Regularly,Garment Lower body,291.33,3
Adult,ACTIVE,NONE,Accessories,165.83,4
Young Adult,ACTIVE,NONE,Garment Upper body,239.04,1
Young Adult,ACTIVE,NONE,Shoes,134.46,1
Adult,ACTIVE,NONE,Garment Lower body,239.04,4
Young Adult,ACTIVE,NONE,Swimwear,186.75,1
Young Adult,ACTIVE,Regularly,Underwear,231.4,3
Young Adult,ACTIVE,Regularly,Garment Full body,259.95,3
Adult,ACTIVE,NONE,Garment Upper body,552.77,4
Young Adult,ACTIVE,NONE,Garment Upper body,255.77,1
Young Adult,ACTIVE,NONE,Garment Full body,291.33,1
Adult,ACTIVE,NONE,Garment Upper body,134.46,4
Adult,ACTIVE,Regularly,Accessories,80.6,0
Elderly,ACTIVE,NONE,Garment Upper body,239.04,4
Young Adult,ACTIVE,Regularly,Garment Full body,197.21,3
Elderly,ACTIVE,NONE,Garment Lower body,395.9,4
Adult,ACTIVE,NONE,Underwear,186.75,4
Young Adult,ACTIVE,Regularly,Garment Upper body,186.75,3
Young Adult,ACTIVE,NONE,Garment Lower body,161.55,1
Young Adult,ACTIVE,NONE,Garment Lower body,448.19,1
Adult,ACTIVE,NONE,Garment Lower body,104.55,4
Young Adult,ACTIVE,NONE,Garment Lower body,212.89,1
Young Adult,ACTIVE,NONE,Garment Upper body,163.22,1
Young Adult,ACTIVE,Regularly,Garment Full body,45.57,3
Young Adult,ACTIVE,NONE,Shoes,124,1
Adult,ACTIVE,NONE,Garment Upper body,239.04,4
Adult,ACTIVE,Regularly,Garment Lower body,239.04,0
Young Adult,ACTIVE,NONE,Underwear,130.07,1
Young Adult,ACTIVE,NONE,Shoes,124,1
Young Adult,ACTIVE,NONE,Accessories,72.76,1
Young Adult,ACTIVE,Regularly,Garment Full body,218.12,3
Adult,ACTIVE,NONE,Unknown,657.34,4
Young Adult,ACTIVE,NONE,Garment Upper body,151.51,1
Adult,ACTIVE,NONE,Garment Upper body,186.75,4
Adult,ACTIVE,Regularly,Garment Upper body,50.8,0
Adult,ACTIVE,NONE,Garment Upper body,230.67,4
Young Adult,ACTIVE,Regularly,Garment Lower body,239.04,3
Young Adult,ACTIVE,NONE,Garment Lower body,291.33,1
Adult,ACTIVE,Regularly,Garment Upper body,510.94,0
Adult,ACTIVE,NONE,Shoes,761.92,4
Adult,ACTIVE,NONE,Garment Lower body,239.04,4
Adult,ACTIVE,NONE,Underwear,113.65,4
Young Adult,ACTIVE,NONE,Underwear,61.26,1
Adult,ACTIVE,Regularly,Swimwear,82.17,0
Adult,ACTIVE,Regularly,Garment Upper body,448.19,0
Adult,ACTIVE,NONE,Garment Upper body,134.46,4
Young Adult,ACTIVE,Regularly,Garment Upper body,124,3
Young Adult,ACTIVE,Regularly,Garment Lower body,291.33,3
Adult,ACTIVE,Regularly,Swimwear,134.46,0
Adult,ACTIVE,NONE,Garment Upper body,314.33,4
Young Adult,ACTIVE,NONE,Garment Lower body,239.04,1
Young Adult,PRE-CREATE,NONE,Accessories,343.61,2
Young Adult,ACTIVE,Regularly,Garment Full body,203.9,3
Young Adult,ACTIVE,NONE,Garment Upper body,215.09,1
Adult,ACTIVE,NONE,Garment Lower body,291.33,4
Young Adult,ACTIVE,NONE,Accessories,113.55,1
Young Adult,ACTIVE,Regularly,Garment Lower body,239.04,3
Young Adult,ACTIVE,NONE,Garment Full body,239.04,1
Young Adult,ACTIVE,NONE,Shoes,322.7,1
Adult,ACTIVE,NONE,Garment Full body,239.04,4
Elderly,ACTIVE,NONE,Nightwear,186.75,4
Elderly,ACTIVE,Regularly,Garment Upper body,155.38,0
Elderly,ACTIVE,Regularly,Garment Upper body,197.21,0
Adult,ACTIVE,Regularly,Garment Full body,239.04,0
Elderly,ACTIVE,NONE,Garment Upper body,312.24,4
Adult,ACTIVE,NONE,Garment Full body,395.9,4
Elderly,ACTIVE,NONE,Garment Upper body,171.06,4
Adult,ACTIVE,Regularly,Garment Upper body,113.55,0
Young Adult,ACTIVE,NONE,Socks & Tights,99.64,1
Elderly,ACTIVE,NONE,Garment Upper body,186.75,4
Adult,ACTIVE,NONE,Garment Lower body,343.61,4
Adult,ACTIVE,NONE,Garment Upper body,343.61,4
Young Adult,ACTIVE,NONE,Garment Lower body,552.77,1
Young Adult,ACTIVE,NONE,Garment Upper body,71.72,1
Young Adult,ACTIVE,Regularly,Garment Upper body,186.75,3
Adult,ACTIVE,NONE,Garment Full body,218.12,4
Young Adult,ACTIVE,Regularly,Garment Lower body,500.48,3
Young Adult,ACTIVE,NONE,Swimwear,218.12,1
Young Adult,ACTIVE,NONE,Garment Lower body,186.75,1
Adult,ACTIVE,Regularly,Garment Upper body,218.12,0
Young Adult,ACTIVE,Regularly,Garment Upper body,71.72,3
Young Adult,ACTIVE,Regularly,Garment Full body,291.33,3
Young Adult,ACTIVE,Regularly,Garment Full body,343.61,3
Young Adult,ACTIVE,Regularly,Garment Upper body,197.21,3
Adult,ACTIVE,Regularly,Garment Upper body,186.75,0
Young Adult,ACTIVE,NONE,Underwear,186.75,1
Young Adult,ACTIVE,NONE,Garment Upper body,552.77,1
Young Adult,ACTIVE,Regularly,Garment Full body,239.04,3
Adult,ACTIVE,Regularly,Garment Upper body,134.46,0
Adult,ACTIVE,Regularly,Garment Lower body,325.73,0
Elderly,ACTIVE,Regularly,Garment Lower body,448.19,0
Young Adult,ACTIVE,Regularly,Garment Upper body,343.61,3
Adult,ACTIVE,NONE,Garment Lower body,291.33,4
Adult,ACTIVE,NONE,Garment Lower body,186.75,4
Young Adult,ACTIVE,Regularly,Garment Upper body,270.41,3
Young Adult,ACTIVE,NONE,Underwear,131.85,1
Young Adult,PRE-CREATE,NONE,Garment Upper body,82.17,2
Young Adult,ACTIVE,Regularly,Shoes,142.2,3
Young Adult,ACTIVE,NONE,Garment Upper body,82.17,1
Young Adult,ACTIVE,Regularly,Garment Lower body,239.04,3
Elderly,ACTIVE,Regularly,Garment Upper body,239.04,0
Elderly,ACTIVE,Regularly,Garment Upper body,343.61,0
Elderly,ACTIVE,NONE,Garment Upper body,136.66,4
Elderly,ACTIVE,NONE,Garment Lower body,134.46,4
Young Adult,ACTIVE,NONE,Underwear,186.75,1
Adult,ACTIVE,NONE,Garment Upper body,239.04,4
Young Adult,ACTIVE,Regularly,Garment Upper body,134.46,3
Adult,ACTIVE,NONE,Garment Lower body,343.61,4
Adult,ACTIVE,Regularly,Nightwear,343.61,0
Adult,ACTIVE,NONE,Garment Upper body,182.88,4
Adult,ACTIVE,Regularly,Garment Upper body,103.09,0
Young Adult,ACTIVE,Regularly,Garment Upper body,165.83,3
Adult,ACTIVE,Regularly,Garment Upper body,343.61,0
Young Adult,ACTIVE,Regularly,Socks & Tights,40.34,3
Young Adult,ACTIVE,NONE,Garment Full body,448.19,1
Young Adult,ACTIVE,Regularly,Garment Lower body,120.03,3
Adult,ACTIVE,NONE,Garment Upper body,239.04,4
Adult,ACTIVE,Regularly,Socks & Tights,57.81,0
Adult,ACTIVE,Regularly,Garment Lower body,448.19,0
Adult,ACTIVE,Regularly,Garment Upper body,186.75,0
Adult,ACTIVE,Regularly,Swimwear,92.63,0
Young Adult,ACTIVE,NONE,Garment Lower body,552.77,1
Adult,ACTIVE,Regularly,Underwear,113.55,0
Adult,ACTIVE,Regularly,Swimwear,269.89,0
Young Adult,ACTIVE,Regularly,Garment Full body,134.46,3
Young Adult,ACTIVE,Regularly,Garment Upper body,190.83,3
Adult,ACTIVE,Regularly,Garment Full body,343.61,0
Young Adult,ACTIVE,NONE,Garment Upper body,207.67,1
Adult,ACTIVE,NONE,Underwear,165.83,4
Adult,ACTIVE,NONE,Garment Upper body,103.09,4
Adult,ACTIVE,Regularly,Swimwear,218.12,0
Young Adult,ACTIVE,NONE,Shoes,142.83,1
Young Adult,ACTIVE,NONE,Garment Upper body,657.34,1
Young Adult,ACTIVE,Regularly,Garment Upper body,113.55,3
Adult,ACTIVE,NONE,Swimwear,165.83,4
Young Adult,ACTIVE,NONE,Garment Lower body,291.33,1
Young Adult,ACTIVE,NONE,Garment Upper body,218.12,1
Adult,ACTIVE,NONE,Garment Upper body,552.77,4
Young Adult,ACTIVE,NONE,Garment Upper body,48.71,1
Adult,ACTIVE,NONE,Garment Full body,82.17,4
Teenager,ACTIVE,NONE,Garment Full body,291.33,0
Young Adult,ACTIVE,Regularly,Garment Lower body,239.04,3
Adult,ACTIVE,Regularly,Garment Upper body,427.28,0
Adult,ACTIVE,NONE,Garment Upper body,71.72,4
Young Adult,ACTIVE,NONE,Swimwear,171.06,1
Adult,ACTIVE,NONE,Garment Lower body,312.24,4
Adult,ACTIVE,NONE,Garment Lower body,134.46,4
Young Adult,ACTIVE,Regularly,Socks & Tights,49.96,3
Young Adult,ACTIVE,Regularly,Socks & Tights,99.64,3
Young Adult,ACTIVE,NONE,Garment Upper body,231.93,1
Young Adult,ACTIVE,NONE,Underwear,57.08,1
Elderly,ACTIVE,NONE,Garment Upper body,113.86,4
Young Adult,ACTIVE,Regularly,Garment Upper body,343.61,3
Young Adult,ACTIVE,NONE,Garment Upper body,134.46,1
Young Adult,ACTIVE,NONE,Garment Upper body,103.09,1
Young Adult,ACTIVE,NONE,Nightwear,343.61,1
Elderly,ACTIVE,NONE,Garment Lower body,155.38,4
Young Adult,ACTIVE,Regularly,Garment Upper body,124,3
Young Adult,ACTIVE,NONE,Garment Upper body,313.39,1
Adult,ACTIVE,Regularly,Garment Full body,165.83,0
Teenager,ACTIVE,Regularly,Garment Lower body,134.46,0
Young Adult,ACTIVE,NONE,Garment Upper body,134.46,1
Young Adult,ACTIVE,NONE,Garment Upper body,134.46,1
Young Adult,ACTIVE,NONE,Socks & Tights,103.09,1
Adult,ACTIVE,NONE,Garment Lower body,239.04,4
Adult,ACTIVE,Regularly,Garment Upper body,448.19,0
Young Adult,ACTIVE,NONE,Garment Upper body,113.55,1
Young Adult,ACTIVE,NONE,Garment Lower body,161.65,1
Young Adult,ACTIVE,NONE,Swimwear,134.46,1
Elderly,ACTIVE,NONE,Garment Upper body,186.75,4
Adult,ACTIVE,NONE,Swimwear,134.46,4
Young Adult,ACTIVE,NONE,Garment Upper body,343.61,1
Young Adult,ACTIVE,NONE,Garment Upper body,186.75,1
Young Adult,ACTIVE,NONE,Unknown,182.36,1
Young Adult,ACTIVE,NONE,Garment Upper body,134.46,1
Young Adult,ACTIVE,Regularly,Garment Upper body,113.55,3
Elderly,ACTIVE,NONE,Garment Upper body,134.46,4
Young Adult,ACTIVE,Regularly,Swimwear,63.45,3
Young Adult,ACTIVE,NONE,Garment Lower body,343.61,1
Young Adult,ACTIVE,NONE,Garment Upper body,291.33,1
Young Adult,ACTIVE,NONE,Garment Upper body,134.46,1
Young Adult,ACTIVE,Regularly,Garment Upper body,239.04,3
Young Adult,ACTIVE,NONE,Garment Upper body,118.78,1
Young Adult,ACTIVE,NONE,Garment Upper body,322.7,1
Young Adult,ACTIVE,NONE,Garment Lower body,239.04,1
Young Adult,ACTIVE,NONE,Garment Upper body,92.63,1
Adult,ACTIVE,NONE,Garment Lower body,184.87,4
Young Adult,ACTIVE,Regularly,Garment Full body,343.61,3
Adult,ACTIVE,NONE,Garment Upper body,239.04,4
Adult,ACTIVE,NONE,Garment Upper body,448.19,4
Young Adult,ACTIVE,NONE,Garment Upper body,239.04,1
Young Adult,ACTIVE,NONE,Garment Upper body,50.8,1
Adult,ACTIVE,NONE,Socks & Tights,113.55,4
Young Adult,ACTIVE,Regularly,Accessories,61.26,3
Adult,ACTIVE,NONE,Garment Full body,343.61,4
Young Adult,ACTIVE,NONE,Shoes,395.9,1
Young Adult,ACTIVE,Regularly,Garment Full body,103.09,3
Young Adult,ACTIVE,NONE,Garment Full body,448.19,1
Elderly,ACTIVE,Regularly,Underwear,145.44,0
Adult,ACTIVE,NONE,Garment Lower body,239.04,4
Young Adult,ACTIVE,NONE,Garment Upper body,61.26,1
Adult,ACTIVE,NONE,Underwear,92.63,4
Adult,ACTIVE,Regularly,Garment Full body,138.64,0
Young Adult,ACTIVE,Regularly,Garment Lower body,186.75,3
Young Adult,ACTIVE,Regularly,Garment Full body,343.61,3
Adult,ACTIVE,NONE,Swimwear,181.63,4
Young Adult,ACTIVE,Regularly,Garment Lower body,239.04,3
Adult,ACTIVE,NONE,Garment Full body,448.19,4
Young Adult,ACTIVE,NONE,Socks & Tights,134.46,1
Young Adult,ACTIVE,NONE,Underwear,186.75,1
Adult,ACTIVE,NONE,Garment Lower body,234.33,4
Adult,ACTIVE,NONE,Garment Upper body,239.04,4
Adult,ACTIVE,NONE,Garment Lower body,134.46,4
Young Adult,ACTIVE,Regularly,Garment Lower body,239.04,3
Young Adult,ACTIVE,NONE,Socks & Tights,95.77,1
Elderly,ACTIVE,NONE,Socks & Tights,107.17,4
Adult,ACTIVE,NONE,Garment Upper body,448.19,4
Young Adult,ACTIVE,NONE,Garment Full body,82.17,1
Adult,ACTIVE,Regularly,Garment Full body,186.75,0
Young Adult,ACTIVE,NONE,Garment Upper body,239.04,1
Adult,ACTIVE,Regularly,Swimwear,76.94,0
Young Adult,ACTIVE,NONE,Accessories,343.61,1
Adult,ACTIVE,Regularly,Garment Upper body,180.48,0
Elderly,ACTIVE,NONE,Garment Upper body,239.04,4
Young Adult,ACTIVE,Regularly,Garment Upper body,155.38,3
Young Adult,ACTIVE,Regularly,Garment Upper body,186.75,3
Adult,ACTIVE,NONE,Garment Upper body,165.83,4
Young Adult,ACTIVE,NONE,Garment Upper body,343.61,1
Young Adult,ACTIVE,NONE,Garment Lower body,329.81,1
Young Adult,ACTIVE,NONE,Garment Upper body,152.24,1
Young Adult,ACTIVE,NONE,Garment Upper body,82.17,1
Young Adult,ACTIVE,NONE,Garment Full body,165.83,1
Elderly,ACTIVE,NONE,Garment Upper body,71.72,4
Adult,ACTIVE,Regularly,Garment Upper body,336.4,0
Young Adult,ACTIVE,Regularly,Swimwear,96.81,3
Young Adult,ACTIVE,NONE,Accessories,57.08,1
Adult,ACTIVE,NONE,Garment Upper body,165.83,4
Adult,ACTIVE,Regularly,Swimwear,134.46,0
Young Adult,ACTIVE,NONE,Garment Upper body,119.51,1
Adult,ACTIVE,Regularly,Garment Lower body,239.04,0
Adult,ACTIVE,Regularly,Garment Upper body,265.18,0
Elderly,ACTIVE,Regularly,Garment Full body,395.9,0
Young Adult,ACTIVE,NONE,Garment Lower body,285.16,1
Adult,ACTIVE,NONE,Swimwear,239.04,4
Young Adult,ACTIVE,Regularly,Garment Upper body,176.29,3
Young Adult,ACTIVE,NONE,Garment Upper body,239.04,1
Elderly,ACTIVE,Regularly,Garment Full body,239.04,0
Adult,ACTIVE,NONE,Garment Full body,239.04,4
Young Adult,ACTIVE,NONE,Swimwear,186.75,1
Adult,ACTIVE,NONE,Garment Full body,218.12,4
Young Adult,ACTIVE,NONE,Socks & Tights,61.26,1
Adult,ACTIVE,Regularly,Garment Lower body,291.33,0
Adult,ACTIVE,NONE,Garment Lower body,239.04,4
Adult,ACTIVE,Regularly,Underwear,296.56,0
Adult,ACTIVE,Regularly,Garment Lower body,186.75,0
Young Adult,ACTIVE,Regularly,Accessories,113.55,3
Adult,ACTIVE,NONE,Swimwear,157.89,4
Adult,ACTIVE,NONE,Garment Upper body,239.04,4
Young Adult,ACTIVE,NONE,Garment Upper body,395.9,1
Adult,ACTIVE,Regularly,Garment Upper body,239.04,0
Adult,ACTIVE,Regularly,Garment Upper body,165.83,0
Adult,ACTIVE,NONE,Garment Upper body,343.61,4
Adult,ACTIVE,Regularly,Underwear,150.57,0
Young Adult,PRE-CREATE,NONE,Garment Upper body,239.04,2
Adult,ACTIVE,NONE,Accessories,134.46,4
Young Adult,ACTIVE,NONE,Socks & Tights,51.85,1
Young Adult,ACTIVE,NONE,Garment Upper body,134.46,1
Adult,ACTIVE,NONE,Garment Lower body,239.04,4
Young Adult,ACTIVE,Regularly,Garment Upper body,82.17,3
Elderly,ACTIVE,Regularly,Garment Lower body,291.33,0
Young Adult,ACTIVE,Regularly,Garment Upper body,71.72,3
Young Adult,ACTIVE,Regularly,Garment Upper body,103.09,3
Adult,ACTIVE,Regularly,Garment Lower body,291.33,0
Elderly,ACTIVE,NONE,Garment Full body,239.04,4
Young Adult,ACTIVE,NONE,Swimwear,165.83,1
Adult,ACTIVE,NONE,Garment Full body,343.61,4
Young Adult,ACTIVE,NONE,Garment Upper body,157.15,1
Young Adult,ACTIVE,Regularly,Garment Lower body,239.04,3
Young Adult,ACTIVE,NONE,Garment Upper body,134.46,1
Young Adult,ACTIVE,Regularly,Garment Upper body,127.66,3
Young Adult,ACTIVE,NONE,Garment Upper body,218.12,1
Young Adult,ACTIVE,Regularly,Garment Upper body,218.02,3
Young Adult,ACTIVE,NONE,Garment Lower body,291.33,1
Young Adult,ACTIVE,NONE,Nightwear,144.92,1
Elderly,ACTIVE,NONE,Garment Full body,239.04,4
Young Adult,ACTIVE,Regularly,Garment Upper body,130.38,3
Elderly,ACTIVE,NONE,Garment Full body,78.2,4
Young Adult,ACTIVE,Regularly,Garment Lower body,552.77,3
Young Adult,ACTIVE,NONE,Swimwear,124,1
Elderly,ACTIVE,Regularly,Garment Full body,395.9,0
Young Adult,ACTIVE,Regularly,Garment Upper body,239.04,3
Young Adult,ACTIVE,Regularly,Garment Upper body,186.75,3
Elderly,ACTIVE,Regularly,Garment Full body,186.75,0
Young Adult,PRE-CREATE,NONE,Underwear,291.33,2
Adult,ACTIVE,NONE,Shoes,406.36,4
Adult,ACTIVE,NONE,Garment Upper body,85.21,4
Adult,PRE-CREATE,NONE,Underwear,218.12,2
Adult,ACTIVE,Regularly,Garment Lower body,448.19,0
Adult,ACTIVE,Regularly,Underwear,165.83,0
Adult,ACTIVE,NONE,Garment Upper body,71.72,4
Young Adult,ACTIVE,Regularly,Garment Lower body,239.04,3
Young Adult,ACTIVE,NONE,Garment Lower body,171.06,1
Adult,ACTIVE,NONE,Swimwear,134.46,4
Young Adult,ACTIVE,NONE,Garment Full body,215.09,1
Adult,ACTIVE,Regularly,Garment Upper body,120.03,0
Young Adult,ACTIVE,NONE,Garment Upper body,186.75,1
Adult,ACTIVE,NONE,Garment Full body,265.18,4
Adult,ACTIVE,NONE,Garment Upper body,197.21,4
Adult,ACTIVE,Regularly,Swimwear,218.12,0
Young Adult,ACTIVE,NONE,Swimwear,134.46,1
Young Adult,ACTIVE,Regularly,Garment Upper body,134.46,3
Adult,ACTIVE,NONE,Garment Full body,165.83,4
Young Adult,ACTIVE,NONE,Garment Upper body,448.19,1
Young Adult,ACTIVE,NONE,Garment Upper body,111.56,1
Adult,ACTIVE,Regularly,Garment Upper body,99.53,0
Young Adult,ACTIVE,NONE,Garment Full body,87.4,1
Young Adult,ACTIVE,Regularly,Swimwear,186.75,3
Young Adult,ACTIVE,Regularly,Swimwear,134.46,3
Young Adult,ACTIVE,Regularly,Garment Lower body,186.75,3
Young Adult,ACTIVE,Regularly,Garment Upper body,80.92,3
Adult,ACTIVE,NONE,Swimwear,128.19,4
Adult,ACTIVE,Regularly,Garment Full body,239.04,0
Adult,ACTIVE,Regularly,Garment Lower body,186.75,0
Adult,ACTIVE,NONE,Accessories,134.46,4
Young Adult,ACTIVE,NONE,Garment Lower body,239.04,1
Young Adult,ACTIVE,Regularly,Garment Upper body,60.63,3
Young Adult,ACTIVE,NONE,Garment Full body,354.07,1
Young Adult,ACTIVE,Regularly,Accessories,92.63,3
Young Adult,ACTIVE,Regularly,Garment Upper body,114.59,3
Adult,ACTIVE,NONE,Garment Upper body,218.12,4
Adult,ACTIVE,NONE,Garment Upper body,126.1,4
Adult,ACTIVE,NONE,Shoes,113.65,4
Adult,ACTIVE,Regularly,Garment Lower body,239.04,0
Young Adult,ACTIVE,NONE,Garment Lower body,239.04,1
Young Adult,ACTIVE,NONE,Accessories,176.19,1
Young Adult,ACTIVE,Regularly,Garment Lower body,161.97,3
Elderly,ACTIVE,NONE,Garment Full body,239.04,4
Young Adult,ACTIVE,Regularly,Garment Upper body,197.21,3
Young Adult,ACTIVE,NONE,Underwear,134.46,1
Young Adult,ACTIVE,Regularly,Garment Upper body,107.69,3
Young Adult,ACTIVE,NONE,Garment Lower body,343.61,1
Young Adult,ACTIVE,Regularly,Garment Full body,312.24,3
Young Adult,ACTIVE,NONE,Garment Upper body,144.92,1
Adult,ACTIVE,Regularly,Garment Lower body,186.75,0
Young Adult,ACTIVE,Regularly,Garment Upper body,82.17,3
Adult,ACTIVE,Regularly,Garment Lower body,239.04,0
Young Adult,ACTIVE,Regularly,Garment Upper body,113.55,3
Young Adult,ACTIVE,NONE,Accessories,54.67,1
Young Adult,ACTIVE,NONE,Garment Lower body,277,1
Young Adult,ACTIVE,Regularly,Garment Upper body,186.75,3
Elderly,ACTIVE,Regularly,Garment Full body,124,0
Young Adult,ACTIVE,Regularly,Garment Lower body,239.04,3
Young Adult,ACTIVE,NONE,Garment Upper body,239.04,1
Young Adult,ACTIVE,NONE,Underwear,343.61,1
Adult,ACTIVE,NONE,Garment Upper body,89.18,4
Young Adult,ACTIVE,Regularly,Garment Upper body,124,3
Young Adult,ACTIVE,NONE,Garment Lower body,239.04,1
Elderly,ACTIVE,Regularly,Garment Full body,197.21,0
Elderly,ACTIVE,Regularly,Garment Upper body,124,0
Young Adult,ACTIVE,NONE,Garment Upper body,74.33,1
Young Adult,ACTIVE,NONE,Garment Lower body,230.04,1
Elderly,ACTIVE,NONE,Underwear,163.22,4
Young Adult,ACTIVE,NONE,Garment Full body,312.24,1
Adult,ACTIVE,NONE,Garment Upper body,113.55,4
Young Adult,ACTIVE,Regularly,Garment Lower body,330.86,3
Adult,ACTIVE,Regularly,Underwear,113.55,0
Young Adult,ACTIVE,NONE,Garment Upper body,186.75,1
Young Adult,ACTIVE,NONE,Garment Lower body,186.75,1
Adult,ACTIVE,NONE,Socks & Tights,82.17,4
Adult,ACTIVE,NONE,Underwear,218.12,4
Elderly,ACTIVE,NONE,Garment Lower body,186.75,4
Adult,ACTIVE,NONE,Garment Upper body,239.04,4
Young Adult,ACTIVE,Regularly,Garment Lower body,103.09,3
Young Adult,ACTIVE,NONE,Garment Lower body,239.04,1
Young Adult,ACTIVE,Regularly,Garment Upper body,239.04,3
Adult,ACTIVE,NONE,Garment Upper body,103.09,4
Young Adult,ACTIVE,NONE,Underwear,165.83,1
Adult,ACTIVE,Regularly,Garment Full body,239.04,0
Young Adult,ACTIVE,Regularly,Garment Upper body,239.04,3
Young Adult,ACTIVE,Regularly,Garment Full body,343.61,3
Adult,ACTIVE,Regularly,Swimwear,61.26,0
Elderly,ACTIVE,Regularly,Garment Upper body,155.38,0
Young Adult,ACTIVE,Regularly,Socks & Tights,89.18,3
Young Adult,ACTIVE,NONE,Underwear,332.74,1
Young Adult,ACTIVE,NONE,Garment Full body,761.92,1
Young Adult,ACTIVE,Regularly,Garment Upper body,124,3
Elderly,ACTIVE,NONE,Garment Upper body,255.25,4
Adult,ACTIVE,NONE,Shoes,259.64,4
Teenager,ACTIVE,NONE,Garment Lower body,197.21,0
Young Adult,ACTIVE,NONE,Accessories,113.55,1
Young Adult,ACTIVE,Regularly,Garment Upper body,186.75,3
Teenager,ACTIVE,Regularly,Accessories,61.26,0
Young Adult,ACTIVE,NONE,Garment Lower body,197.21,1
Elderly,ACTIVE,NONE,Underwear,92.63,4
Young Adult,ACTIVE,NONE,Garment Upper body,218.12,1
Adult,ACTIVE,NONE,Garment Lower body,186.75,4
Young Adult,ACTIVE,NONE,Garment Upper body,82.17,1
Teenager,ACTIVE,NONE,Garment Upper body,82.17,0
Elderly,PRE-CREATE,NONE,Garment Upper body,103.09,2
Elderly,ACTIVE,NONE,Underwear,126.62,4
Young Adult,ACTIVE,NONE,Garment Upper body,211.64,1
Young Adult,ACTIVE,NONE,Garment Upper body,186.75,1
Young Adult,ACTIVE,Regularly,Garment Upper body,207.67,3
Young Adult,ACTIVE,Regularly,Garment Full body,145.44,3
Adult,ACTIVE,Regularly,Accessories,101,0
Young Adult,ACTIVE,NONE,Underwear,92.63,1
Adult,ACTIVE,NONE,Garment Upper body,239.04,4
Young Adult,ACTIVE,NONE,Accessories,101,1
Young Adult,ACTIVE,NONE,Swimwear,134.46,1
Young Adult,ACTIVE,NONE,Garment Upper body,354.07,1
Adult,ACTIVE,NONE,Garment Lower body,239.04,4
Young Adult,ACTIVE,NONE,Underwear,50.8,1
Young Adult,ACTIVE,NONE,Swimwear,186.75,1
Young Adult,ACTIVE,Regularly,Garment Upper body,71.72,3
Adult,ACTIVE,NONE,Garment Upper body,239.04,4
Adult,ACTIVE,Regularly,Swimwear,186.75,0
Young Adult,ACTIVE,NONE,Garment Upper body,113.55,1
Adult,ACTIVE,NONE,Swimwear,168.87,4
Adult,ACTIVE,Regularly,Accessories,165.83,0
Adult,ACTIVE,NONE,Underwear,186.75,4
Young Adult,ACTIVE,Regularly,Accessories,50.8,3
Adult,ACTIVE,Regularly,Garment Upper body,161.13,0
Young Adult,ACTIVE,NONE,Garment Upper body,186.75,1
Adult,ACTIVE,NONE,Garment Lower body,234.12,4
Young Adult,ACTIVE,NONE,Garment Lower body,239.04,1
Young Adult,ACTIVE,NONE,Swimwear,134.46,1
Young Adult,ACTIVE,NONE,Socks & Tights,134.46,1
Young Adult,ACTIVE,Regularly,Garment Full body,343.61,3
Young Adult,ACTIVE,Regularly,Garment Lower body,343.61,3
Elderly,ACTIVE,NONE,Garment Upper body,186.75,4
Young Adult,ACTIVE,Regularly,Garment Upper body,134.46,3
Young Adult,ACTIVE,NONE,Garment Upper body,113.55,1
Young Adult,ACTIVE,NONE,Swimwear,92.63,1
Young Adult,ACTIVE,NONE,Garment Upper body,239.04,1
Young Adult,ACTIVE,NONE,Garment Upper body,343.61,1
Young Adult,ACTIVE,NONE,Garment Upper body,76.94,1
Adult,ACTIVE,Regularly,Garment Upper body,218.12,0
Young Adult,ACTIVE,Regularly,Garment Lower body,343.61,3
Adult,ACTIVE,Regularly,Garment Upper body,103.51,0
Adult,ACTIVE,NONE,Underwear,57.08,4
Young Adult,ACTIVE,NONE,Garment Upper body,134.46,1
Young Adult,ACTIVE,NONE,Garment Full body,337.34,1
Adult,ACTIVE,Regularly,Garment Upper body,239.04,0
Adult,ACTIVE,NONE,Garment Lower body,134.46,4
Adult,ACTIVE,Regularly,Garment Upper body,239.04,0
Young Adult,ACTIVE,NONE,Garment Upper body,124,1
Young Adult,ACTIVE,NONE,Garment Full body,552.77,1
Adult,ACTIVE,Regularly,Underwear,134.46,0
Teenager,ACTIVE,NONE,Garment Upper body,448.19,0
Adult,ACTIVE,Regularly,Garment Upper body,82.17,0
Adult,ACTIVE,NONE,Unknown,186.75,4
Adult,ACTIVE,NONE,Unknown,134.46,4
Young Adult,ACTIVE,NONE,Garment Upper body,134.46,1
Adult,ACTIVE,NONE,Garment Upper body,134.46,4
Young Adult,ACTIVE,Regularly,Garment Upper body,186.75,3
Young Adult,ACTIVE,NONE,Garment Lower body,218.12,1
Young Adult,ACTIVE,NONE,Garment Upper body,134.46,1
Adult,ACTIVE,Regularly,Garment Upper body,291.33,0
Young Adult,ACTIVE,Regularly,Garment Upper body,61.26,3
Adult,ACTIVE,Regularly,Accessories,61.26,0
Young Adult,ACTIVE,Regularly,Garment Upper body,165.83,3
Young Adult,ACTIVE,Regularly,Garment Lower body,234.65,3
Young Adult,ACTIVE,Regularly,Garment Upper body,153.18,3
Young Adult,ACTIVE,NONE,Garment Lower body,552.77,1
Elderly,ACTIVE,Regularly,Shoes,239.04,0
Young Adult,ACTIVE,NONE,Garment Upper body,134.46,1
Adult,ACTIVE,NONE,Garment Lower body,239.04,4
Young Adult,ACTIVE,Regularly,Garment Lower body,134.46,3
Adult,ACTIVE,Regularly,Garment Upper body,186.75,0
Adult,ACTIVE,NONE,Garment Full body,165.83,4
Elderly,ACTIVE,NONE,Garment Upper body,197.21,4
Young Adult,ACTIVE,Regularly,Nightwear,134.46,3
Elderly,ACTIVE,Regularly,Garment Lower body,239.04,0
Adult,ACTIVE,NONE,Garment Full body,239.04,4
Adult,ACTIVE,Regularly,Garment Lower body,239.04,0
Elderly,ACTIVE,NONE,Swimwear,180.68,4
Young Adult,ACTIVE,NONE,Garment Upper body,131.01,1
Adult,ACTIVE,NONE,Garment Upper body,82.17,4
Young Adult,ACTIVE,NONE,Garment Upper body,73.81,1
Adult,ACTIVE,Regularly,Garment Full body,343.61,0
Young Adult,ACTIVE,NONE,Garment Upper body,113.55,1
Adult,ACTIVE,NONE,Garment Full body,71.72,4
Elderly,ACTIVE,Regularly,Garment Lower body,180.16,0
Adult,ACTIVE,NONE,Garment Lower body,186.75,4
Young Adult,ACTIVE,NONE,Shoes,285.26,1
Young Adult,ACTIVE,Regularly,Underwear,186.75,3
Young Adult,ACTIVE,NONE,Swimwear,134.46,1
Adult,ACTIVE,NONE,Garment Upper body,134.46,4
Adult,ACTIVE,Regularly,Accessories,76.21,0
Adult,ACTIVE,NONE,Garment Upper body,239.04,4
Adult,ACTIVE,NONE,Garment Full body,186.75,4
Young Adult,ACTIVE,Regularly,Socks & Tights,113.55,3
Young Adult,ACTIVE,Regularly,Garment Full body,152.24,3
Young Adult,ACTIVE,NONE,Garment Upper body,155.38,1
Adult,ACTIVE,NONE,Garment Lower body,239.04,4
Young Adult,ACTIVE,NONE,Garment Upper body,82.17,1
Young Adult,ACTIVE,NONE,Garment Lower body,291.33,1
Young Adult,ACTIVE,Regularly,Swimwear,218.12,3
Young Adult,ACTIVE,NONE,Swimwear,186.75,1
Young Adult,ACTIVE,Regularly,Swimwear,212.69,3
Adult,ACTIVE,NONE,Garment Lower body,208.71,4
Young Adult,ACTIVE,NONE,Garment Lower body,186.75,1
Adult,ACTIVE,Regularly,Garment Lower body,197.21,0
Adult,ACTIVE,NONE,Garment Full body,222.31,4
Teenager,ACTIVE,Regularly,Swimwear,92.63,0
Adult,ACTIVE,Regularly,Garment Lower body,134.46,0
Young Adult,ACTIVE,NONE,Garment Upper body,218.12,1
Young Adult,ACTIVE,NONE,Garment Lower body,134.46,1
Adult,ACTIVE,Regularly,Garment Upper body,291.33,0
Teenager,ACTIVE,Regularly,Garment Upper body,76.94,0
Young Adult,ACTIVE,NONE,Underwear,218.12,1
Young Adult,ACTIVE,NONE,Garment Upper body,197.31,1
Adult,ACTIVE,Regularly,Garment Lower body,531.85,0
Young Adult,ACTIVE,NONE,Garment Full body,239.04,1
Young Adult,ACTIVE,NONE,Garment Upper body,45.57,1
Young Adult,ACTIVE,NONE,Swimwear,130.59,1
Elderly,ACTIVE,NONE,Socks & Tights,47.66,4
Young Adult,ACTIVE,Regularly,Garment Upper body,82.17,3
Young Adult,ACTIVE,NONE,Garment Upper body,268.11,1
Adult,ACTIVE,NONE,Garment Lower body,186.75,4
Adult,ACTIVE,Regularly,Garment Lower body,134.46,0
Adult,ACTIVE,Regularly,Garment Full body,171.06,0
Adult,ACTIVE,Regularly,Garment Upper body,134.46,0
Adult,ACTIVE,NONE,Garment Upper body,71.72,4
Elderly,ACTIVE,Regularly,Garment Upper body,448.19,0
Young Adult,ACTIVE,NONE,Garment Upper body,448.19,1
Young Adult,ACTIVE,NONE,Socks & Tights,165.83,1
Young Adult,ACTIVE,Regularly,Accessories,58.12,3
Adult,ACTIVE,Regularly,Underwear,134.46,0
Young Adult,ACTIVE,NONE,Garment Upper body,186.75,1
Young Adult,ACTIVE,NONE,Garment Upper body,197.21,1
Young Adult,ACTIVE,NONE,Garment Lower body,218.12,1
Young Adult,ACTIVE,NONE,Garment Lower body,236.53,1
Young Adult,ACTIVE,NONE,Garment Lower body,63.35,1
Young Adult,ACTIVE,NONE,Garment Lower body,239.04,1
Young Adult,ACTIVE,NONE,Garment Full body,218.12,1
Elderly,ACTIVE,NONE,Garment Lower body,239.04,4
Adult,ACTIVE,Regularly,Garment Upper body,657.34,0
Young Adult,ACTIVE,Regularly,Garment Lower body,229.94,3
Adult,ACTIVE,NONE,Garment Upper body,124,4
Young Adult,ACTIVE,Regularly,Underwear,113.55,3
Young Adult,ACTIVE,NONE,Garment Upper body,162.91,1
Elderly,ACTIVE,Regularly,Garment Upper body,291.33,0
Adult,ACTIVE,Regularly,Garment Lower body,165.83,0
Young Adult,ACTIVE,NONE,Garment Upper body,77.78,1
Young Adult,ACTIVE,NONE,Garment Lower body,204.21,1
Adult,ACTIVE,NONE,Garment Upper body,448.19,4
Young Adult,ACTIVE,Regularly,Underwear,155.38,3
Adult,ACTIVE,Regularly,Underwear,165.83,0
Adult,ACTIVE,Regularly,Unknown,186.75,0
Adult,ACTIVE,NONE,Garment Lower body,197.21,4
Young Adult,ACTIVE,Regularly,Underwear,218.12,3
Adult,ACTIVE,NONE,Garment Lower body,156.95,4
Young Adult,ACTIVE,Regularly,Garment Upper body,134.46,3
Adult,ACTIVE,Regularly,Underwear,134.46,0
Adult,ACTIVE,NONE,Garment Upper body,186.75,4
Adult,ACTIVE,NONE,Garment Upper body,134.46,4
Young Adult,ACTIVE,NONE,Garment Full body,239.04,1
Adult,ACTIVE,NONE,Garment Upper body,186.75,4
Adult,ACTIVE,Regularly,Garment Upper body,218.12,0
Adult,ACTIVE,NONE,Garment Upper body,67.53,4
Young Adult,ACTIVE,NONE,Garment Full body,291.33,1
Elderly,ACTIVE,NONE,Garment Lower body,291.33,4
Adult,ACTIVE,Regularly,Shoes,761.92,0
Adult,ACTIVE,Regularly,Garment Upper body,207.67,0
Young Adult,ACTIVE,Regularly,Garment Full body,761.92,3
Young Adult,ACTIVE,NONE,Garment Upper body,134.46,1
Young Adult,ACTIVE,NONE,Garment Lower body,165.83,1
Young Adult,ACTIVE,NONE,Underwear,82.17,1
Young Adult,ACTIVE,Regularly,Garment Lower body,130.28,3
Adult,ACTIVE,NONE,Garment Upper body,448.19,4
Young Adult,ACTIVE,Regularly,Garment Full body,163.22,3
Young Adult,ACTIVE,NONE,Garment Lower body,385.45,1
Young Adult,ACTIVE,Regularly,Shoes,113.55,3
Young Adult,ACTIVE,NONE,Garment Full body,155.38,1
Young Adult,ACTIVE,Regularly,Swimwear,189.89,3
Young Adult,ACTIVE,NONE,Garment Upper body,118.78,1
Adult,ACTIVE,Regularly,Accessories,291.33,0
Young Adult,ACTIVE,NONE,Garment Full body,186.75,1
Adult,ACTIVE,Regularly,Garment Lower body,186.75,0
Young Adult,ACTIVE,NONE,Garment Lower body,99.64,1
Adult,ACTIVE,NONE,Garment Upper body,186.75,4
Adult,ACTIVE,Regularly,Garment Full body,186.75,0
Adult,ACTIVE,NONE,Shoes,265.18,4
Adult,ACTIVE,NONE,Garment Upper body,239.04,4
Elderly,ACTIVE,Regularly,Accessories,134.46,0
Young Adult,ACTIVE,NONE,Garment Lower body,291.33,1
Adult,ACTIVE,NONE,Garment Full body,54.98,4
Young Adult,ACTIVE,NONE,Garment Upper body,448.19,1
Young Adult,ACTIVE,Regularly,Garment Upper body,239.04,3
Adult,ACTIVE,NONE,Swimwear,124,4
Young Adult,ACTIVE,NONE,Underwear,113.55,1
Young Adult,ACTIVE,NONE,Garment Upper body,122.96,1
Adult,ACTIVE,NONE,Garment Lower body,222.62,4
Young Adult,ACTIVE,NONE,Swimwear,134.46,1
Young Adult,ACTIVE,NONE,Garment Lower body,171.06,1
Adult,ACTIVE,NONE,Garment Upper body,239.04,4
Young Adult,PRE-CREATE,NONE,Garment Upper body,134.46,2
Young Adult,ACTIVE,NONE,Garment Full body,239.04,1
Adult,ACTIVE,Regularly,Garment Upper body,82.17,0
Young Adult,ACTIVE,NONE,Swimwear,134.46,1
Young Adult,ACTIVE,NONE,Shoes,71.72,1
Elderly,ACTIVE,Regularly,Garment Upper body,124,0
Adult,ACTIVE,Regularly,Garment Full body,134.46,0
Young Adult,ACTIVE,Regularly,Garment Lower body,124.21,3
Young Adult,ACTIVE,NONE,Garment Lower body,118.78,1
Adult,ACTIVE,Regularly,Garment Upper body,215.3,0
Elderly,ACTIVE,NONE,Underwear,134.46,4
Adult,ACTIVE,Regularly,Garment Upper body,134.46,0
Adult,LEFT CLUB,NONE,Garment Upper body,186.75,4
Young Adult,ACTIVE,Regularly,Underwear,291.33,3
Young Adult,ACTIVE,Regularly,Garment Upper body,105.18,3
Young Adult,ACTIVE,Regularly,Garment Upper body,218.12,3
Adult,ACTIVE,NONE,Garment Full body,291.33,4
Young Adult,ACTIVE,Regularly,Garment Upper body,67.53,3
Adult,ACTIVE,Regularly,Garment Upper body,71.72,0
Elderly,ACTIVE,Regularly,Accessories,82.17,0
Adult,ACTIVE,NONE,Garment Upper body,218.12,4
Young Adult,ACTIVE,Regularly,Garment Lower body,395.9,3
Young Adult,ACTIVE,NONE,Swimwear,218.12,1
Adult,ACTIVE,Regularly,Accessories,54.98,0
Adult,ACTIVE,Regularly,Garment Upper body,186.75,0
Young Adult,ACTIVE,NONE,Accessories,218.12,1
Young Adult,ACTIVE,NONE,Garment Upper body,218.12,1
Adult,ACTIVE,NONE,Garment Upper body,179.33,4
Young Adult,ACTIVE,Regularly,Shoes,291.33,3
Young Adult,ACTIVE,NONE,Garment Upper body,239.04,1
Elderly,ACTIVE,Regularly,Underwear,80.08,0
Young Adult,ACTIVE,Regularly,Garment Lower body,239.04,3
Young Adult,ACTIVE,NONE,Garment Upper body,182.57,1
Adult,ACTIVE,Regularly,Garment Upper body,134.46,0
Young Adult,ACTIVE,NONE,Garment Lower body,291.33,1
Young Adult,ACTIVE,NONE,Garment Full body,186.75,1
Adult,ACTIVE,NONE,Shoes,144.92,4
Young Adult,ACTIVE,Regularly,Swimwear,291.33,3
Adult,ACTIVE,NONE,Shoes,82.17,4
Young Adult,ACTIVE,Regularly,Garment Upper body,239.04,3
Young Adult,ACTIVE,NONE,Garment Upper body,68.37,1
Adult,ACTIVE,NONE,Garment Lower body,239.04,4
Adult,ACTIVE,Regularly,Garment Upper body,127.46,0
Adult,ACTIVE,Regularly,Garment Lower body,291.33,0
Teenager,ACTIVE,NONE,Garment Lower body,291.33,0
Young Adult,ACTIVE,NONE,Garment Upper body,291.33,1
Young Adult,ACTIVE,NONE,Swimwear,165.83,1
Elderly,ACTIVE,NONE,Garment Full body,239.04,4
Elderly,ACTIVE,NONE,Accessories,291.33,4
Young Adult,ACTIVE,NONE,Garment Lower body,155.38,1
Young Adult,ACTIVE,Regularly,Accessories,124,3
Adult,ACTIVE,NONE,Garment Lower body,186.75,4
Adult,ACTIVE,NONE,Garment Upper body,82.17,4
Adult,ACTIVE,Regularly,Garment Lower body,120.66,0
Young Adult,ACTIVE,Regularly,Garment Lower body,230.67,3
Adult,ACTIVE,Regularly,Garment Lower body,239.04,0
Adult,ACTIVE,NONE,Garment Upper body,92.63,4
Young Adult,ACTIVE,Regularly,Garment Lower body,291.33,3
Young Adult,ACTIVE,Regularly,Garment Upper body,395.9,3
Young Adult,ACTIVE,Regularly,Garment Lower body,239.04,3
Young Adult,ACTIVE,NONE,Garment Upper body,165.83,1
Young Adult,ACTIVE,Regularly,Garment Upper body,176.71,3
Elderly,ACTIVE,NONE,Garment Full body,186.75,4
Young Adult,ACTIVE,Regularly,Garment Upper body,134.46,3
Elderly,ACTIVE,Regularly,Garment Lower body,113.55,0
Young Adult,ACTIVE,Regularly,Garment Upper body,134.46,3
Young Adult,ACTIVE,Regularly,Garment Lower body,395.9,3
Young Adult,ACTIVE,NONE,Garment Upper body,186.75,1
Young Adult,ACTIVE,NONE,Garment Upper body,186.75,1
Adult,ACTIVE,NONE,Garment Upper body,343.61,4
Young Adult,ACTIVE,NONE,Garment Upper body,165.83,1
Young Adult,ACTIVE,Regularly,Garment Upper body,113.55,3
Young Adult,ACTIVE,Regularly,Garment Upper body,364.53,3
Adult,ACTIVE,NONE,Garment Upper body,92.63,4
Young Adult,ACTIVE,Regularly,Garment Upper body,134.46,3
Adult,ACTIVE,Regularly,Garment Lower body,134.46,0
Young Adult,ACTIVE,NONE,Garment Upper body,134.46,1
Young Adult,ACTIVE,NONE,Garment Upper body,134.46,1
Elderly,ACTIVE,NONE,Swimwear,218.12,4
Adult,ACTIVE,NONE,Garment Full body,233.81,4
Elderly,ACTIVE,NONE,Garment Lower body,281.29,4
Young Adult,ACTIVE,NONE,Shoes,186.75,1
Young Adult,ACTIVE,NONE,Garment Upper body,343.61,1
Young Adult,ACTIVE,NONE,Garment Lower body,385.86,1
Adult,ACTIVE,Regularly,Socks & Tights,90.54,0
Adult,ACTIVE,Regularly,Garment Upper body,239.04,0
Elderly,ACTIVE,NONE,Garment Upper body,134.46,4
Young Adult,ACTIVE,Regularly,Swimwear,113.55,3
Young Adult,ACTIVE,Regularly,Swimwear,186.75,3
Elderly,ACTIVE,NONE,Garment Upper body,333.16,4
Young Adult,ACTIVE,Regularly,Garment Upper body,186.75,3
Young Adult,ACTIVE,NONE,Garment Upper body,343.61,1
Young Adult,ACTIVE,NONE,Garment Lower body,186.75,1
Elderly,ACTIVE,Regularly,Swimwear,109.89,0
Elderly,ACTIVE,NONE,Garment Lower body,343.61,4
Young Adult,ACTIVE,NONE,Garment Upper body,134.46,1
Young Adult,ACTIVE,Regularly,Garment Upper body,657.34,3
Adult,ACTIVE,Regularly,Garment Lower body,343.61,0
Elderly,ACTIVE,Regularly,Garment Upper body,343.61,0
Young Adult,ACTIVE,NONE,Garment Lower body,84.68,1
Young Adult,ACTIVE,Regularly,Garment Upper body,239.04,3
Young Adult,ACTIVE,NONE,Garment Upper body,448.19,1
Elderly,ACTIVE,NONE,Garment Upper body,291.33,4
Adult,ACTIVE,NONE,Socks & Tights,92.63,4
Young Adult,ACTIVE,NONE,Garment Upper body,312.24,1
Adult,ACTIVE,NONE,Garment Lower body,280.87,4
Elderly,ACTIVE,Regularly,Garment Upper body,86.36,0
Young Adult,ACTIVE,NONE,Socks & Tights,113.55,1
Adult,ACTIVE,Regularly,Garment Full body,239.04,0
Adult,ACTIVE,Regularly,Garment Upper body,239.04,0
Adult,ACTIVE,NONE,Garment Upper body,134.46,4
Adult,ACTIVE,NONE,Garment Lower body,197.21,4
Young Adult,ACTIVE,NONE,Garment Lower body,386.91,1
Adult,ACTIVE,Regularly,Garment Upper body,186.75,0
Young Adult,ACTIVE,NONE,Garment Upper body,343.61,1
Adult,PRE-CREATE,NONE,Swimwear,103.09,2
Young Adult,ACTIVE,NONE,Accessories,40.34,1
Young Adult,ACTIVE,NONE,Garment Upper body,144.92,1
Adult,ACTIVE,Regularly,Garment Full body,343.61,0
Young Adult,ACTIVE,Regularly,Garment Upper body,280.87,3
Young Adult,ACTIVE,NONE,Underwear,165.83,1
Young Adult,ACTIVE,Regularly,Garment Lower body,239.04,3
Young Adult,ACTIVE,Regularly,Garment Lower body,239.04,3
Elderly,ACTIVE,Regularly,Garment Lower body,239.04,0
Young Adult,ACTIVE,Regularly,Garment Lower body,134.46,3
Young Adult,ACTIVE,NONE,Garment Upper body,186.75,1
Young Adult,ACTIVE,NONE,Garment Upper body,171.06,1
Young Adult,ACTIVE,NONE,Swimwear,239.04,1
Adult,ACTIVE,Regularly,Garment Upper body,249.5,0
Adult,ACTIVE,NONE,Garment Upper body,134.46,4
Adult,ACTIVE,NONE,Underwear,113.55,4
Young Adult,ACTIVE,Regularly,Swimwear,118.78,3
Young Adult,ACTIVE,Regularly,Nightwear,239.04,3
Young Adult,ACTIVE,NONE,Garment Lower body,101.31,1
Young Adult,ACTIVE,NONE,Garment Lower body,124,1
Young Adult,ACTIVE,NONE,Underwear,158.93,1
Young Adult,ACTIVE,NONE,Garment Upper body,61.26,1
Elderly,ACTIVE,Regularly,Garment Upper body,122.23,0
Elderly,ACTIVE,NONE,Garment Upper body,82.17,4
Young Adult,ACTIVE,Regularly,Garment Full body,239.04,3
Teenager,ACTIVE,NONE,Garment Upper body,134.46,0
Elderly,ACTIVE,Regularly,Garment Upper body,134.46,0
Young Adult,ACTIVE,NONE,Underwear,218.12,1
Young Adult,ACTIVE,NONE,Garment Upper body,343.61,1
Adult,ACTIVE,NONE,Garment Full body,239.04,4
Young Adult,ACTIVE,Regularly,Garment Upper body,197.21,3
Young Adult,ACTIVE,NONE,Nightwear,239.04,1
Young Adult,ACTIVE,Regularly,Garment Full body,291.33,3
Young Adult,ACTIVE,Regularly,Garment Lower body,197.21,3
Teenager,ACTIVE,Regularly,Garment Lower body,186.75,0
Elderly,ACTIVE,NONE,Garment Upper body,82.17,4
Adult,ACTIVE,NONE,Garment Lower body,239.04,4
Adult,ACTIVE,Regularly,Garment Upper body,448.19,0
Young Adult,ACTIVE,NONE,Garment Upper body,163.22,1
Young Adult,ACTIVE,NONE,Garment Lower body,134.46,1
Young Adult,ACTIVE,NONE,Garment Lower body,291.33,1
Adult,ACTIVE,NONE,Garment Upper body,249.5,4
Young Adult,ACTIVE,NONE,Swimwear,186.75,1
Young Adult,ACTIVE,NONE,Garment Upper body,134.46,1
Elderly,ACTIVE,Regularly,Garment Upper body,142.83,0
Adult,ACTIVE,NONE,Garment Upper body,186.75,4
Young Adult,ACTIVE,NONE,Garment Lower body,186.75,1
Young Adult,ACTIVE,Regularly,Garment Upper body,2633.94,3
Young Adult,ACTIVE,NONE,Garment Upper body,103.09,1
Young Adult,ACTIVE,NONE,Garment Upper body,231.3,1
Elderly,ACTIVE,Regularly,Garment Upper body,134.46,0
Young Adult,ACTIVE,Regularly,Shoes,343.61,3
Elderly,ACTIVE,Regularly,Garment Lower body,103.09,0
Adult,ACTIVE,Regularly,Underwear,165.83,0
Young Adult,ACTIVE,Regularly,Underwear,96.81,3
Elderly,ACTIVE,Regularly,Swimwear,186.75,0
Adult,ACTIVE,NONE,Shoes,578.91,4
Adult,ACTIVE,Regularly,Underwear,279.72,0
Elderly,ACTIVE,NONE,Garment Lower body,186.75,4
Young Adult,ACTIVE,Regularly,Underwear,199.3,3
Young Adult,ACTIVE,NONE,Garment Lower body,239.04,1
Adult,ACTIVE,Regularly,Garment Upper body,134.46,0
Young Adult,ACTIVE,Regularly,Nightwear,239.04,3
Young Adult,ACTIVE,Regularly,Garment Upper body,113.55,3
Elderly,PRE-CREATE,NONE,Garment Full body,291.33,2
Adult,ACTIVE,NONE,Garment Full body,186.75,4
Adult,ACTIVE,Regularly,Garment Upper body,134.46,0
Elderly,ACTIVE,Regularly,Garment Lower body,186.75,0
Young Adult,ACTIVE,Regularly,Garment Lower body,207.67,3
Young Adult,ACTIVE,NONE,Garment Full body,134.46,1
Adult,ACTIVE,Regularly,Garment Upper body,134.46,0
Adult,ACTIVE,NONE,Garment Upper body,448.19,4
Adult,ACTIVE,Regularly,Garment Full body,239.04,0
Young Adult,ACTIVE,NONE,Garment Upper body,82.17,1
Elderly,ACTIVE,NONE,Garment Lower body,132.37,4
Adult,ACTIVE,Regularly,Garment Upper body,61.26,0
Young Adult,ACTIVE,Regularly,Underwear,71.72,3
Young Adult,ACTIVE,NONE,Garment Upper body,89.49,1
Elderly,ACTIVE,NONE,Underwear,92.63,4
Young Adult,ACTIVE,Regularly,Garment Upper body,134.46,3
Young Adult,ACTIVE,Regularly,Accessories,120.55,3
Young Adult,ACTIVE,NONE,Underwear,118.78,1
Young Adult,ACTIVE,NONE,Garment Lower body,239.04,1
Young Adult,ACTIVE,Regularly,Garment Upper body,124,3
Young Adult,ACTIVE,Regularly,Garment Lower body,218.12,3
Elderly,ACTIVE,Regularly,Garment Full body,239.04,0
Young Adult,ACTIVE,Regularly,Garment Upper body,134.46,3
Young Adult,ACTIVE,NONE,Underwear,186.75,1
Adult,ACTIVE,NONE,Garment Upper body,657.34,4
Elderly,ACTIVE,Regularly,Underwear,121.81,0
Adult,ACTIVE,NONE,Garment Lower body,552.77,4
Adult,ACTIVE,Regularly,Socks & Tights,54.88,0
Adult,ACTIVE,NONE,Garment Lower body,186.75,4
Adult,ACTIVE,Regularly,Underwear,336.29,0
Young Adult,ACTIVE,NONE,Underwear,134.46,1
Elderly,ACTIVE,Regularly,Garment Upper body,76.94,0
Young Adult,ACTIVE,NONE,Swimwear,313.71,1
Young Adult,ACTIVE,Regularly,Garment Full body,186.75,3
Young Adult,ACTIVE,NONE,Swimwear,180.48,1
Adult,ACTIVE,Regularly,Swimwear,186.75,0
Young Adult,ACTIVE,NONE,Nightwear,134.46,1
Young Adult,ACTIVE,Regularly,Underwear,134.46,3
Young Adult,ACTIVE,NONE,Swimwear,193.97,1
Young Adult,ACTIVE,NONE,Garment Upper body,657.34,1
Adult,ACTIVE,Regularly,Garment Upper body,92.63,0
Young Adult,ACTIVE,Regularly,Garment Upper body,239.04,3
Young Adult,ACTIVE,NONE,Accessories,113.55,1
Young Adult,ACTIVE,NONE,Garment Lower body,113.55,1
Young Adult,ACTIVE,Regularly,Swimwear,175.14,3
Young Adult,PRE-CREATE,Regularly,Garment Upper body,134.46,2
Young Adult,ACTIVE,NONE,Garment Upper body,186.75,1
Young Adult,ACTIVE,NONE,Underwear,287.14,1
Young Adult,ACTIVE,NONE,Swimwear,82.17,1
Young Adult,ACTIVE,Regularly,Garment Lower body,395.9,3
Young Adult,ACTIVE,Regularly,Garment Lower body,341,3
Young Adult,ACTIVE,NONE,Swimwear,291.33,1
Adult,ACTIVE,NONE,Garment Upper body,186.75,4
Young Adult,ACTIVE,Regularly,Garment Upper body,92.63,3
Elderly,ACTIVE,NONE,Garment Upper body,57.08,4
Adult,ACTIVE,Regularly,Underwear,165.83,0
Young Adult,ACTIVE,Regularly,Garment Lower body,155.38,3
Adult,ACTIVE,Regularly,Garment Upper body,186.75,0
Adult,ACTIVE,Regularly,Garment Upper body,113.55,0
Adult,ACTIVE,Regularly,Swimwear,47.66,0
Adult,ACTIVE,NONE,Garment Upper body,124,4
Young Adult,ACTIVE,NONE,Swimwear,134.46,1
Young Adult,ACTIVE,NONE,Garment Upper body,124,1
Adult,ACTIVE,NONE,Swimwear,82.17,4
Adult,ACTIVE,NONE,Garment Upper body,165.83,4
Young Adult,ACTIVE,NONE,Underwear,134.46,1
Young Adult,ACTIVE,NONE,Garment Lower body,218.12,1
Young Adult,ACTIVE,NONE,Accessories,113.55,1
Young Adult,ACTIVE,NONE,Socks & Tights,97.65,1
Elderly,ACTIVE,NONE,Garment Upper body,239.04,4
Young Adult,ACTIVE,NONE,Garment Upper body,249.5,1
Young Adult,ACTIVE,Regularly,Garment Upper body,82.17,3
Young Adult,ACTIVE,NONE,Accessories,343.72,1
Young Adult,ACTIVE,NONE,Garment Lower body,395.9,1
Young Adult,ACTIVE,NONE,Garment Upper body,67.53,1
Young Adult,ACTIVE,Regularly,Garment Upper body,176.29,3
Young Adult,ACTIVE,NONE,Socks & Tights,113.55,1
Young Adult,ACTIVE,Regularly,Garment Upper body,97.86,3
Young Adult,ACTIVE,Regularly,Garment Upper body,239.04,3
Adult,PRE-CREATE,NONE,Garment Upper body,239.04,2
Young Adult,ACTIVE,NONE,Garment Lower body,186.75,1
Young Adult,ACTIVE,NONE,Garment Upper body,218.12,1
Adult,ACTIVE,NONE,Socks & Tights,113.55,4
Young Adult,ACTIVE,Regularly,Socks & Tights,48.08,3
Young Adult,ACTIVE,NONE,Socks & Tights,71.72,1
Young Adult,ACTIVE,Regularly,Garment Lower body,239.04,3
Young Adult,ACTIVE,Regularly,Garment Upper body,255.77,3
Young Adult,ACTIVE,Regularly,Garment Upper body,259.95,3
Young Adult,ACTIVE,Regularly,Garment Upper body,111.66,3
Young Adult,ACTIVE,NONE,Garment Upper body,395.9,1
Young Adult,PRE-CREATE,NONE,Garment Full body,186.75,2
Young Adult,ACTIVE,Regularly,Garment Full body,218.12,3
Young Adult,ACTIVE,NONE,Shoes,239.04,1
Adult,ACTIVE,Regularly,Garment Upper body,67.53,0
Elderly,ACTIVE,Regularly,Garment Lower body,291.33,0
Young Adult,ACTIVE,NONE,Swimwear,113.55,1
Young Adult,ACTIVE,Regularly,Underwear,88.45,3
Young Adult,ACTIVE,NONE,Garment Full body,186.75,1
Adult,ACTIVE,Regularly,Swimwear,43.48,0
Elderly,ACTIVE,Regularly,Garment Upper body,186.75,0
Adult,ACTIVE,NONE,Garment Upper body,239.04,4
Adult,ACTIVE,Regularly,Socks & Tights,134.46,0
Adult,ACTIVE,Regularly,Socks & Tights,113.55,0
Adult,ACTIVE,NONE,Swimwear,184.14,4
Adult,ACTIVE,NONE,Garment Upper body,186.75,4
Adult,ACTIVE,Regularly,Swimwear,186.75,0
Elderly,ACTIVE,NONE,Garment Upper body,395.9,4
Young Adult,ACTIVE,NONE,Swimwear,134.46,1
Adult,ACTIVE,NONE,Accessories,154.96,4
Adult,ACTIVE,Regularly,Swimwear,163.22,0
Young Adult,ACTIVE,NONE,Underwear,134.46,1
Adult,ACTIVE,NONE,Underwear,186.75,4
Adult,ACTIVE,Regularly,Accessories,113.55,0
Elderly,ACTIVE,NONE,Garment Upper body,82.17,4
Young Adult,ACTIVE,Regularly,Garment Lower body,186.75,3
Adult,ACTIVE,Regularly,Garment Upper body,186.75,0
Young Adult,ACTIVE,Regularly,Accessories,239.04,3
Adult,ACTIVE,NONE,Garment Upper body,67.53,4
Elderly,ACTIVE,NONE,Garment Lower body,239.04,4
Adult,ACTIVE,NONE,Garment Upper body,239.04,4
Elderly,ACTIVE,NONE,Garment Lower body,343.61,4
Adult,ACTIVE,Regularly,Garment Lower body,239.04,0
Adult,ACTIVE,NONE,Garment Lower body,134.46,4
Young Adult,ACTIVE,Regularly,Garment Upper body,280.87,3
Young Adult,ACTIVE,Regularly,Garment Full body,124,3
Adult,ACTIVE,NONE,Garment Upper body,71.72,4
Adult,ACTIVE,Regularly,Shoes,186.75,0
Young Adult,ACTIVE,Regularly,Garment Upper body,186.75,3
Young Adult,ACTIVE,NONE,Garment Lower body,113.55,1
Elderly,ACTIVE,NONE,Swimwear,228.58,4
Adult,ACTIVE,Regularly,Garment Full body,291.33,0
Adult,ACTIVE,NONE,Garment Upper body,134.46,4
Adult,ACTIVE,NONE,Garment Upper body,252.11,4
Young Adult,ACTIVE,Regularly,Garment Lower body,106.44,3
Adult,ACTIVE,Regularly,Garment Lower body,186.75,0
Young Adult,ACTIVE,NONE,Garment Upper body,395.9,1
Young Adult,ACTIVE,Regularly,Garment Full body,186.75,3
Young Adult,ACTIVE,Regularly,Garment Upper body,180.48,3
Adult,ACTIVE,Regularly,Garment Full body,259.33,0
Elderly,ACTIVE,NONE,Garment Upper body,134.46,4
Young Adult,ACTIVE,Regularly,Garment Lower body,124,3
Young Adult,ACTIVE,Regularly,Garment Upper body,657.34,3
Young Adult,ACTIVE,Regularly,Garment Upper body,186.75,3
Young Adult,ACTIVE,Regularly,Nightwear,165.83,3
Young Adult,ACTIVE,NONE,Garment Lower body,265.18,1
Young Adult,ACTIVE,Regularly,Garment Lower body,239.04,3
Young Adult,ACTIVE,Regularly,Garment Upper body,312.24,3
Elderly,ACTIVE,NONE,Garment Upper body,165.83,4
Young Adult,ACTIVE,Regularly,Garment Full body,197.21,3
Young Adult,ACTIVE,Regularly,Garment Upper body,103.09,3
Adult,ACTIVE,NONE,Garment Upper body,239.04,4
Young Adult,ACTIVE,Regularly,Garment Lower body,343.61,3
Young Adult,ACTIVE,Regularly,Garment Upper body,858.34,3
Young Adult,ACTIVE,Regularly,Garment Upper body,239.04,3
Young Adult,ACTIVE,NONE,Unknown,239.04,1
Young Adult,ACTIVE,NONE,Swimwear,239.04,1
Young Adult,ACTIVE,NONE,Garment Lower body,239.04,1
Young Adult,ACTIVE,NONE,Underwear,165.83,1
Young Adult,ACTIVE,NONE,Garment Lower body,239.04,1
Young Adult,ACTIVE,NONE,Underwear,134.46,1
Adult,ACTIVE,Regularly,Socks & Tights,134.46,0
Young Adult,ACTIVE,NONE,Underwear,218.12,1
Elderly,ACTIVE,NONE,Garment Upper body,657.34,4
Adult,ACTIVE,Regularly,Garment Lower body,239.04,0
Young Adult,ACTIVE,NONE,Garment Upper body,96.81,1
Young Adult,ACTIVE,Regularly,Garment Full body,448.19,3
Young Adult,ACTIVE,NONE,Garment Upper body,291.33,1
Young Adult,ACTIVE,NONE,Underwear,186.75,1
Young Adult,ACTIVE,NONE,Garment Full body,92.63,1
Adult,ACTIVE,NONE,Garment Upper body,134.46,4
Young Adult,ACTIVE,Regularly,Garment Upper body,134.46,3
Young Adult,ACTIVE,Regularly,Garment Upper body,343.61,3
Young Adult,ACTIVE,NONE,Garment Upper body,71.72,1
Adult,ACTIVE,Regularly,Accessories,50.8,0
Young Adult,ACTIVE,NONE,Garment Full body,134.46,1
Elderly,ACTIVE,NONE,Garment Lower body,239.04,4
Young Adult,ACTIVE,Regularly,Garment Full body,395.9,3
Young Adult,ACTIVE,Regularly,Garment Upper body,165.83,3
Young Adult,ACTIVE,NONE,Garment Upper body,239.04,1
Young Adult,ACTIVE,NONE,Socks & Tights,134.46,1
Young Adult,ACTIVE,NONE,Garment Upper body,239.04,1
Adult,ACTIVE,Regularly,Accessories,113.55,0
Young Adult,ACTIVE,Regularly,Garment Upper body,186.75,3
Adult,ACTIVE,Regularly,Garment Upper body,333.05,0
Adult,ACTIVE,NONE,Swimwear,82.17,4
Young Adult,ACTIVE,NONE,Garment Upper body,239.04,1
Young Adult,ACTIVE,NONE,Underwear,92.63,1
Adult,ACTIVE,Regularly,Garment Lower body,152.24,0
Young Adult,ACTIVE,Regularly,Garment Upper body,291.33,3
Elderly,ACTIVE,Regularly,Garment Lower body,395.9,0
Young Adult,ACTIVE,Regularly,Garment Lower body,239.04,3
Young Adult,ACTIVE,Regularly,Garment Upper body,197.21,3
Young Adult,ACTIVE,NONE,Underwear,134.46,1
Adult,ACTIVE,NONE,Garment Full body,184.87,4
Young Adult,ACTIVE,NONE,Garment Lower body,291.33,1
Adult,ACTIVE,Regularly,Garment Lower body,230.99,0
Young Adult,ACTIVE,Regularly,Garment Lower body,186.75,3
Young Adult,ACTIVE,NONE,Garment Lower body,246.36,1
Young Adult,ACTIVE,NONE,Garment Upper body,61.26,1
Young Adult,ACTIVE,NONE,Swimwear,52.06,1
Young Adult,ACTIVE,NONE,Garment Upper body,858.24,1
Adult,ACTIVE,NONE,Shoes,112.19,4
Adult,ACTIVE,NONE,Garment Full body,218.12,4
Young Adult,ACTIVE,NONE,Garment Full body,134.46,1
Adult,ACTIVE,Regularly,Garment Upper body,469.11,0
Adult,ACTIVE,Regularly,Garment Upper body,103.09,0
Young Adult,ACTIVE,NONE,Underwear,218.12,1
Young Adult,ACTIVE,NONE,Garment Lower body,343.61,1
Young Adult,ACTIVE,NONE,Garment Upper body,186.75,1
Young Adult,ACTIVE,NONE,Garment Full body,343.61,1
Adult,ACTIVE,NONE,Garment Full body,552.77,4
Young Adult,ACTIVE,NONE,Garment Upper body,239.04,1
Young Adult,ACTIVE,Regularly,Garment Full body,395.9,3
Young Adult,ACTIVE,NONE,Garment Upper body,54.98,1
Young Adult,ACTIVE,NONE,Garment Upper body,312.24,1
Young Adult,ACTIVE,Regularly,Garment Full body,291.33,3
Young Adult,ACTIVE,NONE,Garment Lower body,186.75,1
Adult,ACTIVE,Regularly,Garment Upper body,239.04,0
Young Adult,ACTIVE,NONE,Socks & Tights,99.64,1
Young Adult,ACTIVE,NONE,Nightwear,239.04,1
Young Adult,ACTIVE,Regularly,Garment Lower body,92.63,3
Adult,ACTIVE,Regularly,Swimwear,167.19,0
Adult,ACTIVE,Regularly,Garment Upper body,239.04,0
Young Adult,ACTIVE,Regularly,Swimwear,160.08,3
Adult,ACTIVE,NONE,Garment Lower body,186.75,4
Young Adult,ACTIVE,Regularly,Garment Upper body,92.63,3
Elderly,ACTIVE,Regularly,Garment Lower body,155.38,0
Young Adult,ACTIVE,NONE,Garment Lower body,312.24,1
Young Adult,ACTIVE,Regularly,Garment Upper body,165.83,3
Young Adult,ACTIVE,Regularly,Garment Full body,340.06,3
Adult,ACTIVE,NONE,Garment Upper body,127.77,4
Young Adult,ACTIVE,NONE,Swimwear,218.12,1
Adult,ACTIVE,NONE,Garment Lower body,552.77,4
Young Adult,ACTIVE,NONE,Garment Upper body,124.21,1
Adult,ACTIVE,NONE,Garment Upper body,134.46,4
Young Adult,ACTIVE,Regularly,Garment Lower body,239.04,3
Young Adult,ACTIVE,Regularly,Garment Full body,239.04,3
Young Adult,ACTIVE,NONE,Garment Upper body,343.61,1
Adult,ACTIVE,NONE,Garment Full body,343.61,4
Adult,ACTIVE,Regularly,Garment Upper body,239.04,0
Young Adult,ACTIVE,NONE,Garment Lower body,284.53,1
Young Adult,ACTIVE,NONE,Garment Upper body,134.46,1
Elderly,ACTIVE,Regularly,Garment Upper body,71.72,0
Young Adult,ACTIVE,Regularly,Garment Lower body,239.04,3
Young Adult,ACTIVE,NONE,Garment Upper body,239.04,1
Young Adult,ACTIVE,NONE,Garment Full body,239.04,1
Adult,ACTIVE,Regularly,Accessories,71.72,0
Elderly,ACTIVE,NONE,Garment Lower body,197.21,4
Teenager,ACTIVE,NONE,Swimwear,134.46,0
Adult,ACTIVE,NONE,Socks & Tights,134.46,4
Adult,ACTIVE,Regularly,Garment Full body,448.19,0
Elderly,ACTIVE,NONE,Garment Upper body,165.83,4
Young Adult,ACTIVE,Regularly,Underwear,186.75,3
Young Adult,ACTIVE,Regularly,Garment Upper body,134.46,3
Young Adult,PRE-CREATE,NONE,Shoes,92.63,2
Adult,ACTIVE,Regularly,Garment Upper body,207.67,0
Young Adult,ACTIVE,NONE,Garment Upper body,82.17,1
Young Adult,ACTIVE,NONE,Accessories,103.09,1
Adult,ACTIVE,NONE,Garment Lower body,291.33,4
Adult,ACTIVE,NONE,Garment Upper body,92.63,4
Adult,ACTIVE,Regularly,Garment Upper body,312.24,0
Adult,ACTIVE,Regularly,Garment Lower body,218.12,0
Young Adult,ACTIVE,Regularly,Garment Upper body,77.99,3
Young Adult,ACTIVE,Regularly,Garment Full body,312.24,3
Adult,ACTIVE,NONE,Garment Upper body,160.61,4
Elderly,ACTIVE,Regularly,Garment Upper body,134.46,0
Adult,ACTIVE,NONE,Shoes,448.19,4
Young Adult,ACTIVE,NONE,Garment Upper body,197.21,1
Young Adult,ACTIVE,NONE,Underwear,113.55,1
Young Adult,ACTIVE,Regularly,Garment Upper body,81.02,3
Adult,ACTIVE,NONE,Garment Full body,186.75,4
Adult,ACTIVE,NONE,Garment Lower body,186.75,4
Young Adult,ACTIVE,Regularly,Garment Lower body,395.9,3
Adult,ACTIVE,NONE,Garment Lower body,226.7,4
Young Adult,ACTIVE,NONE,Garment Full body,232.87,1
Young Adult,ACTIVE,Regularly,Garment Lower body,197.21,3
Elderly,ACTIVE,Regularly,Garment Lower body,171.06,0
Adult,ACTIVE,Regularly,Garment Upper body,67.53,0
Teenager,ACTIVE,Regularly,Socks & Tights,113.55,0
Young Adult,ACTIVE,NONE,Garment Upper body,103.09,1
Young Adult,ACTIVE,NONE,Socks & Tights,113.55,1
Young Adult,ACTIVE,Regularly,Garment Upper body,186.75,3
Young Adult,ACTIVE,Regularly,Garment Upper body,343.61,3
Adult,ACTIVE,NONE,Garment Lower body,124,4
Elderly,ACTIVE,NONE,Garment Upper body,134.46,4
Adult,ACTIVE,NONE,Garment Upper body,159.66,4
Adult,ACTIVE,NONE,Garment Upper body,186.75,4
Young Adult,ACTIVE,NONE,Garment Upper body,761.92,1
Adult,ACTIVE,Regularly,Garment Upper body,82.17,0
Young Adult,ACTIVE,Regularly,Garment Upper body,179.53,3
Teenager,ACTIVE,Regularly,Garment Lower body,291.33,0
Young Adult,ACTIVE,Regularly,Garment Lower body,280.24,3
Young Adult,ACTIVE,NONE,Garment Full body,61.26,1
Adult,ACTIVE,Regularly,Garment Upper body,331.07,0
Young Adult,ACTIVE,Regularly,Garment Upper body,121.91,3
Young Adult,ACTIVE,NONE,Underwear,112.4,1
Adult,ACTIVE,Regularly,Accessories,186.75,0
Elderly,ACTIVE,Regularly,Garment Upper body,134.46,0
Adult,ACTIVE,NONE,Garment Upper body,448.19,4
Young Adult,ACTIVE,Regularly,Garment Upper body,75.79,3
Young Adult,ACTIVE,NONE,Underwear,50.8,1
Adult,ACTIVE,Regularly,Garment Lower body,239.04,0
Young Adult,ACTIVE,NONE,Garment Lower body,134.46,1
Adult,ACTIVE,Regularly,Garment Upper body,65.02,0
Young Adult,ACTIVE,Regularly,Swimwear,291.33,3
Young Adult,ACTIVE,Regularly,Garment Upper body,124,3
Young Adult,ACTIVE,NONE,Garment Upper body,134.46,1
Young Adult,ACTIVE,Regularly,Garment Full body,395.9,3
Adult,ACTIVE,NONE,Garment Lower body,424.24,4
Young Adult,ACTIVE,NONE,Garment Lower body,239.04,1
Elderly,ACTIVE,NONE,Garment Upper body,113.55,4
Elderly,ACTIVE,NONE,Garment Upper body,239.04,4
Adult,ACTIVE,Regularly,Garment Upper body,239.04,0
Adult,ACTIVE,NONE,Swimwear,186.75,4
Adult,ACTIVE,Regularly,Nightwear,134.46,0
Adult,ACTIVE,NONE,Garment Full body,552.77,4
Adult,ACTIVE,Regularly,Garment Full body,364.53,0
Elderly,ACTIVE,NONE,Garment Lower body,291.33,4
Adult,ACTIVE,NONE,Garment Lower body,197.31,4
Young Adult,ACTIVE,NONE,Swimwear,334.31,1
Young Adult,ACTIVE,Regularly,Garment Lower body,134.46,3
Adult,ACTIVE,NONE,Garment Upper body,134.46,4
Young Adult,ACTIVE,NONE,Garment Lower body,71.72,1
Young Adult,ACTIVE,NONE,Garment Upper body,109.05,1
Young Adult,ACTIVE,NONE,Garment Upper body,155.38,1
Adult,ACTIVE,NONE,Garment Upper body,186.75,4
Young Adult,ACTIVE,Regularly,Shoes,155.38,3
Adult,ACTIVE,Regularly,Underwear,291.33,0
Young Adult,ACTIVE,Regularly,Garment Lower body,552.77,3
Young Adult,ACTIVE,NONE,Garment Lower body,92.63,1
Young Adult,ACTIVE,Regularly,Underwear,218.12,3
Adult,ACTIVE,Regularly,Shoes,179.22,0
Young Adult,ACTIVE,NONE,Underwear,88.97,1
Adult,ACTIVE,NONE,Garment Upper body,291.33,4
Young Adult,ACTIVE,Regularly,Garment Lower body,186.75,3
Young Adult,ACTIVE,Regularly,Underwear,113.55,3
Adult,ACTIVE,Regularly,Garment Upper body,92.11,0
Young Adult,ACTIVE,Regularly,Garment Upper body,134.46,3
Young Adult,ACTIVE,NONE,Garment Upper body,88.45,1
Elderly,ACTIVE,Regularly,Garment Lower body,291.33,0
Young Adult,ACTIVE,NONE,Garment Full body,291.33,1
Young Adult,ACTIVE,NONE,Garment Lower body,186.75,1
Adult,ACTIVE,NONE,Garment Upper body,343.61,4
Young Adult,ACTIVE,Regularly,Garment Upper body,186.75,3
Adult,ACTIVE,Regularly,Garment Upper body,134.46,0
Young Adult,ACTIVE,NONE,Garment Full body,239.04,1
Adult,ACTIVE,NONE,Garment Upper body,129.02,4
Young Adult,ACTIVE,NONE,Shoes,165.83,1
Young Adult,ACTIVE,Regularly,Garment Upper body,165.83,3
Adult,ACTIVE,Regularly,Accessories,343.61,0
Adult,ACTIVE,NONE,Swimwear,186.75,4
Adult,ACTIVE,NONE,Garment Lower body,186.75,4
Adult,ACTIVE,Regularly,Garment Upper body,134.46,0
Young Adult,ACTIVE,Regularly,Garment Upper body,218.12,3
Young Adult,ACTIVE,NONE,Garment Upper body,155.38,1
Adult,ACTIVE,Regularly,Swimwear,218.12,0
Young Adult,ACTIVE,NONE,Accessories,134.46,1
Young Adult,ACTIVE,NONE,Accessories,103.09,1
Adult,ACTIVE,Regularly,Swimwear,86.98,0
Young Adult,ACTIVE,Regularly,Accessories,82.17,3
Adult,ACTIVE,NONE,Garment Lower body,239.04,4
Young Adult,ACTIVE,Regularly,Garment Upper body,395.9,3
Adult,ACTIVE,Regularly,Garment Upper body,82.17,0
Young Adult,ACTIVE,NONE,Garment Upper body,131.64,1
Adult,ACTIVE,Regularly,Underwear,134.46,0
Elderly,ACTIVE,NONE,Garment Upper body,165.83,4
Young Adult,ACTIVE,NONE,Garment Full body,395.9,1
Young Adult,ACTIVE,NONE,Garment Upper body,164.37,1
Adult,ACTIVE,NONE,Garment Lower body,239.04,4
Elderly,ACTIVE,NONE,Garment Full body,291.33,4
Adult,ACTIVE,NONE,Garment Upper body,124,4
Elderly,ACTIVE,NONE,Garment Upper body,186.75,4
Young Adult,ACTIVE,Regularly,Shoes,490.96,3
Young Adult,ACTIVE,Regularly,Garment Upper body,280.87,3
Young Adult,ACTIVE,Regularly,Garment Upper body,322.7,3
Adult,ACTIVE,Regularly,Garment Upper body,291.33,0
Young Adult,ACTIVE,Regularly,Garment Upper body,280.87,3
Young Adult,ACTIVE,NONE,Accessories,71.72,1
Adult,ACTIVE,Regularly,Garment Full body,448.19,0
Young Adult,ACTIVE,Regularly,Garment Upper body,155.38,3
Adult,ACTIVE,NONE,Shoes,165.83,4
Young Adult,ACTIVE,Regularly,Garment Upper body,78.72,3
Adult,ACTIVE,NONE,Swimwear,113.55,4
Elderly,ACTIVE,Regularly,Garment Upper body,126.51,0
Young Adult,ACTIVE,NONE,Garment Upper body,252.11,1
Young Adult,ACTIVE,NONE,Underwear,186.75,1
Adult,ACTIVE,NONE,Garment Full body,176.29,4
Adult,ACTIVE,NONE,Garment Upper body,82.17,4
Adult,ACTIVE,Regularly,Garment Full body,239.04,0
Adult,ACTIVE,NONE,Garment Lower body,165.83,4
Young Adult,ACTIVE,NONE,Garment Upper body,82.17,1
Young Adult,ACTIVE,Regularly,Garment Upper body,119.51,3
Adult,ACTIVE,NONE,Garment Lower body,239.04,4
Teenager,ACTIVE,NONE,Garment Upper body,113.55,0
Young Adult,ACTIVE,NONE,Garment Lower body,280.87,1
Young Adult,ACTIVE,NONE,Garment Upper body,207.67,1
Young Adult,ACTIVE,NONE,Socks & Tights,113.55,1
Elderly,ACTIVE,Regularly,Garment Full body,186.75,0
Young Adult,ACTIVE,NONE,Underwear,186.75,1
Young Adult,ACTIVE,Regularly,Garment Full body,291.33,3
Adult,ACTIVE,Regularly,Garment Full body,343.61,0
Young Adult,ACTIVE,NONE,Underwear,82.17,1
Young Adult,ACTIVE,NONE,Garment Upper body,74.33,1
Adult,ACTIVE,NONE,Garment Upper body,249.5,4
Adult,ACTIVE,Regularly,Garment Upper body,186.75,0
Young Adult,ACTIVE,NONE,Garment Lower body,147.53,1
Young Adult,ACTIVE,NONE,Garment Upper body,134.46,1
Adult,ACTIVE,Regularly,Garment Upper body,96.81,0
Young Adult,ACTIVE,Regularly,Garment Upper body,134.46,3
Young Adult,ACTIVE,Regularly,Underwear,291.33,3
Adult,ACTIVE,Regularly,Swimwear,186.75,0
Young Adult,ACTIVE,Regularly,Garment Lower body,186.75,3
Adult,ACTIVE,NONE,Accessories,113.55,4
Adult,ACTIVE,NONE,Garment Full body,165.83,4
Young Adult,ACTIVE,NONE,Garment Upper body,186.75,1
Elderly,ACTIVE,Regularly,Garment Upper body,228.58,0
Young Adult,ACTIVE,NONE,Garment Full body,301.78,1
Elderly,ACTIVE,Regularly,Garment Lower body,207.67,0
Elderly,ACTIVE,Regularly,Garment Lower body,186.75,0
Adult,ACTIVE,Regularly,Garment Full body,186.75,0
Adult,ACTIVE,Regularly,Garment Lower body,291.33,0
Young Adult,ACTIVE,Regularly,Underwear,186.75,3
Young Adult,ACTIVE,NONE,Garment Lower body,239.04,1
Young Adult,ACTIVE,NONE,Garment Upper body,82.17,1
Young Adult,ACTIVE,NONE,Swimwear,185.39,1
Young Adult,ACTIVE,NONE,Shoes,197.21,1
Young Adult,ACTIVE,NONE,Garment Upper body,218.12,1
Young Adult,ACTIVE,Regularly,Accessories,82.17,3
Young Adult,ACTIVE,NONE,Garment Lower body,239.04,1
Young Adult,ACTIVE,NONE,Garment Upper body,197.21,1
Elderly,ACTIVE,Regularly,Garment Lower body,103.09,0
Adult,ACTIVE,Regularly,Garment Lower body,239.04,0
Young Adult,ACTIVE,Regularly,Garment Full body,239.04,3
Young Adult,ACTIVE,Regularly,Accessories,134.46,3
Young Adult,ACTIVE,NONE,Garment Full body,231.93,1
Young Adult,ACTIVE,NONE,Garment Upper body,134.46,1
Adult,ACTIVE,Regularly,Garment Lower body,134.46,0
Young Adult,ACTIVE,NONE,Garment Upper body,130.07,1
Young Adult,ACTIVE,NONE,Garment Lower body,239.04,1
Adult,ACTIVE,NONE,Garment Full body,183.72,4
Young Adult,ACTIVE,Regularly,Underwear,134.46,3
Young Adult,ACTIVE,NONE,Garment Upper body,186.75,1
Young Adult,ACTIVE,NONE,Socks & Tights,71.72,1
Young Adult,ACTIVE,NONE,Socks & Tights,113.55,1
Adult,PRE-CREATE,NONE,Garment Upper body,395.9,2
Young Adult,ACTIVE,Regularly,Garment Upper body,239.04,3
Young Adult,ACTIVE,NONE,Socks & Tights,130.07,1
Young Adult,ACTIVE,NONE,Garment Lower body,165.83,1
Young Adult,ACTIVE,Regularly,Garment Upper body,113.55,3
Adult,ACTIVE,Regularly,Garment Full body,239.04,0
Young Adult,ACTIVE,NONE,Garment Upper body,239.04,1
Young Adult,ACTIVE,Regularly,Swimwear,186.75,3
Adult,ACTIVE,Regularly,Garment Upper body,82.17,0
Young Adult,ACTIVE,Regularly,Swimwear,448.19,3
Young Adult,ACTIVE,NONE,Swimwear,171.06,1
Young Adult,ACTIVE,NONE,Garment Upper body,171.06,1
Adult,ACTIVE,NONE,Swimwear,291.33,4
Adult,ACTIVE,NONE,Garment Lower body,134.46,4
Adult,ACTIVE,Regularly,Garment Lower body,239.04,0
Young Adult,ACTIVE,NONE,Shoes,197.21,1
Young Adult,ACTIVE,NONE,Garment Full body,239.04,1
Adult,ACTIVE,Regularly,Garment Upper body,343.61,0
Adult,ACTIVE,Regularly,Garment Lower body,186.75,0
Young Adult,ACTIVE,NONE,Nightwear,239.04,1
Young Adult,ACTIVE,Regularly,Garment Lower body,239.04,3
Elderly,ACTIVE,Regularly,Garment Full body,92.63,0
Adult,ACTIVE,Regularly,Garment Lower body,212.37,0
Adult,ACTIVE,NONE,Underwear,82.17,4
Young Adult,ACTIVE,NONE,Garment Lower body,124,1
Young Adult,ACTIVE,NONE,Garment Lower body,134.46,1
Young Adult,ACTIVE,NONE,Garment Upper body,134.46,1
Young Adult,ACTIVE,Regularly,Garment Full body,301.78,3
Young Adult,ACTIVE,Regularly,Garment Lower body,474.34,3
Young Adult,ACTIVE,NONE,Garment Upper body,625.97,1
Adult,ACTIVE,Regularly,Garment Full body,448.19,0
Adult,ACTIVE,NONE,Garment Lower body,395.9,4
Adult,ACTIVE,Regularly,Garment Upper body,82.17,0
Young Adult,ACTIVE,Regularly,Garment Upper body,134.46,3
Elderly,ACTIVE,NONE,Garment Full body,176.29,4
Young Adult,ACTIVE,NONE,Garment Upper body,113.55,1
Young Adult,ACTIVE,Regularly,Accessories,165.83,3
Young Adult,ACTIVE,NONE,Garment Full body,214.36,1
Elderly,ACTIVE,Regularly,Garment Lower body,343.61,0
Young Adult,ACTIVE,NONE,Garment Full body,186.75,1
Young Adult,ACTIVE,Regularly,Garment Upper body,123.59,3
Young Adult,ACTIVE,Regularly,Garment Upper body,134.46,3
Young Adult,ACTIVE,NONE,Garment Upper body,265.18,1
Elderly,ACTIVE,NONE,Garment Upper body,124,4
Adult,ACTIVE,Regularly,Swimwear,165.83,0
Young Adult,ACTIVE,NONE,Swimwear,171.06,1
Young Adult,ACTIVE,Regularly,Garment Upper body,82.17,3
Young Adult,ACTIVE,NONE,Garment Full body,239.04,1
Young Adult,ACTIVE,NONE,Garment Full body,291.33,1
Young Adult,ACTIVE,Regularly,Underwear,103.09,3
Adult,ACTIVE,NONE,Garment Upper body,239.04,4
Young Adult,ACTIVE,Regularly,Garment Upper body,146.38,3
Young Adult,ACTIVE,Regularly,Garment Lower body,156.95,3
Adult,ACTIVE,Regularly,Garment Full body,538.86,0
Adult,PRE-CREATE,NONE,Garment Upper body,343.61,2
Elderly,ACTIVE,Regularly,Garment Lower body,222.31,0
Young Adult,ACTIVE,NONE,Swimwear,96.71,1
Adult,ACTIVE,NONE,Accessories,134.46,4
Adult,ACTIVE,Regularly,Garment Full body,960.72,0
Adult,ACTIVE,Regularly,Garment Full body,176.29,0
Adult,ACTIVE,Regularly,Garment Lower body,229.21,0
Young Adult,ACTIVE,NONE,Garment Upper body,197.21,1
Young Adult,ACTIVE,Regularly,Garment Lower body,239.04,3
Young Adult,ACTIVE,NONE,Underwear,134.46,1
Young Adult,ACTIVE,Regularly,Garment Upper body,186.75,3
Adult,ACTIVE,NONE,Garment Lower body,218.12,4
Young Adult,ACTIVE,NONE,Garment Lower body,291.33,1
Young Adult,ACTIVE,NONE,Garment Lower body,239.04,1
Young Adult,ACTIVE,NONE,Garment Lower body,199.3,1
Young Adult,ACTIVE,Regularly,Accessories,48.71,3
Young Adult,ACTIVE,Regularly,Garment Upper body,165.83,3
Young Adult,ACTIVE,Regularly,Garment Upper body,108.32,3
Young Adult,ACTIVE,Regularly,Garment Upper body,114.59,3
Elderly,ACTIVE,NONE,Garment Lower body,249.5,4
Elderly,ACTIVE,NONE,Garment Lower body,186.75,4
Adult,ACTIVE,Regularly,Garment Upper body,186.75,0
Elderly,ACTIVE,NONE,Garment Lower body,239.04,4
Elderly,ACTIVE,Regularly,Accessories,37.21,0
Young Adult,ACTIVE,NONE,Garment Upper body,71.72,1
Young Adult,ACTIVE,NONE,Garment Lower body,186.75,1
Young Adult,ACTIVE,NONE,Garment Upper body,239.04,1
Adult,ACTIVE,NONE,Garment Lower body,239.04,4
Young Adult,ACTIVE,NONE,Garment Full body,218.12,1
Elderly,ACTIVE,NONE,Garment Lower body,186.75,4
Adult,ACTIVE,NONE,Garment Upper body,359.3,4
Young Adult,ACTIVE,NONE,Garment Full body,343.61,1
Adult,ACTIVE,Regularly,Garment Lower body,197.21,0
Young Adult,ACTIVE,Regularly,Garment Lower body,218.12,3
Young Adult,ACTIVE,Regularly,Garment Lower body,134.46,3
Adult,ACTIVE,NONE,Swimwear,113.55,4
Elderly,ACTIVE,Regularly,Garment Upper body,82.17,0
Adult,ACTIVE,NONE,Garment Full body,280.87,4
Young Adult,ACTIVE,NONE,Garment Lower body,500.48,1
Young Adult,ACTIVE,NONE,Garment Upper body,113.55,1
Adult,ACTIVE,Regularly,Accessories,113.55,0
Young Adult,ACTIVE,Regularly,Swimwear,158.2,3
Adult,ACTIVE,Regularly,Garment Lower body,113.55,0
Young Adult,ACTIVE,Regularly,Garment Upper body,113.55,3
Young Adult,ACTIVE,NONE,Garment Upper body,155.38,1
Young Adult,ACTIVE,Regularly,Garment Lower body,134.46,3
Young Adult,ACTIVE,Regularly,Garment Full body,181.73,3
Young Adult,ACTIVE,Regularly,Garment Upper body,82.17,3
Young Adult,ACTIVE,NONE,Garment Upper body,165.83,1
Adult,ACTIVE,NONE,Underwear,218.12,4
Elderly,ACTIVE,Regularly,Garment Upper body,113.55,0
Adult,ACTIVE,Regularly,Garment Full body,165.83,0
Young Adult,ACTIVE,Regularly,Accessories,113.55,3
Young Adult,ACTIVE,Regularly,Garment Lower body,186.75,3
Adult,ACTIVE,NONE,Underwear,186.75,4
Young Adult,ACTIVE,Regularly,Garment Lower body,124,3
Young Adult,ACTIVE,NONE,Garment Lower body,239.04,1
Young Adult,ACTIVE,NONE,Garment Full body,186.75,1
Adult,ACTIVE,NONE,Socks & Tights,113.55,4
Elderly,ACTIVE,NONE,Garment Lower body,218.12,4
Young Adult,ACTIVE,NONE,Garment Upper body,186.75,1
Young Adult,ACTIVE,Regularly,Garment Lower body,249.5,3
Young Adult,ACTIVE,Regularly,Accessories,113.55,3
Young Adult,ACTIVE,Regularly,Underwear,50.8,3
Adult,ACTIVE,Regularly,Garment Lower body,239.04,0
Young Adult,ACTIVE,Regularly,Garment Upper body,184.66,3
Young Adult,ACTIVE,NONE,Underwear,173.99,1
Young Adult,ACTIVE,NONE,Garment Lower body,291.33,1
Adult,ACTIVE,Regularly,Garment Upper body,82.17,0
Adult,ACTIVE,Regularly,Garment Lower body,239.04,0
Young Adult,ACTIVE,NONE,Garment Upper body,186.75,1
Adult,ACTIVE,NONE,Swimwear,218.12,4
Adult,ACTIVE,NONE,Garment Lower body,207.67,4
Elderly,ACTIVE,Regularly,Socks & Tights,71.72,0
Adult,ACTIVE,NONE,Garment Upper body,165.83,4
Young Adult,ACTIVE,NONE,Garment Lower body,124,1
Young Adult,ACTIVE,Regularly,Garment Upper body,165.83,3
Young Adult,ACTIVE,NONE,Garment Lower body,186.75,1
Young Adult,ACTIVE,Regularly,Garment Upper body,113.55,3
Young Adult,ACTIVE,Regularly,Garment Upper body,53.1,3
Adult,ACTIVE,Regularly,Garment Upper body,291.33,0
Young Adult,ACTIVE,NONE,Garment Upper body,155.38,1
Adult,ACTIVE,Regularly,Garment Lower body,239.04,0
Young Adult,ACTIVE,Regularly,Garment Lower body,657.34,3
Young Adult,ACTIVE,Regularly,Swimwear,186.75,3
Young Adult,ACTIVE,NONE,Garment Lower body,235.38,1
Adult,ACTIVE,Regularly,Underwear,252.11,0
Adult,ACTIVE,NONE,Garment Lower body,318.31,4
Adult,ACTIVE,Regularly,Garment Upper body,218.12,0
Young Adult,ACTIVE,NONE,Swimwear,143.98,1
Adult,ACTIVE,NONE,Accessories,103.09,4
Young Adult,ACTIVE,Regularly,Shoes,186.75,3
Young Adult,ACTIVE,NONE,Garment Upper body,82.17,1
Adult,ACTIVE,NONE,Garment Upper body,164.89,4
Young Adult,ACTIVE,Regularly,Garment Upper body,186.75,3
Young Adult,ACTIVE,NONE,Garment Lower body,134.46,1
Adult,PRE-CREATE,NONE,Garment Upper body,239.04,2
Young Adult,ACTIVE,NONE,Garment Lower body,343.61,1
Young Adult,ACTIVE,Regularly,Garment Upper body,343.61,3
Young Adult,ACTIVE,NONE,Garment Upper body,124,1
Elderly,ACTIVE,NONE,Shoes,134.46,4
Young Adult,ACTIVE,NONE,Garment Full body,386.6,1
Young Adult,ACTIVE,Regularly,Garment Upper body,343.61,3
Young Adult,ACTIVE,NONE,Garment Lower body,186.75,1
Young Adult,ACTIVE,NONE,Garment Lower body,343.61,1
Elderly,ACTIVE,NONE,Garment Lower body,165.83,4
Young Adult,ACTIVE,NONE,Garment Full body,124,1
Young Adult,ACTIVE,Regularly,Garment Upper body,92.63,3
Adult,ACTIVE,Regularly,Garment Full body,156.11,0
Young Adult,ACTIVE,NONE,Underwear,134.46,1
Young Adult,ACTIVE,NONE,Garment Full body,186.75,1
Young Adult,ACTIVE,NONE,Underwear,186.75,1
Young Adult,ACTIVE,Regularly,Accessories,113.55,3
Adult,ACTIVE,Regularly,Garment Upper body,130.17,0
Young Adult,ACTIVE,NONE,Garment Upper body,186.75,1
Young Adult,ACTIVE,Regularly,Garment Upper body,114.59,3
Young Adult,ACTIVE,Regularly,Underwear,89.81,3
Young Adult,ACTIVE,NONE,Garment Lower body,113.55,1
Young Adult,ACTIVE,Regularly,Garment Upper body,500.48,3
Adult,ACTIVE,Regularly,Garment Lower body,134.46,0
Young Adult,ACTIVE,NONE,Garment Lower body,186.75,1
Young Adult,ACTIVE,NONE,Swimwear,118.78,1
Young Adult,ACTIVE,NONE,Garment Lower body,343.61,1
Adult,ACTIVE,Regularly,Socks & Tights,113.55,0
Elderly,ACTIVE,Regularly,Garment Upper body,71.72,0
Young Adult,ACTIVE,Regularly,Garment Lower body,186.75,3
Adult,ACTIVE,NONE,Accessories,82.17,4
Young Adult,ACTIVE,Regularly,Accessories,103.09,3
Adult,ACTIVE,NONE,Garment Upper body,134.46,4
Young Adult,ACTIVE,Regularly,Garment Full body,108.74,3
Adult,ACTIVE,Regularly,Unknown,179.95,0
Young Adult,ACTIVE,NONE,Underwear,291.33,1
Young Adult,ACTIVE,Regularly,Underwear,134.46,3
Elderly,ACTIVE,Regularly,Garment Upper body,134.46,0
Adult,ACTIVE,Regularly,Garment Lower body,259.95,0
Young Adult,ACTIVE,NONE,Garment Full body,186.75,1
Young Adult,ACTIVE,NONE,Garment Upper body,186.75,1
Young Adult,ACTIVE,Regularly,Garment Lower body,111.87,3
Teenager,ACTIVE,NONE,Garment Lower body,343.61,0
Young Adult,ACTIVE,Regularly,Garment Lower body,291.33,3
Young Adult,ACTIVE,NONE,Garment Lower body,113.55,1
Elderly,ACTIVE,Regularly,Garment Upper body,122.54,0
Young Adult,ACTIVE,NONE,Garment Upper body,291.33,1
Young Adult,ACTIVE,NONE,Shoes,130.28,1
Young Adult,ACTIVE,NONE,Garment Full body,186.75,1
Young Adult,ACTIVE,Regularly,Garment Lower body,229,3
Adult,ACTIVE,NONE,Garment Upper body,134.46,4
Young Adult,ACTIVE,Regularly,Garment Lower body,280.87,3
Adult,ACTIVE,Regularly,Garment Lower body,176.29,0
Young Adult,ACTIVE,NONE,Accessories,40.34,1
Young Adult,ACTIVE,NONE,Garment Upper body,113.55,1
Young Adult,ACTIVE,Regularly,Underwear,113.55,3
Adult,ACTIVE,NONE,Garment Upper body,364.53,4
Adult,ACTIVE,NONE,Garment Lower body,239.04,4
Young Adult,ACTIVE,Regularly,Garment Upper body,122.02,3
Young Adult,ACTIVE,Regularly,Garment Upper body,186.75,3
Young Adult,ACTIVE,NONE,Garment Lower body,239.04,1
Young Adult,ACTIVE,NONE,Underwear,165.83,1
Young Adult,ACTIVE,Regularly,Garment Lower body,395.9,3
Young Adult,PRE-CREATE,NONE,Garment Upper body,186.75,2
Young Adult,ACTIVE,NONE,Garment Full body,218.12,1
Elderly,ACTIVE,Regularly,Garment Upper body,134.46,0
Young Adult,ACTIVE,NONE,Garment Upper body,1879.11,1
Young Adult,ACTIVE,Regularly,Garment Upper body,239.04,3
Young Adult,ACTIVE,Regularly,Garment Upper body,113.55,3
Young Adult,ACTIVE,Regularly,Swimwear,134.46,3
Young Adult,ACTIVE,NONE,Shoes,186.75,1
Adult,ACTIVE,NONE,Underwear,134.46,4
Young Adult,ACTIVE,Regularly,Garment Upper body,165.83,3
Adult,ACTIVE,NONE,Garment Upper body,155.38,4
Young Adult,ACTIVE,Regularly,Garment Full body,92.63,3
Adult,ACTIVE,NONE,Garment Upper body,552.77,4
Young Adult,ACTIVE,NONE,Garment Lower body,134.46,1
Young Adult,ACTIVE,NONE,Garment Upper body,71.72,1
Adult,ACTIVE,Regularly,Garment Upper body,113.55,0
Young Adult,ACTIVE,NONE,Garment Upper body,186.75,1
Adult,ACTIVE,NONE,Garment Full body,239.04,4
Adult,ACTIVE,NONE,Garment Lower body,134.46,4
Adult,ACTIVE,NONE,Garment Upper body,71.72,4
Young Adult,ACTIVE,NONE,Underwear,144.92,1
Adult,ACTIVE,NONE,Underwear,165.83,4
Young Adult,ACTIVE,Regularly,Underwear,291.33,3
Elderly,ACTIVE,NONE,Garment Upper body,186.75,4
Young Adult,ACTIVE,Regularly,Garment Full body,234.96,3
Young Adult,ACTIVE,Regularly,Garment Upper body,866.5,3
Young Adult,ACTIVE,Regularly,Garment Upper body,113.55,3
Young Adult,ACTIVE,NONE,Garment Upper body,92.63,1
Young Adult,ACTIVE,NONE,Garment Upper body,82.17,1
Adult,ACTIVE,NONE,Garment Upper body,406.36,4
Adult,ACTIVE,NONE,Accessories,96.81,4
Young Adult,ACTIVE,Regularly,Swimwear,138.64,3
Young Adult,ACTIVE,Regularly,Swimwear,76.94,3
Adult,ACTIVE,Regularly,Swimwear,285.78,0
Young Adult,ACTIVE,Regularly,Garment Lower body,239.04,3
Adult,ACTIVE,Regularly,Garment Lower body,171.06,0
Young Adult,ACTIVE,NONE,Garment Full body,186.75,1
Young Adult,ACTIVE,NONE,Socks & Tights,99.64,1
Young Adult,ACTIVE,NONE,Garment Upper body,186.75,1
Elderly,ACTIVE,Regularly,Garment Lower body,291.33,0
Adult,ACTIVE,Regularly,Garment Upper body,92.63,0
Young Adult,ACTIVE,NONE,Garment Upper body,239.04,1
Young Adult,ACTIVE,Regularly,Underwear,218.12,3
Young Adult,ACTIVE,Regularly,Underwear,165.83,3
Young Adult,ACTIVE,NONE,Swimwear,218.12,1
Young Adult,ACTIVE,Regularly,Garment Full body,249.5,3
Elderly,ACTIVE,Regularly,Garment Upper body,124,0
Young Adult,ACTIVE,NONE,Swimwear,134.46,1
Young Adult,ACTIVE,NONE,Garment Upper body,239.04,1
Adult,ACTIVE,NONE,Socks & Tights,113.55,4
Young Adult,ACTIVE,Regularly,Garment Upper body,280.87,3
Young Adult,ACTIVE,Regularly,Garment Lower body,113.55,3
Young Adult,ACTIVE,NONE,Swimwear,155.38,1
Adult,ACTIVE,Regularly,Garment Upper body,144.92,0
Adult,ACTIVE,Regularly,Garment Upper body,134.46,0
Young Adult,ACTIVE,NONE,Garment Full body,239.04,1
Young Adult,ACTIVE,NONE,Underwear,131.85,1
Adult,ACTIVE,NONE,Garment Upper body,186.75,4
Young Adult,ACTIVE,NONE,Garment Upper body,82.17,1
Young Adult,ACTIVE,NONE,Garment Full body,249.5,1
Young Adult,ACTIVE,NONE,Garment Upper body,165.83,1
Young Adult,ACTIVE,NONE,Garment Upper body,531.85,1
Adult,ACTIVE,Regularly,Garment Upper body,134.46,0
Adult,ACTIVE,NONE,Swimwear,343.61,4
Young Adult,ACTIVE,NONE,Garment Upper body,291.33,1
Young Adult,ACTIVE,Regularly,Swimwear,134.46,3
Elderly,ACTIVE,Regularly,Garment Upper body,95.77,0
Adult,ACTIVE,NONE,Garment Lower body,343.61,4
Adult,ACTIVE,NONE,Garment Lower body,239.04,4
Young Adult,ACTIVE,Regularly,Garment Lower body,474.34,3
Young Adult,ACTIVE,NONE,Garment Upper body,197.21,1
Young Adult,ACTIVE,NONE,Garment Lower body,186.75,1
Young Adult,ACTIVE,Regularly,Garment Upper body,92.63,3
Young Adult,ACTIVE,Regularly,Garment Upper body,239.04,3
Young Adult,ACTIVE,Regularly,Garment Lower body,186.75,3
Young Adult,ACTIVE,NONE,Garment Lower body,218.12,1
Adult,ACTIVE,NONE,Garment Upper body,218.12,4
Elderly,ACTIVE,Regularly,Garment Upper body,165.83,0
Adult,ACTIVE,Regularly,Garment Full body,273.03,0
Young Adult,ACTIVE,Regularly,Garment Upper body,61.26,3
Adult,ACTIVE,NONE,Garment Lower body,186.75,4
Young Adult,ACTIVE,NONE,Socks & Tights,134.46,1
Adult,ACTIVE,NONE,Garment Upper body,186.75,4
Young Adult,ACTIVE,NONE,Garment Upper body,186.75,1
Adult,ACTIVE,Regularly,Garment Full body,232.55,0
Young Adult,ACTIVE,Regularly,Garment Lower body,239.04,3
Elderly,ACTIVE,Regularly,Garment Upper body,239.04,0
Young Adult,ACTIVE,Regularly,Underwear,218.12,3
Adult,ACTIVE,Regularly,Accessories,113.55,0
Adult,ACTIVE,Regularly,Underwear,71.72,0
Young Adult,ACTIVE,NONE,Underwear,180.48,1
Young Adult,ACTIVE,NONE,Garment Full body,134.46,1
Adult,ACTIVE,Regularly,Accessories,218.12,0
Young Adult,ACTIVE,NONE,Garment Upper body,92.63,1
Young Adult,ACTIVE,Regularly,Garment Full body,239.04,3
Elderly,ACTIVE,Regularly,Garment Upper body,144.92,0
Adult,ACTIVE,Regularly,Garment Upper body,265.18,0
Young Adult,ACTIVE,NONE,Garment Upper body,239.04,1
Young Adult,ACTIVE,Regularly,Underwear,152.24,3
Adult,ACTIVE,NONE,Garment Upper body,155.38,4
Young Adult,ACTIVE,NONE,Garment Upper body,239.04,1
Young Adult,ACTIVE,NONE,Garment Upper body,165.83,1
Adult,ACTIVE,Regularly,Garment Upper body,186.75,0
Young Adult,ACTIVE,Regularly,Garment Upper body,218.12,3
Young Adult,ACTIVE,NONE,Swimwear,291.33,1
Young Adult,ACTIVE,NONE,Garment Upper body,165.83,1
Adult,PRE-CREATE,NONE,Garment Lower body,134.46,2
Adult,ACTIVE,Regularly,Garment Upper body,84.58,0
Young Adult,ACTIVE,NONE,Underwear,124,1
Elderly,ACTIVE,Regularly,Garment Upper body,239.04,0
Adult,ACTIVE,NONE,Garment Upper body,239.04,4
Young Adult,ACTIVE,NONE,Garment Upper body,92.63,1
Young Adult,ACTIVE,NONE,Garment Upper body,82.17,1
Adult,ACTIVE,Regularly,Garment Full body,239.04,0
Young Adult,ACTIVE,Regularly,Garment Full body,343.61,3
Elderly,ACTIVE,NONE,Garment Upper body,101,4
Young Adult,ACTIVE,NONE,Swimwear,165.83,1
Adult,ACTIVE,NONE,Garment Upper body,782.84,4
Adult,ACTIVE,NONE,Garment Upper body,64.71,4
Adult,ACTIVE,NONE,Garment Lower body,134.46,4
Adult,ACTIVE,Regularly,Garment Full body,428.74,0
Adult,ACTIVE,NONE,Garment Upper body,103.09,4
Young Adult,ACTIVE,NONE,Garment Upper body,239.04,1
Adult,ACTIVE,NONE,Garment Upper body,134.46,4
Young Adult,ACTIVE,NONE,Accessories,103.09,1
Young Adult,ACTIVE,Regularly,Garment Full body,155.27,3
Young Adult,ACTIVE,NONE,Garment Upper body,186.75,1
Young Adult,ACTIVE,NONE,Garment Full body,343.61,1
Young Adult,ACTIVE,NONE,Garment Full body,395.9,1
Adult,ACTIVE,NONE,Garment Lower body,343.61,4
Young Adult,ACTIVE,Regularly,Underwear,92.63,3
Young Adult,ACTIVE,NONE,Garment Upper body,186.75,1
Elderly,PRE-CREATE,NONE,Swimwear,343.61,2
Young Adult,ACTIVE,NONE,Garment Upper body,343.61,1
Young Adult,ACTIVE,Regularly,Garment Upper body,239.04,3
Adult,ACTIVE,NONE,Garment Lower body,134.46,4
Elderly,ACTIVE,NONE,Garment Upper body,186.75,4
Young Adult,ACTIVE,Regularly,Garment Upper body,236.53,3
Young Adult,ACTIVE,Regularly,Garment Full body,134.46,3
Young Adult,ACTIVE,Regularly,Swimwear,186.75,3
Young Adult,ACTIVE,Regularly,Underwear,291.33,3
Young Adult,ACTIVE,NONE,Garment Upper body,82.17,1
Adult,ACTIVE,NONE,Swimwear,134.46,4
Elderly,ACTIVE,NONE,Garment Lower body,186.75,4
Young Adult,ACTIVE,NONE,Shoes,259.95,1
Adult,ACTIVE,Regularly,Garment Lower body,291.33,0
Young Adult,ACTIVE,NONE,Garment Upper body,201.29,1
Young Adult,ACTIVE,Regularly,Garment Upper body,82.17,3
Elderly,ACTIVE,NONE,Garment Lower body,291.33,4
Young Adult,ACTIVE,Regularly,Garment Upper body,186.75,3
Young Adult,ACTIVE,Regularly,Garment Upper body,218.12,3
Adult,ACTIVE,Regularly,Garment Upper body,105.18,0
Adult,ACTIVE,NONE,Garment Upper body,82.17,4
Young Adult,ACTIVE,Regularly,Underwear,291.33,3
Young Adult,ACTIVE,NONE,Swimwear,214.57,1
Young Adult,ACTIVE,Regularly,Garment Upper body,120.45,3
Young Adult,ACTIVE,NONE,Underwear,165.83,1
Young Adult,ACTIVE,Regularly,Garment Upper body,61.26,3
Adult,ACTIVE,NONE,Garment Upper body,197.21,4
Young Adult,ACTIVE,NONE,Shoes,322.7,1
Young Adult,ACTIVE,Regularly,Garment Upper body,186.75,3
Young Adult,ACTIVE,NONE,Socks & Tights,55.4,1
Adult,ACTIVE,NONE,Garment Upper body,82.17,4
Young Adult,ACTIVE,Regularly,Garment Full body,92.63,3
Young Adult,ACTIVE,NONE,Garment Upper body,155.38,1
Elderly,ACTIVE,Regularly,Garment Full body,262.25,0
Young Adult,ACTIVE,Regularly,Swimwear,124,3
Adult,ACTIVE,NONE,Nightwear,159.25,4
Adult,ACTIVE,NONE,Garment Upper body,82.17,4
Elderly,ACTIVE,Regularly,Garment Upper body,218.12,0
Young Adult,ACTIVE,NONE,Garment Upper body,152.24,1
Young Adult,ACTIVE,Regularly,Garment Lower body,230.88,3
Young Adult,ACTIVE,Regularly,Underwear,134.46,3
Young Adult,ACTIVE,NONE,Garment Upper body,134.46,1
Elderly,ACTIVE,Regularly,Garment Lower body,239.04,0
Young Adult,ACTIVE,NONE,Swimwear,343.61,1
Elderly,ACTIVE,Regularly,Underwear,186.75,0
Young Adult,ACTIVE,NONE,Swimwear,343.61,1
Young Adult,PRE-CREATE,NONE,Garment Upper body,134.46,2
Young Adult,ACTIVE,Regularly,Garment Upper body,124,3
Young Adult,ACTIVE,NONE,Swimwear,186.75,1
Young Adult,ACTIVE,NONE,Garment Upper body,239.04,1
Young Adult,ACTIVE,NONE,Garment Upper body,165.83,1
Young Adult,ACTIVE,NONE,Garment Full body,239.04,1
Young Adult,ACTIVE,NONE,Socks & Tights,71.72,1
Adult,ACTIVE,Regularly,Garment Lower body,239.04,0
Adult,ACTIVE,NONE,Garment Lower body,239.04,4
Adult,ACTIVE,Regularly,Garment Lower body,228.27,0
Young Adult,ACTIVE,Regularly,Underwear,176.29,3
Elderly,ACTIVE,Regularly,Garment Upper body,239.04,0
Adult,ACTIVE,NONE,Unknown,145.55,4
Adult,ACTIVE,NONE,Garment Full body,239.04,4
Young Adult,ACTIVE,Regularly,Garment Upper body,239.04,3
Young Adult,ACTIVE,NONE,Swimwear,218.12,1
Young Adult,ACTIVE,Regularly,Garment Upper body,239.04,3
Young Adult,ACTIVE,NONE,Swimwear,165.83,1
Adult,ACTIVE,Regularly,Garment Upper body,63.35,0
Adult,ACTIVE,Regularly,Shoes,308.37,0
Adult,ACTIVE,Regularly,Accessories,134.46,0
Elderly,PRE-CREATE,NONE,Garment Upper body,95.77,2
Young Adult,ACTIVE,NONE,Garment Lower body,216.24,1
Adult,ACTIVE,Regularly,Swimwear,124,0
Elderly,ACTIVE,NONE,Garment Upper body,134.46,4
Young Adult,ACTIVE,NONE,Garment Lower body,239.04,1
Adult,ACTIVE,Regularly,Garment Upper body,82.17,0
Adult,ACTIVE,NONE,Swimwear,134.46,4
Adult,PRE-CREATE,NONE,Garment Lower body,186.75,2
Young Adult,ACTIVE,Regularly,Garment Upper body,239.04,3
Young Adult,ACTIVE,NONE,Garment Upper body,179.43,1
Teenager,ACTIVE,Regularly,Garment Upper body,113.55,0
Young Adult,ACTIVE,NONE,Garment Upper body,165.83,1
Elderly,ACTIVE,Regularly,Garment Full body,448.19,0
Young Adult,ACTIVE,NONE,Swimwear,176.29,1
Adult,ACTIVE,Regularly,Garment Upper body,657.34,0
Adult,ACTIVE,NONE,Garment Upper body,448.19,4
Adult,ACTIVE,NONE,Garment Lower body,291.33,4
Young Adult,ACTIVE,NONE,Swimwear,186.75,1
Young Adult,ACTIVE,NONE,Garment Lower body,176.29,1
Young Adult,ACTIVE,Regularly,Socks & Tights,113.55,3
Young Adult,ACTIVE,NONE,Garment Upper body,113.55,1
Young Adult,ACTIVE,NONE,Garment Lower body,291.33,1
Adult,ACTIVE,Regularly,Underwear,139.69,0
Young Adult,ACTIVE,Regularly,Garment Lower body,395.9,3
Young Adult,ACTIVE,NONE,Accessories,71.72,1
Adult,ACTIVE,Regularly,Garment Lower body,165.83,0
Adult,ACTIVE,NONE,Garment Upper body,526.62,4
Adult,ACTIVE,NONE,Swimwear,134.46,4
Young Adult,ACTIVE,NONE,Garment Lower body,124,1
Young Adult,ACTIVE,Regularly,Socks & Tights,131.22,3
Young Adult,ACTIVE,NONE,Garment Upper body,103.09,1
Adult,ACTIVE,Regularly,Garment Full body,134.46,0
Young Adult,ACTIVE,NONE,Garment Lower body,134.46,1
Young Adult,ACTIVE,Regularly,Garment Lower body,291.33,3
Adult,ACTIVE,NONE,Garment Upper body,761.92,4
Young Adult,ACTIVE,NONE,Garment Full body,207.67,1
Adult,ACTIVE,Regularly,Garment Lower body,183.19,0
Young Adult,ACTIVE,NONE,Garment Full body,171.06,1
Young Adult,ACTIVE,NONE,Garment Lower body,239.04,1
Adult,ACTIVE,Regularly,Garment Full body,343.61,0
Young Adult,ACTIVE,NONE,Underwear,291.33,1
Adult,ACTIVE,Regularly,Garment Full body,186.75,0
Adult,ACTIVE,Regularly,Garment Upper body,120.55,0
Adult,ACTIVE,Regularly,Garment Upper body,71.82,0
Adult,ACTIVE,NONE,Garment Lower body,76.94,4
Elderly,ACTIVE,Regularly,Garment Upper body,552.77,0
Young Adult,ACTIVE,NONE,Garment Upper body,343.61,1
Young Adult,ACTIVE,Regularly,Garment Upper body,124,3
Young Adult,ACTIVE,NONE,Garment Upper body,134.46,1
Young Adult,ACTIVE,NONE,Garment Full body,448.19,1
Adult,ACTIVE,Regularly,Garment Upper body,594.6,0
Young Adult,ACTIVE,NONE,Garment Upper body,291.33,1
Young Adult,ACTIVE,Regularly,Underwear,165.83,3
Young Adult,ACTIVE,NONE,Garment Upper body,82.17,1
Young Adult,ACTIVE,NONE,Garment Full body,259.95,1
Young Adult,ACTIVE,NONE,Accessories,186.75,1
Adult,ACTIVE,Regularly,Garment Upper body,186.75,0
Adult,ACTIVE,NONE,Garment Lower body,186.75,4
Young Adult,ACTIVE,NONE,Garment Lower body,239.04,1
Young Adult,PRE-CREATE,NONE,Garment Full body,343.61,2
Young Adult,ACTIVE,Regularly,Accessories,113.55,3
Elderly,ACTIVE,NONE,Garment Lower body,239.04,4
Young Adult,ACTIVE,NONE,Underwear,239.04,1
Adult,ACTIVE,Regularly,Garment Lower body,92.63,0
Young Adult,ACTIVE,Regularly,Garment Lower body,239.04,3
Young Adult,ACTIVE,NONE,Garment Lower body,291.33,1
Adult,ACTIVE,Regularly,Garment Lower body,186.75,0
Young Adult,ACTIVE,Regularly,Garment Upper body,448.19,3
Adult,ACTIVE,NONE,Garment Full body,155.38,4
Adult,ACTIVE,NONE,Underwear,171.06,4
Adult,ACTIVE,Regularly,Garment Upper body,134.46,0
Adult,ACTIVE,Regularly,Garment Lower body,239.04,0
Adult,ACTIVE,Regularly,Garment Upper body,291.33,0
Young Adult,ACTIVE,NONE,Swimwear,124,1
Young Adult,ACTIVE,NONE,Swimwear,186.75,1
Young Adult,ACTIVE,NONE,Garment Upper body,165.83,1
Young Adult,ACTIVE,NONE,Garment Full body,186.75,1
Adult,ACTIVE,Regularly,Garment Upper body,301.78,0
Young Adult,ACTIVE,NONE,Garment Lower body,239.04,1
Young Adult,ACTIVE,NONE,Garment Upper body,134.46,1
Young Adult,ACTIVE,Regularly,Garment Upper body,239.04,3
Young Adult,ACTIVE,Regularly,Garment Full body,218.12,3
Young Adult,ACTIVE,NONE,Garment Upper body,165.83,1
Adult,ACTIVE,NONE,Garment Lower body,186.75,4
Elderly,ACTIVE,NONE,Garment Upper body,171.06,4
Young Adult,ACTIVE,NONE,Accessories,71.72,1
Young Adult,ACTIVE,NONE,Garment Lower body,183.82,1
Young Adult,ACTIVE,Regularly,Garment Lower body,108.74,3
Adult,ACTIVE,NONE,Garment Lower body,194.59,4
Young Adult,ACTIVE,NONE,Underwear,218.12,1
Adult,ACTIVE,NONE,Swimwear,134.46,4
Adult,ACTIVE,NONE,Garment Lower body,228.58,4
Adult,PRE-CREATE,NONE,Garment Lower body,406.36,2
Young Adult,ACTIVE,Regularly,Garment Upper body,134.46,3
Young Adult,ACTIVE,NONE,Garment Upper body,186.75,1
Adult,ACTIVE,Regularly,Garment Upper body,186.75,0
Adult,ACTIVE,Regularly,Garment Lower body,186.75,0
Adult,ACTIVE,NONE,Garment Upper body,82.17,4
Young Adult,ACTIVE,Regularly,Garment Lower body,103.09,3
Adult,ACTIVE,NONE,Garment Upper body,448.19,4
Young Adult,ACTIVE,NONE,Garment Upper body,155.38,1
Young Adult,ACTIVE,NONE,Garment Lower body,657.34,1
Adult,ACTIVE,Regularly,Garment Upper body,395.9,0
Young Adult,ACTIVE,NONE,Garment Lower body,118.78,1
Young Adult,ACTIVE,Regularly,Garment Full body,165.83,3
Young Adult,ACTIVE,Regularly,Garment Full body,239.04,3
Young Adult,ACTIVE,NONE,Garment Upper body,155.38,1
Young Adult,ACTIVE,NONE,Accessories,165.83,1
Young Adult,ACTIVE,Regularly,Garment Lower body,113.55,3
Young Adult,ACTIVE,NONE,Garment Upper body,186.75,1
Young Adult,ACTIVE,NONE,Garment Lower body,296.56,1
Young Adult,ACTIVE,NONE,Swimwear,186.75,1
Elderly,ACTIVE,NONE,Garment Full body,186.75,4
Adult,ACTIVE,NONE,Garment Upper body,165.83,4
Adult,ACTIVE,Regularly,Garment Upper body,165.83,0
Adult,ACTIVE,Regularly,Garment Full body,761.92,0
Young Adult,ACTIVE,NONE,Swimwear,134.46,1
Adult,ACTIVE,Regularly,Underwear,124,0
Adult,ACTIVE,Regularly,Garment Lower body,343.61,0
Elderly,ACTIVE,NONE,Garment Lower body,207.67,4
Young Adult,ACTIVE,NONE,Garment Lower body,197.21,1
Young Adult,ACTIVE,NONE,Garment Upper body,71.72,1
Young Adult,ACTIVE,Regularly,Garment Upper body,239.04,3
Young Adult,ACTIVE,NONE,Garment Lower body,197.21,1
Elderly,ACTIVE,NONE,Garment Upper body,343.61,4
Young Adult,ACTIVE,Regularly,Garment Upper body,92.63,3
Young Adult,ACTIVE,Regularly,Garment Upper body,239.04,3
Young Adult,ACTIVE,NONE,Underwear,186.75,1
Young Adult,ACTIVE,NONE,Garment Full body,312.24,1
Young Adult,ACTIVE,NONE,Accessories,134.46,1
Young Adult,ACTIVE,Regularly,Garment Upper body,500.48,3
Young Adult,ACTIVE,NONE,Shoes,390.67,1
Elderly,ACTIVE,Regularly,Garment Full body,186.75,0
Young Adult,ACTIVE,NONE,Accessories,113.55,1
Young Adult,ACTIVE,NONE,Underwear,63.35,1
Young Adult,ACTIVE,Regularly,Shoes,448.19,3
Young Adult,ACTIVE,NONE,Accessories,134.46,1
Young Adult,ACTIVE,NONE,Garment Lower body,291.33,1
Young Adult,ACTIVE,NONE,Swimwear,111.35,1
Adult,ACTIVE,NONE,Shoes,239.04,4
Young Adult,ACTIVE,NONE,Garment Lower body,222.41,1
Young Adult,ACTIVE,Regularly,Garment Full body,364.53,3
Adult,ACTIVE,NONE,Garment Upper body,343.61,4
Adult,ACTIVE,NONE,Swimwear,165.83,4
Adult,ACTIVE,NONE,Garment Upper body,82.17,4
Young Adult,ACTIVE,Regularly,Garment Upper body,82.17,3
Young Adult,ACTIVE,NONE,Garment Full body,134.46,1
Adult,ACTIVE,Regularly,Garment Lower body,448.19,0
Young Adult,ACTIVE,NONE,Garment Full body,214.67,1
Young Adult,ACTIVE,Regularly,Accessories,113.55,3
Elderly,ACTIVE,NONE,Accessories,103.09,4
Adult,ACTIVE,NONE,Underwear,113.55,4
Elderly,ACTIVE,NONE,Garment Lower body,291.33,4
Young Adult,ACTIVE,NONE,Garment Upper body,207.67,1
Young Adult,ACTIVE,Regularly,Garment Upper body,113.55,3
Adult,ACTIVE,Regularly,Socks & Tights,113.55,0
Young Adult,ACTIVE,Regularly,Accessories,113.55,3
Adult,ACTIVE,Regularly,Garment Lower body,218.12,0
Young Adult,ACTIVE,Regularly,Garment Full body,186.75,3
Adult,ACTIVE,Regularly,Garment Full body,145.44,0
Young Adult,ACTIVE,NONE,Garment Upper body,113.55,1
Adult,ACTIVE,NONE,Garment Full body,186.75,4
Young Adult,PRE-CREATE,NONE,Garment Full body,761.92,2
Young Adult,ACTIVE,NONE,Underwear,160.61,1
Adult,ACTIVE,Regularly,Garment Upper body,123.17,0
Young Adult,ACTIVE,NONE,Garment Lower body,395.9,1
Young Adult,ACTIVE,NONE,Garment Full body,155.38,1
Adult,ACTIVE,NONE,Garment Lower body,165.83,4
Young Adult,ACTIVE,Regularly,Nightwear,232.24,3
Young Adult,ACTIVE,NONE,Swimwear,59.69,1
Adult,ACTIVE,Regularly,Accessories,113.55,0
Young Adult,ACTIVE,NONE,Garment Full body,186.75,1
Adult,ACTIVE,NONE,Garment Lower body,134.46,4
Young Adult,ACTIVE,Regularly,Garment Lower body,364.53,3
Young Adult,ACTIVE,NONE,Garment Lower body,448.19,1
Young Adult,ACTIVE,NONE,Garment Upper body,134.46,1
Young Adult,ACTIVE,Regularly,Garment Full body,197.21,3
Adult,ACTIVE,Regularly,Garment Lower body,291.33,0
Young Adult,ACTIVE,NONE,Garment Lower body,99.64,1
Young Adult,ACTIVE,NONE,Garment Upper body,82.17,1
Young Adult,ACTIVE,Regularly,Swimwear,218.12,3
Adult,ACTIVE,Regularly,Accessories,95.14,0
Young Adult,ACTIVE,NONE,Garment Lower body,249.5,1
Young Adult,ACTIVE,NONE,Swimwear,118.78,1
Adult,ACTIVE,Regularly,Garment Lower body,236.01,0
Young Adult,ACTIVE,Regularly,Accessories,121.18,3
Adult,ACTIVE,NONE,Garment Upper body,406.36,4
Young Adult,ACTIVE,Regularly,Underwear,186.75,3
Adult,ACTIVE,NONE,Accessories,103.09,4
Young Adult,ACTIVE,Regularly,Garment Upper body,134.46,3
Young Adult,ACTIVE,NONE,Garment Full body,186.75,1
Young Adult,ACTIVE,NONE,Garment Upper body,165.83,1
Adult,ACTIVE,Regularly,Garment Lower body,165.83,0
Young Adult,PRE-CREATE,NONE,Garment Upper body,218.12,2
Adult,ACTIVE,NONE,Nightwear,134.46,4
Adult,ACTIVE,NONE,Garment Upper body,105.81,4
Adult,ACTIVE,NONE,Accessories,165.83,4
Elderly,PRE-CREATE,NONE,Garment Upper body,134.46,2
Young Adult,ACTIVE,Regularly,Garment Upper body,134.46,3
Young Adult,ACTIVE,NONE,Underwear,92.63,1
Young Adult,ACTIVE,Regularly,Garment Upper body,113.55,3
Elderly,ACTIVE,NONE,Garment Upper body,134.46,4
Young Adult,ACTIVE,Regularly,Garment Lower body,134.46,3
Young Adult,ACTIVE,NONE,Garment Lower body,343.61,1
Elderly,ACTIVE,NONE,Garment Upper body,134.46,4
Young Adult,ACTIVE,Regularly,Underwear,96.81,3
Young Adult,ACTIVE,NONE,Garment Lower body,239.04,1
Young Adult,ACTIVE,Regularly,Garment Full body,239.04,3
Elderly,ACTIVE,NONE,Garment Upper body,50.8,4
Young Adult,ACTIVE,NONE,Garment Upper body,61.26,1
Adult,ACTIVE,NONE,Garment Full body,134.46,4
Young Adult,PRE-CREATE,NONE,Swimwear,218.12,2
Young Adult,ACTIVE,NONE,Garment Full body,265.18,1
Young Adult,ACTIVE,NONE,Garment Lower body,186.75,1
Young Adult,ACTIVE,NONE,Garment Upper body,82.17,1
Adult,ACTIVE,NONE,Garment Lower body,233.08,4
Young Adult,ACTIVE,Regularly,Swimwear,186.75,3
Young Adult,ACTIVE,NONE,Swimwear,165.83,1
Young Adult,ACTIVE,NONE,Garment Upper body,134.46,1
Adult,ACTIVE,NONE,Swimwear,71.72,4
Young Adult,PRE-CREATE,NONE,Garment Full body,322.7,2
Young Adult,ACTIVE,Regularly,Garment Upper body,291.33,3
Young Adult,ACTIVE,NONE,Garment Upper body,239.04,1
Young Adult,ACTIVE,Regularly,Garment Upper body,82.17,3
Young Adult,ACTIVE,NONE,Underwear,291.33,1
Young Adult,ACTIVE,Regularly,Garment Full body,339.43,3
Elderly,ACTIVE,Regularly,Garment Upper body,239.04,0
Elderly,ACTIVE,Regularly,Garment Full body,291.33,0
Adult,ACTIVE,Regularly,Garment Lower body,239.04,0
Young Adult,ACTIVE,Regularly,Swimwear,50.8,3
Young Adult,ACTIVE,Regularly,Garment Lower body,113.55,3
Elderly,ACTIVE,NONE,Accessories,108.32,4
Elderly,ACTIVE,Regularly,Garment Lower body,395.9,0
Adult,ACTIVE,Regularly,Garment Lower body,239.04,0
Adult,ACTIVE,NONE,Garment Upper body,113.55,4
Young Adult,ACTIVE,Regularly,Underwear,171.06,3
Young Adult,ACTIVE,NONE,Garment Upper body,186.75,1
Adult,ACTIVE,NONE,Garment Lower body,197.21,4
Young Adult,ACTIVE,NONE,Swimwear,218.12,1
Young Adult,ACTIVE,NONE,Garment Lower body,186.75,1
Young Adult,ACTIVE,Regularly,Garment Upper body,155.38,3
Young Adult,ACTIVE,NONE,Garment Upper body,103.09,1
Young Adult,ACTIVE,Regularly,Garment Full body,291.33,3
Young Adult,ACTIVE,NONE,Garment Upper body,186.75,1
Young Adult,ACTIVE,NONE,Accessories,134.46,1
Adult,ACTIVE,Regularly,Garment Lower body,291.33,0
Young Adult,ACTIVE,Regularly,Underwear,74.64,3
Elderly,ACTIVE,NONE,Socks & Tights,92.63,4
Adult,ACTIVE,Regularly,Garment Upper body,239.04,0
Young Adult,ACTIVE,NONE,Garment Upper body,82.17,1
Young Adult,ACTIVE,NONE,Underwear,186.75,1
Young Adult,ACTIVE,NONE,Garment Full body,197.21,1
Young Adult,ACTIVE,NONE,Socks & Tights,123.06,1
Young Adult,ACTIVE,Regularly,Garment Upper body,138.64,3
Adult,ACTIVE,Regularly,Garment Upper body,229,0
Adult,ACTIVE,Regularly,Garment Upper body,113.55,0
Young Adult,ACTIVE,NONE,Garment Full body,448.19,1
Young Adult,ACTIVE,NONE,Garment Lower body,215.09,1
Young Adult,ACTIVE,Regularly,Garment Upper body,134.46,3
Young Adult,PRE-CREATE,NONE,Garment Lower body,239.04,2
Adult,ACTIVE,Regularly,Garment Lower body,291.33,0
Young Adult,ACTIVE,NONE,Garment Upper body,134.46,1
Young Adult,ACTIVE,Regularly,Garment Upper body,312.24,3
Adult,ACTIVE,Regularly,Garment Upper body,239.04,0
Young Adult,ACTIVE,NONE,Swimwear,183.72,1
Adult,ACTIVE,NONE,Garment Upper body,448.19,4
Elderly,ACTIVE,Regularly,Garment Full body,186.75,0
Young Adult,ACTIVE,NONE,Accessories,154.33,1
Adult,ACTIVE,NONE,Garment Upper body,186.75,4
Adult,ACTIVE,NONE,Nightwear,291.33,4
Adult,ACTIVE,NONE,Garment Upper body,120.03,4
Young Adult,ACTIVE,NONE,Garment Full body,215.93,1
Adult,ACTIVE,NONE,Garment Upper body,291.33,4
Adult,ACTIVE,NONE,Garment Upper body,197.21,4
Adult,ACTIVE,NONE,Garment Lower body,134.46,4
Young Adult,ACTIVE,NONE,Garment Lower body,239.04,1
Adult,ACTIVE,Regularly,Garment Upper body,343.61,0
Young Adult,ACTIVE,Regularly,Garment Upper body,71.72,3
Adult,ACTIVE,Regularly,Garment Full body,395.9,0
Adult,ACTIVE,NONE,Garment Upper body,239.04,4
Young Adult,ACTIVE,NONE,Garment Lower body,144.92,1
Adult,ACTIVE,Regularly,Garment Full body,218.12,0
Young Adult,ACTIVE,NONE,Shoes,293.52,1
Adult,ACTIVE,Regularly,Garment Full body,124,0
Adult,PRE-CREATE,NONE,Garment Lower body,239.04,2
Young Adult,ACTIVE,NONE,Garment Upper body,134.46,1
Young Adult,ACTIVE,NONE,Garment Lower body,197.21,1
Elderly,ACTIVE,NONE,Garment Upper body,171.06,4
Adult,ACTIVE,Regularly,Garment Full body,239.04,0
Adult,ACTIVE,NONE,Garment Lower body,291.33,4
Teenager,ACTIVE,Regularly,Swimwear,76.94,0
Adult,ACTIVE,NONE,Garment Upper body,165.83,4
Young Adult,ACTIVE,NONE,Swimwear,134.46,1
Young Adult,ACTIVE,NONE,Accessories,74.33,1
Elderly,ACTIVE,Regularly,Garment Full body,761.92,0
Young Adult,ACTIVE,Regularly,Garment Lower body,291.33,3
Young Adult,ACTIVE,NONE,Garment Upper body,113.55,1
Adult,ACTIVE,NONE,Garment Lower body,106.44,4
Elderly,ACTIVE,NONE,Garment Upper body,144.92,4
Young Adult,ACTIVE,NONE,Swimwear,165.83,1
Young Adult,ACTIVE,Regularly,Garment Upper body,134.46,3
Young Adult,ACTIVE,NONE,Garment Lower body,218.12,1
Young Adult,ACTIVE,Regularly,Shoes,343.61,3
Young Adult,ACTIVE,NONE,Garment Upper body,186.75,1
Adult,ACTIVE,NONE,Swimwear,186.75,4
Young Adult,ACTIVE,NONE,Garment Upper body,239.04,1
Young Adult,ACTIVE,Regularly,Swimwear,134.46,3
Young Adult,ACTIVE,NONE,Garment Lower body,165.83,1
Young Adult,ACTIVE,NONE,Accessories,103.09,1
Adult,ACTIVE,NONE,Garment Upper body,144.92,4
Elderly,ACTIVE,Regularly,Garment Full body,343.61,0
Young Adult,ACTIVE,NONE,Garment Upper body,280.87,1
Young Adult,ACTIVE,NONE,Garment Full body,283.8,1
Elderly,ACTIVE,NONE,Underwear,79.56,4
Young Adult,ACTIVE,NONE,Swimwear,186.75,1
Elderly,ACTIVE,NONE,Underwear,92.63,4
Elderly,ACTIVE,Regularly,Garment Upper body,343.61,0
Young Adult,ACTIVE,Regularly,Accessories,105.18,3
Elderly,ACTIVE,Regularly,Garment Lower body,552.77,0
Elderly,ACTIVE,NONE,Garment Upper body,218.12,4
Young Adult,ACTIVE,NONE,Garment Upper body,165.83,1
Young Adult,ACTIVE,NONE,Garment Upper body,866.5,1
Young Adult,ACTIVE,Regularly,Garment Upper body,186.75,3
Young Adult,ACTIVE,NONE,Garment Upper body,186.75,1
Young Adult,ACTIVE,NONE,Swimwear,296.56,1
Elderly,ACTIVE,Regularly,Garment Lower body,291.33,0
Young Adult,ACTIVE,NONE,Swimwear,151.19,1
Adult,ACTIVE,NONE,Garment Upper body,448.19,4
Adult,ACTIVE,Regularly,Underwear,186.75,0
Young Adult,ACTIVE,NONE,Underwear,134.46,1
Young Adult,ACTIVE,NONE,Socks & Tights,113.55,1
Young Adult,ACTIVE,Regularly,Garment Full body,152.24,3
Young Adult,ACTIVE,Regularly,Accessories,92.63,3
Young Adult,ACTIVE,Regularly,Garment Upper body,239.04,3
Adult,ACTIVE,Regularly,Garment Upper body,186.75,0
Elderly,ACTIVE,Regularly,Garment Lower body,218.12,0
Young Adult,ACTIVE,NONE,Garment Lower body,239.04,1
Young Adult,ACTIVE,Regularly,Garment Lower body,92.63,3
Young Adult,ACTIVE,NONE,Garment Lower body,239.04,1
Adult,ACTIVE,NONE,Accessories,61.26,4
Young Adult,ACTIVE,Regularly,Garment Full body,239.14,3
Adult,PRE-CREATE,NONE,Garment Upper body,134.46,2
Adult,ACTIVE,Regularly,Garment Lower body,239.04,0
Adult,ACTIVE,NONE,Swimwear,216.14,4
Young Adult,ACTIVE,NONE,Garment Lower body,239.04,1
Young Adult,ACTIVE,NONE,Garment Upper body,62.72,1
Adult,PRE-CREATE,Regularly,Swimwear,218.12,2
Young Adult,ACTIVE,NONE,Garment Upper body,186.75,1
Young Adult,ACTIVE,Regularly,Garment Lower body,197.21,3
Adult,ACTIVE,NONE,Garment Lower body,180.37,4
Elderly,ACTIVE,NONE,Garment Full body,82.17,4
Adult,ACTIVE,NONE,Swimwear,164.37,4
Young Adult,ACTIVE,NONE,Garment Upper body,163.74,1
Elderly,PRE-CREATE,NONE,Garment Upper body,197.21,2
Young Adult,ACTIVE,NONE,Underwear,239.04,1
Young Adult,ACTIVE,Regularly,Garment Upper body,218.12,3
Young Adult,ACTIVE,Regularly,Garment Upper body,395.9,3
Young Adult,ACTIVE,NONE,Garment Upper body,80.71,1
Elderly,ACTIVE,Regularly,Garment Lower body,291.33,0
Young Adult,ACTIVE,NONE,Swimwear,134.46,1
Young Adult,ACTIVE,NONE,Garment Upper body,552.77,1
Adult,ACTIVE,NONE,Swimwear,133.1,4
Adult,ACTIVE,NONE,Garment Upper body,113.55,4
Young Adult,ACTIVE,Regularly,Garment Lower body,134.46,3
Young Adult,ACTIVE,NONE,Garment Upper body,58.12,1
Young Adult,ACTIVE,NONE,Garment Upper body,186.75,1
Young Adult,ACTIVE,NONE,Underwear,273.34,1
Young Adult,ACTIVE,Regularly,Garment Full body,155.38,3
Young Adult,ACTIVE,NONE,Swimwear,186.75,1
Elderly,ACTIVE,Regularly,Garment Upper body,134.46,0
Adult,ACTIVE,NONE,Garment Upper body,343.61,4
Young Adult,ACTIVE,NONE,Garment Upper body,186.75,1
Adult,ACTIVE,NONE,Underwear,186.75,4
Young Adult,ACTIVE,Regularly,Garment Upper body,239.04,3
Young Adult,ACTIVE,NONE,Garment Upper body,230.04,1
Adult,ACTIVE,Regularly,Garment Lower body,138.64,0
Adult,ACTIVE,NONE,Garment Lower body,322.7,4
Young Adult,ACTIVE,NONE,Underwear,165.83,1
Adult,ACTIVE,NONE,Garment Upper body,197.21,4
Adult,ACTIVE,NONE,Garment Upper body,124,4
Young Adult,ACTIVE,Regularly,Garment Lower body,343.61,3
Young Adult,ACTIVE,Regularly,Underwear,134.46,3
Adult,ACTIVE,Regularly,Garment Upper body,156,0
Young Adult,ACTIVE,Regularly,Garment Lower body,343.61,3
Elderly,ACTIVE,NONE,Garment Full body,343.61,4
Adult,ACTIVE,NONE,Garment Upper body,280.87,4
Young Adult,ACTIVE,Regularly,Garment Upper body,448.19,3
Young Adult,ACTIVE,NONE,Underwear,113.55,1
Young Adult,ACTIVE,NONE,Swimwear,134.46,1
Young Adult,ACTIVE,Regularly,Underwear,113.55,3
Young Adult,ACTIVE,NONE,Garment Upper body,96.81,1
Young Adult,ACTIVE,NONE,Accessories,92.63,1
Young Adult,ACTIVE,NONE,Underwear,134.46,1
Elderly,ACTIVE,Regularly,Garment Upper body,134.46,0
Young Adult,ACTIVE,Regularly,Nightwear,186.75,3
Adult,ACTIVE,NONE,Garment Upper body,239.04,4
Adult,ACTIVE,NONE,Nightwear,144.92,4
Young Adult,ACTIVE,Regularly,Garment Lower body,395.9,3
Young Adult,PRE-CREATE,NONE,Swimwear,92.63,2
Adult,ACTIVE,Regularly,Underwear,82.17,0
Young Adult,ACTIVE,NONE,Underwear,113.55,1
Adult,ACTIVE,NONE,Garment Upper body,343.61,4
Adult,ACTIVE,Regularly,Garment Upper body,291.33,0
Young Adult,ACTIVE,Regularly,Garment Full body,343.61,3
Adult,ACTIVE,Regularly,Garment Upper body,254.72,0
Adult,ACTIVE,Regularly,Garment Upper body,239.04,0
Young Adult,ACTIVE,Regularly,Garment Full body,205.57,3
Elderly,ACTIVE,Regularly,Garment Upper body,163.22,0
Adult,ACTIVE,Regularly,Swimwear,165.83,0
Young Adult,ACTIVE,Regularly,Garment Upper body,71.72,3
Teenager,ACTIVE,NONE,Garment Upper body,124,0
Young Adult,ACTIVE,NONE,Garment Lower body,239.04,1
Elderly,ACTIVE,Regularly,Garment Upper body,134.46,0
Young Adult,ACTIVE,NONE,Garment Lower body,124,1
Adult,ACTIVE,NONE,Garment Upper body,106.54,4
Young Adult,ACTIVE,Regularly,Garment Lower body,291.33,3
Young Adult,ACTIVE,Regularly,Garment Lower body,395.9,3
Adult,ACTIVE,Regularly,Garment Full body,124,0
Young Adult,ACTIVE,Regularly,Garment Full body,206.2,3
Young Adult,ACTIVE,NONE,Accessories,71.72,1
Elderly,ACTIVE,Regularly,Accessories,186.75,0
Adult,ACTIVE,Regularly,Socks & Tights,61.26,0
Young Adult,ACTIVE,Regularly,Garment Full body,197.21,3
Young Adult,ACTIVE,NONE,Garment Upper body,165.83,1
Young Adult,ACTIVE,Regularly,Garment Upper body,291.33,3
Young Adult,ACTIVE,NONE,Swimwear,165.83,1
Adult,ACTIVE,NONE,Nightwear,186.75,4
Young Adult,ACTIVE,NONE,Swimwear,218.12,1
Young Adult,ACTIVE,Regularly,Garment Lower body,311.61,3
Young Adult,ACTIVE,NONE,Garment Upper body,186.75,1
Adult,ACTIVE,NONE,Garment Lower body,552.77,4
Young Adult,ACTIVE,Regularly,Socks & Tights,179.53,3
Adult,ACTIVE,NONE,Socks & Tights,113.55,4
Young Adult,ACTIVE,NONE,Garment Upper body,134.46,1
Young Adult,ACTIVE,NONE,Garment Upper body,113.55,1
Young Adult,ACTIVE,NONE,Garment Upper body,128.92,1
Adult,ACTIVE,NONE,Shoes,186.75,4
Young Adult,ACTIVE,Regularly,Swimwear,105.18,3
Young Adult,ACTIVE,NONE,Garment Lower body,239.04,1
Adult,ACTIVE,Regularly,Garment Upper body,113.55,0
Elderly,ACTIVE,Regularly,Garment Lower body,155.38,0
Adult,ACTIVE,NONE,Garment Upper body,448.19,4
Elderly,ACTIVE,Regularly,Garment Lower body,239.04,0
Young Adult,ACTIVE,Regularly,Garment Lower body,265.18,3
Adult,ACTIVE,NONE,Garment Full body,186.75,4
Young Adult,ACTIVE,Regularly,Garment Upper body,239.04,3
Elderly,NO MEMBERSHIP,NONE,Garment Lower body,113.55,2
Adult,ACTIVE,NONE,Garment Upper body,239.04,4
Young Adult,ACTIVE,Regularly,Garment Upper body,134.46,3
Adult,ACTIVE,Regularly,Garment Full body,239.04,0
Adult,ACTIVE,Regularly,Garment Lower body,239.04,0
Young Adult,ACTIVE,NONE,Garment Lower body,186.75,1
Young Adult,ACTIVE,Regularly,Garment Upper body,103.09,3
Young Adult,ACTIVE,Regularly,Garment Upper body,113.55,3
Adult,ACTIVE,Regularly,Underwear,134.46,0
Adult,ACTIVE,NONE,Garment Upper body,109.78,4
Adult,ACTIVE,NONE,Garment Upper body,134.46,4
Elderly,ACTIVE,Regularly,Garment Lower body,239.04,0
Young Adult,ACTIVE,NONE,Garment Upper body,1023.47,1
Adult,ACTIVE,Regularly,Garment Full body,249.5,0
Young Adult,ACTIVE,Regularly,Garment Lower body,291.33,3
Elderly,ACTIVE,Regularly,Swimwear,57.39,0
Young Adult,ACTIVE,Regularly,Garment Upper body,134.46,3
Young Adult,ACTIVE,NONE,Garment Upper body,171.06,1
Young Adult,ACTIVE,Regularly,Garment Full body,186.75,3
Adult,PRE-CREATE,NONE,Garment Lower body,552.77,2
Young Adult,ACTIVE,NONE,Underwear,235.69,1
Adult,ACTIVE,NONE,Garment Upper body,171.06,4
Adult,ACTIVE,Regularly,Garment Full body,218.12,0
Young Adult,ACTIVE,Regularly,Underwear,155.38,3
Young Adult,ACTIVE,Regularly,Garment Full body,239.04,3
Adult,ACTIVE,NONE,Garment Upper body,145.44,4
Young Adult,ACTIVE,Regularly,Swimwear,218.12,3
Adult,ACTIVE,NONE,Garment Full body,151.93,4
Elderly,ACTIVE,Regularly,Garment Upper body,218.12,0
Young Adult,ACTIVE,NONE,Garment Lower body,96.08,1
Young Adult,ACTIVE,NONE,Garment Upper body,82.17,1
Young Adult,ACTIVE,NONE,Garment Full body,291.33,1
Young Adult,ACTIVE,NONE,Garment Upper body,186.75,1
Young Adult,ACTIVE,NONE,Garment Upper body,124,1
Adult,ACTIVE,Regularly,Garment Upper body,155.38,0
Young Adult,ACTIVE,Regularly,Garment Upper body,197.31,3
Young Adult,ACTIVE,NONE,Underwear,186.75,1
Young Adult,PRE-CREATE,NONE,Garment Lower body,239.04,2
Young Adult,ACTIVE,Regularly,Garment Upper body,395.9,3
Adult,ACTIVE,NONE,Socks & Tights,71.72,4
Young Adult,ACTIVE,Regularly,Garment Upper body,186.75,3
Young Adult,ACTIVE,Regularly,Garment Upper body,186.75,3
Adult,ACTIVE,Regularly,Garment Lower body,218.12,0
Young Adult,ACTIVE,NONE,Garment Lower body,291.33,1
Young Adult,ACTIVE,NONE,Garment Upper body,96.81,1
Young Adult,ACTIVE,NONE,Underwear,165.83,1
Adult,ACTIVE,NONE,Garment Lower body,186.75,4
Young Adult,ACTIVE,NONE,Garment Upper body,113.55,1
Young Adult,ACTIVE,NONE,Garment Upper body,343.61,1
Young Adult,ACTIVE,NONE,Garment Full body,180.48,1
Adult,ACTIVE,Regularly,Garment Lower body,239.04,0
Adult,ACTIVE,NONE,Garment Upper body,92.63,4
Young Adult,ACTIVE,NONE,Swimwear,113.55,1
Young Adult,ACTIVE,NONE,Garment Upper body,80.08,1
Young Adult,ACTIVE,Regularly,Swimwear,218.12,3
Adult,ACTIVE,NONE,Garment Upper body,343.61,4
Young Adult,ACTIVE,NONE,Garment Lower body,276.48,1
Young Adult,ACTIVE,Regularly,Accessories,103.09,3
Young Adult,ACTIVE,Regularly,Garment Lower body,239.04,3
Adult,ACTIVE,Regularly,Garment Upper body,103.09,0
Young Adult,ACTIVE,Regularly,Garment Full body,239.04,3
Adult,ACTIVE,Regularly,Garment Upper body,113.55,0
Young Adult,ACTIVE,NONE,Garment Upper body,239.04,1
Young Adult,ACTIVE,Regularly,Swimwear,218.12,3
Young Adult,ACTIVE,NONE,Garment Full body,124,1
Elderly,ACTIVE,NONE,Underwear,86.98,4
Young Adult,ACTIVE,Regularly,Swimwear,291.33,3
Adult,ACTIVE,NONE,Garment Upper body,239.04,4
Young Adult,ACTIVE,NONE,Underwear,86.36,1
Elderly,ACTIVE,NONE,Shoes,291.33,4
Adult,ACTIVE,NONE,Garment Full body,291.33,4
Young Adult,ACTIVE,NONE,Underwear,138.64,1
Adult,ACTIVE,NONE,Garment Upper body,134.46,4
Adult,ACTIVE,Regularly,Garment Full body,239.04,0
Adult,ACTIVE,NONE,Garment Full body,186.75,4
Adult,ACTIVE,Regularly,Garment Lower body,124,0
Elderly,ACTIVE,Regularly,Garment Lower body,291.33,0
Adult,ACTIVE,Regularly,Garment Lower body,239.04,0
Adult,ACTIVE,Regularly,Garment Upper body,239.04,0
Adult,ACTIVE,NONE,Garment Lower body,218.12,4
Adult,ACTIVE,Regularly,Garment Lower body,99.64,0
Young Adult,ACTIVE,Regularly,Garment Upper body,218.12,3
Young Adult,ACTIVE,NONE,Underwear,92.63,1
Adult,ACTIVE,Regularly,Garment Full body,341,0
Elderly,PRE-CREATE,NONE,Garment Lower body,239.04,2
Adult,ACTIVE,NONE,Accessories,113.55,4
Elderly,ACTIVE,NONE,Accessories,165.83,4
Young Adult,ACTIVE,NONE,Garment Full body,312.24,1
Young Adult,PRE-CREATE,NONE,Swimwear,134.46,2
Young Adult,ACTIVE,Regularly,Garment Upper body,165.83,3
Young Adult,ACTIVE,NONE,Underwear,218.12,1
Adult,ACTIVE,Regularly,Shoes,301.78,0
Adult,ACTIVE,NONE,Garment Upper body,89.18,4
Young Adult,ACTIVE,NONE,Garment Lower body,141.05,1
Young Adult,ACTIVE,NONE,Garment Upper body,239.04,1
Young Adult,ACTIVE,Regularly,Socks & Tights,134.46,3
Adult,ACTIVE,NONE,Garment Full body,134.46,4
Adult,ACTIVE,NONE,Garment Upper body,113.55,4
Adult,ACTIVE,Regularly,Garment Upper body,312.24,0
Elderly,ACTIVE,NONE,Swimwear,291.33,4
Young Adult,ACTIVE,Regularly,Garment Upper body,189.89,3
Adult,ACTIVE,NONE,Garment Lower body,326.67,4
Elderly,ACTIVE,NONE,Swimwear,186.75,4
Adult,ACTIVE,NONE,Garment Upper body,163.22,4
Young Adult,ACTIVE,NONE,Garment Upper body,239.04,1
Adult,ACTIVE,Regularly,Garment Full body,239.04,0
Young Adult,ACTIVE,NONE,Garment Lower body,82.17,1
Adult,ACTIVE,Regularly,Garment Lower body,291.33,0
Adult,ACTIVE,NONE,Garment Lower body,296.56,4
Young Adult,ACTIVE,NONE,Garment Upper body,171.06,1
Young Adult,ACTIVE,NONE,Garment Upper body,448.19,1
Elderly,ACTIVE,Regularly,Garment Upper body,165.83,0
Young Adult,ACTIVE,NONE,Underwear,155.38,1
Young Adult,ACTIVE,NONE,Swimwear,218.12,1
Young Adult,ACTIVE,NONE,Garment Upper body,448.19,1
Adult,ACTIVE,NONE,Garment Upper body,406.36,4
Adult,ACTIVE,Regularly,Garment Full body,186.75,0
Young Adult,ACTIVE,NONE,Garment Upper body,103.09,1
Young Adult,ACTIVE,Regularly,Garment Lower body,239.04,3
Young Adult,ACTIVE,Regularly,Garment Upper body,186.75,3
Young Adult,ACTIVE,NONE,Garment Upper body,218.12,1
Adult,ACTIVE,NONE,Garment Upper body,185.39,4
Young Adult,ACTIVE,Regularly,Swimwear,134.46,3
Adult,ACTIVE,NONE,Socks & Tights,134.46,4
Young Adult,ACTIVE,NONE,Socks & Tights,113.55,1
Young Adult,ACTIVE,Regularly,Garment Upper body,82.17,3
Young Adult,ACTIVE,Regularly,Garment Upper body,134.46,3
Adult,ACTIVE,NONE,Underwear,92.63,4
Adult,ACTIVE,Regularly,Garment Upper body,103.09,0
Young Adult,ACTIVE,NONE,Garment Lower body,291.33,1
Adult,ACTIVE,Regularly,Garment Lower body,186.75,0
Elderly,ACTIVE,NONE,Accessories,165.83,4
Young Adult,ACTIVE,Regularly,Garment Lower body,291.33,3
Adult,ACTIVE,Regularly,Garment Upper body,171.06,0
Adult,ACTIVE,Regularly,Swimwear,218.12,0
Adult,ACTIVE,NONE,Garment Lower body,134.46,4
Adult,ACTIVE,NONE,Garment Upper body,113.55,4
Adult,ACTIVE,NONE,Garment Upper body,145.44,4
Elderly,ACTIVE,Regularly,Garment Upper body,761.92,0
Adult,ACTIVE,NONE,Garment Upper body,239.04,4
Elderly,ACTIVE,NONE,Garment Upper body,127.98,4
Young Adult,ACTIVE,Regularly,Swimwear,134.46,3
Adult,ACTIVE,NONE,Swimwear,186.75,4
Young Adult,ACTIVE,NONE,Accessories,92.63,1
Young Adult,ACTIVE,Regularly,Garment Full body,552.77,3
Adult,ACTIVE,NONE,Underwear,124,4
Elderly,ACTIVE,NONE,Garment Upper body,197.21,4
Adult,ACTIVE,NONE,Garment Lower body,291.33,4
Young Adult,ACTIVE,NONE,Swimwear,165.83,1
Young Adult,ACTIVE,Regularly,Socks & Tights,134.46,3
Elderly,ACTIVE,Regularly,Garment Full body,220.74,0
Adult,ACTIVE,NONE,Underwear,144.92,4
Adult,ACTIVE,NONE,Garment Upper body,82.17,4
Adult,ACTIVE,NONE,Garment Lower body,291.33,4
Elderly,ACTIVE,Regularly,Accessories,109.47,0
Young Adult,ACTIVE,Regularly,Shoes,134.46,3
Adult,ACTIVE,NONE,Garment Full body,186.75,4
Adult,ACTIVE,NONE,Garment Lower body,92.63,4
Adult,ACTIVE,Regularly,Garment Lower body,134.46,0
Young Adult,ACTIVE,NONE,Garment Lower body,134.46,1
Adult,ACTIVE,NONE,Garment Upper body,165.83,4
Young Adult,ACTIVE,Regularly,Garment Upper body,92.63,3
Young Adult,ACTIVE,Regularly,Garment Full body,552.77,3
Adult,ACTIVE,NONE,Garment Upper body,113.55,4
Adult,ACTIVE,Regularly,Garment Upper body,239.04,0
Adult,ACTIVE,Regularly,Garment Upper body,128.92,0
Elderly,ACTIVE,NONE,Garment Upper body,1065.3,4
Young Adult,ACTIVE,Regularly,Socks & Tights,50.8,3
Adult,ACTIVE,NONE,Garment Upper body,144.92,4
Elderly,ACTIVE,NONE,Garment Lower body,239.04,4
Adult,ACTIVE,Regularly,Garment Upper body,239.04,0
Adult,ACTIVE,Regularly,Garment Upper body,230.67,0
Adult,ACTIVE,Regularly,Garment Upper body,186.75,0
Adult,ACTIVE,NONE,Garment Upper body,165.83,4
Young Adult,PRE-CREATE,NONE,Underwear,96.81,2
Young Adult,ACTIVE,NONE,Garment Upper body,218.12,1
Adult,ACTIVE,NONE,Shoes,343.61,4
Adult,ACTIVE,Regularly,Garment Full body,385.45,0
Adult,ACTIVE,Regularly,Garment Upper body,88.45,0
Young Adult,ACTIVE,NONE,Nightwear,171.06,1
Adult,ACTIVE,NONE,Garment Upper body,239.04,4
Adult,ACTIVE,Regularly,Garment Lower body,343.61,0
Young Adult,ACTIVE,NONE,Garment Upper body,126.1,1
Young Adult,ACTIVE,NONE,Garment Upper body,343.61,1
Young Adult,ACTIVE,NONE,Garment Upper body,448.19,1
Young Adult,ACTIVE,NONE,Garment Lower body,186.75,1
Elderly,PRE-CREATE,NONE,Garment Lower body,134.46,2
Elderly,ACTIVE,NONE,Garment Upper body,165.83,4
Young Adult,ACTIVE,NONE,Garment Upper body,186.75,1
Young Adult,ACTIVE,NONE,Garment Full body,186.75,1
Young Adult,PRE-CREATE,NONE,Accessories,92.63,2
Young Adult,ACTIVE,NONE,Garment Upper body,189.89,1
Young Adult,PRE-CREATE,NONE,Garment Upper body,82.17,2
Young Adult,ACTIVE,NONE,Accessories,71.72,1
Young Adult,ACTIVE,NONE,Garment Lower body,240.92,1
Young Adult,ACTIVE,Regularly,Garment Lower body,265.18,3
Young Adult,ACTIVE,Regularly,Garment Lower body,474.34,3
Young Adult,ACTIVE,NONE,Garment Upper body,132.47,1
Elderly,ACTIVE,Regularly,Garment Upper body,239.04,0
Young Adult,ACTIVE,NONE,Garment Lower body,186.75,1
Adult,ACTIVE,Regularly,Garment Lower body,135.72,0
Young Adult,ACTIVE,NONE,Swimwear,186.75,1
Elderly,ACTIVE,Regularly,Nightwear,113.55,0
Young Adult,ACTIVE,NONE,Garment Lower body,134.46,1
Adult,ACTIVE,Regularly,Garment Lower body,343.61,0
Young Adult,ACTIVE,NONE,Garment Upper body,186.75,1
Young Adult,ACTIVE,Regularly,Swimwear,92.63,3
Young Adult,ACTIVE,NONE,Swimwear,186.75,1
Adult,ACTIVE,Regularly,Garment Upper body,163.22,0
Young Adult,ACTIVE,Regularly,Garment Full body,448.19,3
Adult,ACTIVE,NONE,Socks & Tights,134.46,4
Young Adult,ACTIVE,Regularly,Garment Upper body,155.38,3
Young Adult,ACTIVE,NONE,Garment Upper body,155.38,1
Young Adult,ACTIVE,Regularly,Garment Upper body,239.04,3
Young Adult,ACTIVE,NONE,Garment Upper body,85.62,1
Young Adult,ACTIVE,NONE,Garment Lower body,104.24,1
Elderly,ACTIVE,NONE,Garment Lower body,239.04,4
Adult,ACTIVE,Regularly,Garment Lower body,239.04,0
Elderly,ACTIVE,NONE,Garment Lower body,186.75,4
Young Adult,ACTIVE,NONE,Socks & Tights,113.55,1
Adult,ACTIVE,NONE,Garment Upper body,239.04,4
Elderly,ACTIVE,NONE,Garment Upper body,218.12,4
Adult,ACTIVE,Regularly,Garment Full body,152.24,0
Young Adult,ACTIVE,Regularly,Garment Full body,92.63,3
Adult,ACTIVE,Regularly,Garment Upper body,113.55,0
Young Adult,ACTIVE,NONE,Garment Lower body,239.04,1
Young Adult,ACTIVE,NONE,Garment Upper body,103.09,1
Young Adult,ACTIVE,NONE,Underwear,145.44,1
Young Adult,ACTIVE,NONE,Garment Upper body,448.19,1
Elderly,ACTIVE,NONE,Swimwear,134.46,4
Young Adult,ACTIVE,NONE,Garment Full body,186.75,1
Young Adult,ACTIVE,NONE,Garment Lower body,239.04,1
Young Adult,ACTIVE,Regularly,Garment Lower body,113.55,3
Young Adult,ACTIVE,Regularly,Garment Upper body,113.55,3
Adult,ACTIVE,Regularly,Garment Lower body,187.27,0
Adult,ACTIVE,NONE,Garment Lower body,103.09,4
Young Adult,ACTIVE,Regularly,Garment Full body,239.04,3
Adult,ACTIVE,NONE,Underwear,186.75,4
Young Adult,ACTIVE,NONE,Garment Upper body,218.12,1
Young Adult,PRE-CREATE,NONE,Garment Full body,171.06,2
Adult,ACTIVE,Regularly,Garment Full body,165.83,0
Young Adult,ACTIVE,Regularly,Garment Upper body,124,3
Young Adult,ACTIVE,Regularly,Garment Upper body,343.61,3
Young Adult,ACTIVE,Regularly,Swimwear,82.17,3
Young Adult,ACTIVE,NONE,Garment Lower body,239.04,1
Young Adult,ACTIVE,Regularly,Underwear,92.63,3
Adult,ACTIVE,NONE,Garment Upper body,239.04,4
Elderly,ACTIVE,Regularly,Shoes,395.9,0
Young Adult,ACTIVE,Regularly,Garment Upper body,134.46,3
Young Adult,ACTIVE,Regularly,Garment Upper body,134.46,3
Young Adult,ACTIVE,NONE,Swimwear,134.46,1
Young Adult,ACTIVE,NONE,Swimwear,186.75,1
Young Adult,ACTIVE,NONE,Garment Upper body,134.46,1
Adult,ACTIVE,NONE,Garment Lower body,276.48,4
Adult,ACTIVE,NONE,Shoes,186.75,4
Young Adult,ACTIVE,NONE,Garment Full body,291.33,1
Adult,ACTIVE,Regularly,Garment Upper body,82.17,0
Young Adult,ACTIVE,Regularly,Garment Upper body,291.33,3
Young Adult,ACTIVE,NONE,Garment Upper body,96.81,1
Young Adult,ACTIVE,NONE,Swimwear,171.06,1
Young Adult,ACTIVE,Regularly,Garment Upper body,197.21,3
Adult,ACTIVE,Regularly,Accessories,134.46,0
Adult,ACTIVE,NONE,Garment Upper body,165.83,4
Young Adult,ACTIVE,Regularly,Garment Upper body,165.83,3
Adult,ACTIVE,NONE,Garment Upper body,92.63,4
Young Adult,ACTIVE,Regularly,Garment Upper body,163.22,3
Young Adult,ACTIVE,NONE,Garment Upper body,70.57,1
Adult,ACTIVE,NONE,Garment Full body,376.35,4
Adult,ACTIVE,Regularly,Garment Full body,103.09,0
Adult,ACTIVE,NONE,Garment Upper body,239.04,4
Adult,ACTIVE,NONE,Garment Lower body,186.75,4
Young Adult,ACTIVE,NONE,Garment Upper body,111.04,1
Young Adult,ACTIVE,NONE,Garment Upper body,61.26,1
Young Adult,ACTIVE,NONE,Underwear,182.36,1
Young Adult,ACTIVE,Regularly,Garment Lower body,239.04,3
Adult,ACTIVE,Regularly,Garment Upper body,96.81,0
Adult,ACTIVE,NONE,Garment Full body,180.79,4
Young Adult,ACTIVE,Regularly,Accessories,218.12,3
Young Adult,ACTIVE,Regularly,Garment Upper body,74.33,3
Teenager,ACTIVE,NONE,Garment Upper body,82.17,0
Young Adult,ACTIVE,NONE,Garment Full body,165.83,1
Young Adult,ACTIVE,NONE,Garment Upper body,207.67,1
Elderly,ACTIVE,Regularly,Unknown,134.46,0
Young Adult,ACTIVE,Regularly,Garment Lower body,406.36,3
Elderly,ACTIVE,NONE,Garment Upper body,113.55,4
Young Adult,ACTIVE,NONE,Garment Lower body,438.15,1
Young Adult,ACTIVE,Regularly,Garment Upper body,239.04,3
Adult,ACTIVE,NONE,Garment Upper body,113.55,4
Young Adult,ACTIVE,Regularly,Underwear,165.83,3
Elderly,ACTIVE,Regularly,Garment Full body,134.46,0
Adult,ACTIVE,NONE,Garment Lower body,291.33,4
Elderly,ACTIVE,Regularly,Accessories,165.83,0
Elderly,ACTIVE,NONE,Garment Upper body,239.04,4
Adult,ACTIVE,NONE,Socks & Tights,96.81,4
Young Adult,ACTIVE,NONE,Underwear,218.12,1
Adult,ACTIVE,NONE,Garment Upper body,113.55,4
Young Adult,ACTIVE,Regularly,Swimwear,113.55,3
Adult,ACTIVE,NONE,Garment Upper body,186.75,4
Adult,ACTIVE,Regularly,Garment Lower body,265.29,0
Young Adult,ACTIVE,Regularly,Garment Lower body,218.12,3
Adult,ACTIVE,NONE,Underwear,165.83,4
Adult,ACTIVE,NONE,Garment Upper body,134.46,4
Young Adult,ACTIVE,NONE,Garment Upper body,82.17,1
Young Adult,ACTIVE,Regularly,Garment Lower body,239.04,3
Adult,ACTIVE,NONE,Garment Lower body,236.63,4
Adult,ACTIVE,Regularly,Garment Upper body,82.17,0
Elderly,ACTIVE,NONE,Garment Upper body,239.04,4
Young Adult,ACTIVE,NONE,Swimwear,186.75,1
Young Adult,ACTIVE,Regularly,Garment Lower body,165.83,3
Young Adult,ACTIVE,Regularly,Garment Upper body,113.55,3
Elderly,ACTIVE,NONE,Swimwear,134.46,4
Young Adult,ACTIVE,NONE,Garment Upper body,134.46,1
Young Adult,ACTIVE,NONE,Garment Lower body,265.18,1
Young Adult,ACTIVE,Regularly,Garment Upper body,134.46,3
Young Adult,ACTIVE,Regularly,Garment Lower body,232.03,3
Young Adult,ACTIVE,Regularly,Garment Lower body,239.04,3
Young Adult,PRE-CREATE,NONE,Garment Lower body,186.75,2
Adult,ACTIVE,Regularly,Garment Lower body,239.04,0
Elderly,ACTIVE,Regularly,Garment Upper body,239.04,0
Young Adult,ACTIVE,NONE,Garment Upper body,103.09,1
Young Adult,ACTIVE,Regularly,Garment Upper body,134.46,3
Young Adult,ACTIVE,NONE,Garment Full body,152.24,1
Young Adult,ACTIVE,NONE,Garment Upper body,218.12,1
Young Adult,ACTIVE,Regularly,Garment Upper body,239.04,3
Young Adult,ACTIVE,Regularly,Garment Upper body,134.46,3
Young Adult,ACTIVE,NONE,Garment Upper body,239.04,1
Adult,ACTIVE,Regularly,Garment Lower body,335.25,0
Young Adult,ACTIVE,NONE,Garment Lower body,239.04,1
Elderly,ACTIVE,Regularly,Garment Upper body,155.38,0
Elderly,ACTIVE,NONE,Nightwear,291.33,4
Young Adult,ACTIVE,NONE,Garment Lower body,134.46,1
Adult,ACTIVE,NONE,Garment Upper body,118.78,4
Young Adult,ACTIVE,NONE,Garment Upper body,343.61,1
Young Adult,ACTIVE,NONE,Garment Upper body,239.04,1
Adult,ACTIVE,Regularly,Underwear,142.83,0
Young Adult,ACTIVE,Regularly,Garment Upper body,134.46,3
Adult,ACTIVE,Regularly,Garment Lower body,199.3,0
Young Adult,ACTIVE,Regularly,Garment Upper body,71.72,3
Elderly,ACTIVE,NONE,Garment Lower body,186.75,4
Young Adult,ACTIVE,NONE,Garment Lower body,233.81,1
Adult,ACTIVE,NONE,Garment Full body,186.75,4
Adult,ACTIVE,NONE,Swimwear,395.9,4
Adult,ACTIVE,NONE,Underwear,186.75,4
Young Adult,ACTIVE,NONE,Garment Lower body,165.83,1
Adult,ACTIVE,NONE,Garment Upper body,124,4
Adult,ACTIVE,NONE,Garment Upper body,92.63,4
Young Adult,ACTIVE,Regularly,Garment Upper body,287.77,3
Adult,ACTIVE,NONE,Accessories,186.75,4
Adult,ACTIVE,NONE,Garment Upper body,171.17,4
Young Adult,PRE-CREATE,NONE,Underwear,254.83,2
Young Adult,ACTIVE,NONE,Garment Full body,343.61,1
Young Adult,ACTIVE,Regularly,Swimwear,187.9,3
Young Adult,ACTIVE,NONE,Garment Full body,186.75,1
Young Adult,ACTIVE,Regularly,Garment Lower body,113.55,3
Young Adult,ACTIVE,NONE,Garment Lower body,172.84,1
Adult,ACTIVE,NONE,Underwear,118.78,4
Adult,ACTIVE,NONE,Garment Upper body,349.89,4
Adult,ACTIVE,Regularly,Garment Full body,291.33,0
Adult,ACTIVE,Regularly,Garment Upper body,224.4,0
Adult,ACTIVE,NONE,Garment Lower body,197.21,4
Young Adult,ACTIVE,Regularly,Garment Lower body,85,3
Adult,ACTIVE,NONE,Garment Upper body,218.12,4
Elderly,ACTIVE,Regularly,Shoes,343.61,0
Young Adult,ACTIVE,Regularly,Garment Upper body,239.04,3
Young Adult,ACTIVE,Regularly,Socks & Tights,152.24,3
Young Adult,ACTIVE,Regularly,Underwear,110.51,3
Young Adult,ACTIVE,NONE,Underwear,145.44,1
Young Adult,ACTIVE,NONE,Garment Lower body,239.04,1
Young Adult,ACTIVE,Regularly,Garment Upper body,134.46,3
Young Adult,ACTIVE,Regularly,Garment Upper body,134.46,3
Young Adult,ACTIVE,NONE,Swimwear,186.75,1
Elderly,ACTIVE,NONE,Garment Upper body,171.06,4
Young Adult,ACTIVE,Regularly,Garment Upper body,1570.19,3
Adult,ACTIVE,NONE,Garment Full body,207.67,4
Young Adult,ACTIVE,Regularly,Garment Upper body,395.9,3
Adult,ACTIVE,Regularly,Accessories,50.8,0
Young Adult,ACTIVE,NONE,Garment Lower body,113.55,1
Adult,ACTIVE,Regularly,Garment Full body,186.75,0
Adult,ACTIVE,Regularly,Garment Upper body,134.46,0
Young Adult,ACTIVE,NONE,Garment Lower body,239.04,1
Young Adult,ACTIVE,Regularly,Garment Upper body,186.75,3
Adult,ACTIVE,NONE,Garment Lower body,186.75,4
Elderly,ACTIVE,Regularly,Socks & Tights,106.02,0
Adult,ACTIVE,Regularly,Garment Upper body,134.46,0
Adult,ACTIVE,Regularly,Garment Lower body,113.55,0
Adult,ACTIVE,NONE,Nightwear,291.33,4
Adult,PRE-CREATE,NONE,Garment Upper body,134.46,2
Teenager,ACTIVE,NONE,Garment Upper body,134.46,0
Teenager,ACTIVE,Regularly,Swimwear,186.75,0
Young Adult,ACTIVE,Regularly,Garment Lower body,239.04,3
Young Adult,ACTIVE,NONE,Accessories,103.09,1
Young Adult,ACTIVE,NONE,Garment Upper body,113.55,1
Young Adult,ACTIVE,NONE,Garment Upper body,88.45,1
Young Adult,ACTIVE,Regularly,Garment Full body,239.04,3
Adult,ACTIVE,NONE,Garment Upper body,239.04,4
Elderly,ACTIVE,NONE,Swimwear,124,4
Young Adult,PRE-CREATE,NONE,Garment Lower body,395.9,2
Adult,ACTIVE,NONE,Shoes,448.19,4
Adult,ACTIVE,Regularly,Garment Full body,406.36,0
Young Adult,ACTIVE,NONE,Garment Upper body,249.5,1
Adult,ACTIVE,Regularly,Garment Upper body,186.75,0
Adult,ACTIVE,Regularly,Garment Upper body,63.87,0
Young Adult,ACTIVE,Regularly,Underwear,186.75,3
Adult,ACTIVE,Regularly,Garment Lower body,197.21,0
Young Adult,ACTIVE,Regularly,Garment Full body,448.19,3
Adult,ACTIVE,Regularly,Garment Lower body,239.04,0
Adult,ACTIVE,NONE,Garment Lower body,186.75,4
Adult,ACTIVE,NONE,Garment Upper body,134.46,4
Adult,ACTIVE,NONE,Accessories,77.68,4
Young Adult,ACTIVE,Regularly,Swimwear,218.12,3
Adult,ACTIVE,Regularly,Garment Lower body,291.33,0
Young Adult,ACTIVE,NONE,Garment Lower body,71.72,1
Young Adult,ACTIVE,Regularly,Accessories,45.57,3
Young Adult,ACTIVE,Regularly,Garment Upper body,657.34,3
Young Adult,ACTIVE,Regularly,Underwear,305.86,3
Adult,ACTIVE,Regularly,Garment Upper body,325.73,0
Adult,ACTIVE,Regularly,Garment Upper body,82.17,0
Young Adult,ACTIVE,NONE,Garment Upper body,343.61,1
Young Adult,ACTIVE,Regularly,Accessories,92.63,3
Elderly,ACTIVE,NONE,Garment Lower body,448.19,4
Adult,ACTIVE,Regularly,Underwear,134.46,0
Young Adult,PRE-CREATE,NONE,Nightwear,291.33,2
Young Adult,ACTIVE,NONE,Socks & Tights,134.46,1
Young Adult,ACTIVE,NONE,Garment Full body,291.33,1
Young Adult,ACTIVE,NONE,Garment Upper body,218.12,1
Young Adult,ACTIVE,NONE,Garment Full body,239.04,1
Adult,ACTIVE,Regularly,Garment Upper body,218.12,0
Young Adult,ACTIVE,NONE,Garment Full body,291.33,1
Young Adult,ACTIVE,Regularly,Garment Lower body,448.19,3
Young Adult,ACTIVE,Regularly,Garment Lower body,113.55,3
Adult,ACTIVE,NONE,Garment Upper body,101.52,4
Young Adult,ACTIVE,NONE,Garment Lower body,239.04,1
Young Adult,ACTIVE,NONE,Swimwear,218.12,1
Adult,ACTIVE,Regularly,Garment Lower body,127.35,0
Adult,PRE-CREATE,NONE,Shoes,165.83,2
Young Adult,ACTIVE,NONE,Swimwear,92.63,1
Elderly,ACTIVE,Regularly,Garment Lower body,208.5,0
Young Adult,ACTIVE,NONE,Garment Upper body,144.92,1
Young Adult,ACTIVE,NONE,Garment Upper body,171.06,1
Young Adult,ACTIVE,Regularly,Garment Upper body,165.83,3
Adult,ACTIVE,NONE,Garment Upper body,82.17,4
Young Adult,ACTIVE,NONE,Garment Lower body,218.12,1
Young Adult,ACTIVE,NONE,Swimwear,163.22,1
Young Adult,ACTIVE,NONE,Accessories,130.07,1
Young Adult,ACTIVE,NONE,Nightwear,239.04,1
Young Adult,ACTIVE,NONE,Garment Lower body,291.33,1
Young Adult,ACTIVE,Regularly,Garment Full body,239.04,3
Adult,ACTIVE,NONE,Garment Upper body,164.37,4
Adult,PRE-CREATE,NONE,Garment Upper body,239.04,2
Young Adult,ACTIVE,NONE,Swimwear,82.17,1
Adult,ACTIVE,Regularly,Accessories,197.21,0
Young Adult,ACTIVE,Regularly,Garment Upper body,239.04,3
Young Adult,ACTIVE,NONE,Garment Upper body,531.85,1
Young Adult,ACTIVE,NONE,Garment Lower body,343.61,1
Elderly,ACTIVE,Regularly,Garment Lower body,343.61,0
Adult,ACTIVE,NONE,Garment Lower body,128.61,4
Adult,ACTIVE,NONE,Underwear,35.11,4
Young Adult,ACTIVE,Regularly,Socks & Tights,113.55,3
Adult,ACTIVE,NONE,Swimwear,165.83,4
Young Adult,ACTIVE,NONE,Underwear,92.63,1
Young Adult,ACTIVE,NONE,Accessories,134.46,1
Young Adult,ACTIVE,Regularly,Garment Upper body,134.46,3
Adult,ACTIVE,NONE,Garment Lower body,312.24,4
Adult,ACTIVE,Regularly,Garment Lower body,218.12,0
Young Adult,ACTIVE,Regularly,Garment Upper body,190.31,3
Young Adult,ACTIVE,NONE,Garment Upper body,75.38,1
Adult,ACTIVE,NONE,Garment Lower body,291.33,4
Adult,ACTIVE,NONE,Shoes,71.72,4
Young Adult,ACTIVE,NONE,Underwear,239.04,1
Adult,ACTIVE,NONE,Garment Lower body,291.33,4
Adult,ACTIVE,Regularly,Accessories,134.46,0
Young Adult,ACTIVE,NONE,Unknown,186.75,1
Young Adult,ACTIVE,NONE,Garment Upper body,199.3,1
Adult,ACTIVE,NONE,Garment Upper body,343.61,4
Adult,ACTIVE,NONE,Garment Upper body,82.17,4
Young Adult,ACTIVE,NONE,Underwear,291.33,1
Young Adult,ACTIVE,Regularly,Garment Full body,267.59,3
Adult,ACTIVE,NONE,Garment Upper body,82.17,4
Young Adult,ACTIVE,Regularly,Garment Full body,165.83,3
Elderly,ACTIVE,NONE,Garment Upper body,186.75,4
Adult,ACTIVE,NONE,Underwear,183.3,4
Young Adult,ACTIVE,NONE,Garment Upper body,239.04,1
Young Adult,ACTIVE,NONE,Garment Upper body,134.46,1
Adult,ACTIVE,NONE,Garment Upper body,134.46,4
Young Adult,ACTIVE,Regularly,Garment Full body,134.46,3
Adult,ACTIVE,Regularly,Garment Upper body,50.8,0
Young Adult,ACTIVE,NONE,Underwear,134.46,1
Young Adult,ACTIVE,NONE,Garment Upper body,761.92,1
Adult,ACTIVE,Regularly,Garment Upper body,448.19,0
Adult,ACTIVE,NONE,Garment Full body,186.75,4
Young Adult,ACTIVE,Regularly,Garment Lower body,130.28,3
Young Adult,ACTIVE,NONE,Garment Upper body,134.46,1
Adult,ACTIVE,Regularly,Garment Full body,144.92,0
Adult,ACTIVE,Regularly,Garment Full body,113.55,0
Young Adult,ACTIVE,NONE,Underwear,134.46,1
Young Adult,ACTIVE,NONE,Garment Lower body,103.09,1
Young Adult,ACTIVE,NONE,Garment Upper body,239.04,1
Young Adult,ACTIVE,NONE,Garment Upper body,284.01,1
Elderly,ACTIVE,NONE,Garment Full body,218.12,4
Adult,ACTIVE,NONE,Garment Upper body,186.75,4
Elderly,ACTIVE,Regularly,Garment Upper body,165.83,0
Young Adult,ACTIVE,NONE,Garment Full body,233.39,1
Young Adult,ACTIVE,NONE,Garment Lower body,291.33,1
Young Adult,ACTIVE,NONE,Garment Upper body,134.46,1
Young Adult,ACTIVE,NONE,Garment Upper body,56.55,1
Young Adult,ACTIVE,NONE,Garment Full body,552.77,1
Young Adult,ACTIVE,NONE,Accessories,134.46,1
Young Adult,ACTIVE,NONE,Garment Upper body,197.21,1
Young Adult,ACTIVE,NONE,Garment Lower body,165.83,1
Adult,ACTIVE,Regularly,Garment Upper body,239.04,0
Young Adult,ACTIVE,Regularly,Garment Upper body,186.75,3
Adult,ACTIVE,NONE,Garment Upper body,225.13,4
Young Adult,ACTIVE,Regularly,Garment Lower body,239.04,3
Young Adult,ACTIVE,Regularly,Garment Upper body,186.75,3
Adult,ACTIVE,Regularly,Garment Upper body,82.17,0
Adult,ACTIVE,NONE,Swimwear,218.12,4
Young Adult,ACTIVE,NONE,Garment Lower body,134.46,1
Elderly,ACTIVE,Regularly,Swimwear,171.06,0
Young Adult,ACTIVE,Regularly,Garment Lower body,148.89,3
Adult,ACTIVE,Regularly,Swimwear,129.86,0
Young Adult,ACTIVE,Regularly,Garment Full body,124,3
Adult,ACTIVE,NONE,Garment Upper body,343.61,4
Young Adult,ACTIVE,NONE,Swimwear,218.12,1
Young Adult,ACTIVE,NONE,Swimwear,186.75,1
Young Adult,ACTIVE,Regularly,Garment Full body,343.61,3
Elderly,ACTIVE,NONE,Garment Upper body,165.83,4
Young Adult,ACTIVE,NONE,Garment Lower body,239.04,1
Young Adult,ACTIVE,NONE,Garment Upper body,186.75,1
Young Adult,ACTIVE,NONE,Garment Full body,197.21,1
Young Adult,ACTIVE,NONE,Garment Upper body,239.04,1
Young Adult,ACTIVE,NONE,Garment Upper body,134.46,1
Adult,ACTIVE,Regularly,Garment Lower body,72.97,0
Elderly,ACTIVE,NONE,Garment Lower body,239.04,4
Young Adult,ACTIVE,NONE,Garment Upper body,227.12,1
Young Adult,ACTIVE,Regularly,Garment Upper body,56.24,3
Adult,ACTIVE,NONE,Garment Upper body,291.33,4
Adult,ACTIVE,NONE,Underwear,239.04,4
Young Adult,ACTIVE,NONE,Swimwear,199.3,1
Adult,ACTIVE,Regularly,Garment Full body,113.55,0
Young Adult,ACTIVE,Regularly,Accessories,61.26,3
Adult,ACTIVE,NONE,Garment Upper body,82.17,4
Young Adult,ACTIVE,NONE,Garment Upper body,186.75,1
Adult,ACTIVE,Regularly,Garment Upper body,113.55,0
Young Adult,ACTIVE,Regularly,Garment Lower body,160.61,3
Elderly,ACTIVE,NONE,Garment Lower body,239.04,4
Adult,ACTIVE,NONE,Garment Lower body,265.18,4
Elderly,ACTIVE,NONE,Garment Upper body,186.75,4
Elderly,ACTIVE,NONE,Swimwear,186.75,4
Young Adult,ACTIVE,Regularly,Socks & Tights,51.85,3
Young Adult,ACTIVE,NONE,Accessories,71.72,1
Young Adult,ACTIVE,Regularly,Garment Upper body,113.55,3
Young Adult,ACTIVE,NONE,Garment Full body,343.61,1
Young Adult,ACTIVE,NONE,Garment Lower body,239.04,1
Young Adult,PRE-CREATE,NONE,Underwear,134.46,2
Elderly,ACTIVE,NONE,Garment Full body,343.61,4
Young Adult,ACTIVE,NONE,Garment Upper body,165.83,1
Elderly,ACTIVE,Regularly,Swimwear,343.61,0
Young Adult,ACTIVE,Regularly,Garment Upper body,185.29,3
Young Adult,ACTIVE,Regularly,Garment Upper body,239.04,3
Adult,ACTIVE,NONE,Swimwear,50.8,4
Young Adult,ACTIVE,NONE,Garment Upper body,354.07,1
Young Adult,ACTIVE,Regularly,Garment Lower body,134.46,3
Adult,ACTIVE,NONE,Garment Upper body,186.75,4
Adult,ACTIVE,Regularly,Garment Upper body,155.38,0
Young Adult,ACTIVE,NONE,Garment Lower body,239.04,1
Young Adult,ACTIVE,NONE,Garment Full body,239.04,1
Young Adult,ACTIVE,NONE,Underwear,134.46,1
Young Adult,ACTIVE,NONE,Garment Upper body,186.75,1
Young Adult,ACTIVE,NONE,Garment Upper body,206.31,1
Adult,ACTIVE,Regularly,Garment Upper body,134.46,0
Adult,ACTIVE,Regularly,Garment Upper body,318.52,0
Young Adult,ACTIVE,NONE,Garment Upper body,127.04,1
Elderly,ACTIVE,Regularly,Garment Upper body,113.55,0
Young Adult,ACTIVE,NONE,Garment Upper body,82.17,1
Young Adult,ACTIVE,NONE,Garment Upper body,239.04,1
Elderly,ACTIVE,NONE,Underwear,165.83,4
Young Adult,ACTIVE,Regularly,Accessories,252.11,3
Young Adult,ACTIVE,Regularly,Garment Full body,343.61,3
Elderly,ACTIVE,Regularly,Garment Upper body,92.63,0
Young Adult,ACTIVE,Regularly,Garment Lower body,186.75,3
Adult,ACTIVE,Regularly,Garment Upper body,152.24,0
Young Adult,ACTIVE,NONE,Garment Upper body,82.17,1
Young Adult,ACTIVE,Regularly,Garment Full body,82.17,3
Adult,PRE-CREATE,NONE,Garment Lower body,134.46,2
Adult,ACTIVE,NONE,Garment Upper body,145.34,4
Elderly,ACTIVE,NONE,Garment Upper body,124,4
Adult,ACTIVE,NONE,Swimwear,171.06,4
Young Adult,ACTIVE,Regularly,Garment Upper body,239.04,3
Elderly,ACTIVE,NONE,Garment Lower body,291.33,4
Young Adult,ACTIVE,NONE,Garment Upper body,92.63,1
Adult,ACTIVE,NONE,Garment Full body,239.04,4
Young Adult,ACTIVE,NONE,Garment Lower body,230.04,1
Adult,ACTIVE,Regularly,Socks & Tights,134.46,0
Young Adult,ACTIVE,Regularly,Garment Upper body,58.12,3
Adult,ACTIVE,NONE,Shoes,71.72,4
Young Adult,ACTIVE,Regularly,Garment Full body,180.16,3
Young Adult,ACTIVE,Regularly,Garment Upper body,61.26,3
Adult,ACTIVE,Regularly,Garment Full body,395.9,0
Young Adult,ACTIVE,Regularly,Garment Upper body,343.61,3
Adult,ACTIVE,NONE,Garment Full body,204.74,4
Young Adult,ACTIVE,Regularly,Garment Lower body,239.04,3
Young Adult,ACTIVE,NONE,Accessories,197.21,1
Adult,ACTIVE,Regularly,Garment Lower body,113.55,0
Adult,ACTIVE,Regularly,Garment Full body,186.75,0
Young Adult,ACTIVE,Regularly,Garment Upper body,77.47,3
Young Adult,ACTIVE,Regularly,Garment Lower body,291.33,3
Young Adult,ACTIVE,Regularly,Garment Upper body,395.9,3
Adult,ACTIVE,Regularly,Garment Upper body,197.21,0
Adult,ACTIVE,NONE,Garment Lower body,165.83,4
Young Adult,ACTIVE,NONE,Accessories,113.55,1
Young Adult,ACTIVE,Regularly,Garment Upper body,186.75,3
Young Adult,ACTIVE,Regularly,Underwear,113.55,3
Young Adult,ACTIVE,NONE,Underwear,92.63,1
Adult,ACTIVE,Regularly,Garment Upper body,343.61,0
Young Adult,ACTIVE,NONE,Garment Upper body,239.04,1
Adult,ACTIVE,Regularly,Garment Upper body,124,0
Young Adult,ACTIVE,NONE,Garment Lower body,82.17,1
Elderly,ACTIVE,NONE,Swimwear,186.75,4
Young Adult,ACTIVE,NONE,Accessories,186.75,1
Elderly,ACTIVE,Regularly,Accessories,82.17,0
Young Adult,ACTIVE,Regularly,Swimwear,218.12,3
Young Adult,ACTIVE,Regularly,Socks & Tights,113.55,3
Young Adult,ACTIVE,Regularly,Garment Full body,186.75,3
Young Adult,ACTIVE,NONE,Garment Full body,103.09,1
Young Adult,ACTIVE,Regularly,Garment Lower body,134.46,3
Young Adult,ACTIVE,NONE,Garment Upper body,448.19,1
Adult,ACTIVE,Regularly,Garment Lower body,331.07,0
Adult,ACTIVE,Regularly,Garment Upper body,239.04,0
Adult,ACTIVE,NONE,Garment Upper body,291.33,4
Young Adult,ACTIVE,NONE,Garment Full body,448.19,1
Elderly,ACTIVE,Regularly,Underwear,134.46,0
Adult,ACTIVE,Regularly,Garment Lower body,155.38,0
Young Adult,ACTIVE,Regularly,Garment Upper body,92.63,3
Young Adult,ACTIVE,NONE,Socks & Tights,124,1
Young Adult,ACTIVE,Regularly,Garment Lower body,132.89,3
Young Adult,ACTIVE,Regularly,Garment Upper body,134.46,3
Young Adult,NO MEMBERSHIP,NONE,Swimwear,218.12,2
Teenager,PRE-CREATE,NONE,Garment Lower body,239.04,2
Adult,ACTIVE,NONE,Underwear,218.12,4
Adult,ACTIVE,Regularly,Garment Lower body,291.33,0
Young Adult,ACTIVE,NONE,Garment Upper body,218.12,1
Adult,ACTIVE,Regularly,Garment Lower body,186.75,0
Adult,ACTIVE,Regularly,Garment Upper body,101,0
Young Adult,ACTIVE,Regularly,Garment Upper body,233.5,3
Elderly,ACTIVE,NONE,Accessories,76.94,4
Young Adult,ACTIVE,NONE,Underwear,280.87,1
Teenager,ACTIVE,Regularly,Underwear,131.85,0
Adult,ACTIVE,Regularly,Garment Lower body,71.72,0
Young Adult,ACTIVE,Regularly,Garment Full body,761.92,3
Adult,ACTIVE,Regularly,Socks & Tights,113.55,0
Adult,ACTIVE,NONE,Garment Upper body,134.46,4
Young Adult,ACTIVE,NONE,Garment Lower body,406.36,1
Young Adult,ACTIVE,NONE,Garment Upper body,67.53,1
Young Adult,ACTIVE,Regularly,Garment Upper body,657.34,3
Adult,ACTIVE,Regularly,Garment Upper body,124,0
Young Adult,ACTIVE,NONE,Garment Upper body,165.83,1
Young Adult,ACTIVE,NONE,Garment Lower body,134.46,1
Adult,ACTIVE,NONE,Garment Upper body,186.75,4
Young Adult,ACTIVE,Regularly,Garment Upper body,105.18,3
Young Adult,ACTIVE,NONE,Garment Upper body,134.46,1
Young Adult,ACTIVE,NONE,Garment Upper body,134.46,1
Young Adult,ACTIVE,NONE,Garment Upper body,343.61,1
Young Adult,ACTIVE,Regularly,Garment Upper body,134.46,3
Young Adult,ACTIVE,NONE,Garment Upper body,531.85,1
Young Adult,ACTIVE,NONE,Underwear,239.04,1
Adult,ACTIVE,Regularly,Accessories,103.09,0
Adult,ACTIVE,NONE,Accessories,113.55,4
Elderly,ACTIVE,NONE,Swimwear,186.75,4
Adult,ACTIVE,Regularly,Garment Upper body,343.61,0
Adult,ACTIVE,NONE,Garment Upper body,291.33,4
Young Adult,ACTIVE,Regularly,Garment Upper body,343.61,3
Young Adult,NO MEMBERSHIP,Regularly,Underwear,291.33,2
Adult,ACTIVE,Regularly,Garment Upper body,92.11,0
Young Adult,ACTIVE,NONE,Garment Upper body,40.34,1
Young Adult,ACTIVE,NONE,Accessories,152.24,1
Adult,ACTIVE,Regularly,Nightwear,147.53,0
Adult,ACTIVE,Regularly,Garment Upper body,133.21,0
Young Adult,ACTIVE,NONE,Garment Upper body,133.52,1
Adult,ACTIVE,Regularly,Socks & Tights,96.81,0
Young Adult,ACTIVE,Regularly,Garment Upper body,239.04,3
Young Adult,ACTIVE,NONE,Accessories,82.17,1
Adult,ACTIVE,NONE,Garment Full body,113.55,4
Young Adult,ACTIVE,NONE,Swimwear,134.46,1
Young Adult,ACTIVE,NONE,Garment Upper body,82.17,1
Young Adult,ACTIVE,Regularly,Garment Lower body,218.12,3
Young Adult,ACTIVE,Regularly,Garment Upper body,134.46,3
Young Adult,ACTIVE,NONE,Garment Lower body,207.67,1
Adult,ACTIVE,NONE,Garment Upper body,291.33,4
Young Adult,ACTIVE,NONE,Garment Upper body,113.55,1
Young Adult,ACTIVE,Regularly,Nightwear,221.57,3
Adult,ACTIVE,Regularly,Garment Full body,239.04,0
Young Adult,ACTIVE,NONE,Garment Full body,291.33,1
Elderly,ACTIVE,Regularly,Underwear,127.56,0
Adult,ACTIVE,NONE,Garment Upper body,113.55,4
Young Adult,ACTIVE,Regularly,Underwear,134.46,3
Adult,ACTIVE,NONE,Garment Full body,218.12,4
Young Adult,ACTIVE,NONE,Garment Upper body,81.23,1
Young Adult,ACTIVE,Regularly,Garment Upper body,97.13,3
Young Adult,ACTIVE,NONE,Swimwear,199.3,1
Young Adult,ACTIVE,Regularly,Underwear,91.69,3
Young Adult,ACTIVE,NONE,Garment Upper body,82.17,1
Adult,ACTIVE,NONE,Garment Lower body,144.92,4
Adult,ACTIVE,NONE,Garment Upper body,405.31,4
Adult,ACTIVE,Regularly,Garment Upper body,312.24,0
Young Adult,ACTIVE,NONE,Garment Lower body,255.88,1
Adult,ACTIVE,NONE,Underwear,180.48,4
Elderly,ACTIVE,NONE,Garment Upper body,163.22,4
Young Adult,ACTIVE,NONE,Accessories,113.55,1
Young Adult,ACTIVE,NONE,Garment Upper body,239.04,1
Young Adult,ACTIVE,NONE,Underwear,134.46,1
Adult,ACTIVE,Regularly,Garment Lower body,113.55,0
Young Adult,ACTIVE,Regularly,Garment Upper body,239.04,3
Young Adult,ACTIVE,Regularly,Garment Full body,76.94,3
Adult,ACTIVE,Regularly,Garment Full body,265.18,0
Young Adult,ACTIVE,NONE,Garment Full body,448.19,1
Young Adult,ACTIVE,Regularly,Garment Upper body,134.46,3
Adult,ACTIVE,Regularly,Garment Upper body,343.61,0
Adult,ACTIVE,NONE,Garment Full body,103.09,4
Elderly,ACTIVE,Regularly,Garment Upper body,124,0
Young Adult,ACTIVE,NONE,Garment Lower body,448.19,1
Young Adult,ACTIVE,Regularly,Garment Upper body,76.94,3
Young Adult,ACTIVE,NONE,Garment Lower body,249.5,1
Young Adult,ACTIVE,NONE,Garment Upper body,291.33,1
Young Adult,ACTIVE,Regularly,Swimwear,218.12,3
Adult,ACTIVE,NONE,Garment Lower body,134.46,4
Young Adult,ACTIVE,NONE,Garment Lower body,239.04,1
Adult,ACTIVE,Regularly,Accessories,103.09,0
Young Adult,ACTIVE,NONE,Garment Upper body,186.75,1
Young Adult,ACTIVE,NONE,Garment Lower body,239.04,1
Adult,ACTIVE,Regularly,Garment Lower body,239.04,0
Young Adult,ACTIVE,Regularly,Garment Upper body,86.36,3
Young Adult,ACTIVE,Regularly,Garment Upper body,395.9,3
Young Adult,ACTIVE,Regularly,Garment Upper body,82.17,3
Young Adult,ACTIVE,Regularly,Garment Upper body,218.12,3
Young Adult,ACTIVE,NONE,Garment Full body,113.55,1
Young Adult,ACTIVE,NONE,Underwear,92.63,1
Young Adult,ACTIVE,NONE,Garment Lower body,239.04,1
Young Adult,ACTIVE,Regularly,Socks & Tights,113.55,3
Young Adult,ACTIVE,Regularly,Accessories,113.55,3
Adult,ACTIVE,Regularly,Socks & Tights,71.72,0
Young Adult,ACTIVE,Regularly,Garment Full body,134.46,3
Young Adult,ACTIVE,NONE,Garment Upper body,199.3,1
Young Adult,ACTIVE,Regularly,Garment Upper body,92.63,3
Young Adult,ACTIVE,Regularly,Garment Upper body,121.6,3
Young Adult,ACTIVE,NONE,Accessories,103.09,1
Young Adult,ACTIVE,Regularly,Garment Upper body,71.72,3
Adult,ACTIVE,Regularly,Garment Upper body,134.46,0
Young Adult,ACTIVE,NONE,Garment Lower body,448.19,1
Young Adult,ACTIVE,Regularly,Swimwear,218.12,3
Young Adult,ACTIVE,NONE,Garment Lower body,186.75,1
Young Adult,ACTIVE,Regularly,Garment Upper body,239.04,3
Young Adult,ACTIVE,NONE,Garment Upper body,186.75,1
Adult,ACTIVE,Regularly,Underwear,134.46,0
Adult,ACTIVE,NONE,Garment Lower body,197.21,4
Young Adult,ACTIVE,NONE,Socks & Tights,50.8,1
Young Adult,ACTIVE,NONE,Garment Upper body,82.17,1
Young Adult,ACTIVE,Regularly,Garment Lower body,177.97,3
Young Adult,ACTIVE,NONE,Underwear,186.75,1
Elderly,ACTIVE,NONE,Garment Upper body,134.46,4
Adult,ACTIVE,Regularly,Garment Full body,291.33,0
Adult,ACTIVE,NONE,Garment Upper body,186.75,4
Young Adult,ACTIVE,NONE,Garment Upper body,239.04,1
Adult,PRE-CREATE,NONE,Underwear,186.75,2
Adult,ACTIVE,Regularly,Garment Lower body,291.33,0
Adult,ACTIVE,Regularly,Swimwear,186.75,0
Young Adult,ACTIVE,Regularly,Garment Lower body,183.3,3
Young Adult,ACTIVE,NONE,Garment Upper body,176.29,1
Young Adult,ACTIVE,Regularly,Garment Upper body,71.72,3
Young Adult,ACTIVE,Regularly,Garment Lower body,239.04,3
Elderly,ACTIVE,Regularly,Garment Lower body,239.04,0
Young Adult,ACTIVE,Regularly,Garment Lower body,134.46,3
Elderly,ACTIVE,Regularly,Garment Upper body,186.75,0
Young Adult,ACTIVE,NONE,Garment Upper body,782.84,1
Adult,ACTIVE,NONE,Garment Upper body,448.19,4
Young Adult,ACTIVE,NONE,Swimwear,165.83,1
Young Adult,ACTIVE,NONE,Underwear,228.58,1
Young Adult,ACTIVE,Regularly,Accessories,134.46,3
Young Adult,ACTIVE,Regularly,Garment Lower body,427.28,3
Elderly,ACTIVE,NONE,Garment Lower body,448.19,4
Young Adult,ACTIVE,NONE,Swimwear,111.46,1
Young Adult,ACTIVE,Regularly,Garment Upper body,113.55,3
Young Adult,ACTIVE,NONE,Accessories,103.09,1
Adult,ACTIVE,NONE,Garment Lower body,252.11,4
Young Adult,ACTIVE,NONE,Garment Upper body,122.54,1
Young Adult,ACTIVE,NONE,Garment Upper body,213.21,1
Young Adult,ACTIVE,NONE,Garment Upper body,322.7,1
Young Adult,ACTIVE,Regularly,Garment Upper body,152.24,3
Young Adult,ACTIVE,NONE,Accessories,113.55,1
Young Adult,ACTIVE,Regularly,Accessories,165.83,3
Young Adult,ACTIVE,NONE,Underwear,165.83,1
Young Adult,ACTIVE,Regularly,Garment Full body,197.21,3
Young Adult,ACTIVE,Regularly,Accessories,155.38,3
Adult,ACTIVE,Regularly,Garment Lower body,239.04,0
Teenager,ACTIVE,NONE,Swimwear,291.33,0
Young Adult,ACTIVE,NONE,Garment Lower body,291.33,1
Adult,ACTIVE,Regularly,Garment Full body,218.12,0
Young Adult,ACTIVE,NONE,Garment Upper body,103.09,1
Young Adult,ACTIVE,NONE,Unknown,171.06,1
Adult,ACTIVE,NONE,Garment Upper body,92.63,4
Young Adult,ACTIVE,Regularly,Garment Upper body,71.72,3
Adult,ACTIVE,NONE,Garment Full body,282.65,4
Young Adult,ACTIVE,Regularly,Swimwear,134.46,3
Young Adult,ACTIVE,Regularly,Accessories,134.46,3
Young Adult,ACTIVE,NONE,Garment Upper body,82.17,1
Adult,ACTIVE,NONE,Swimwear,186.75,4
Elderly,ACTIVE,Regularly,Socks & Tights,96.81,0
Adult,ACTIVE,NONE,Garment Lower body,207.67,4
Adult,ACTIVE,NONE,Accessories,92.63,4
Adult,ACTIVE,NONE,Garment Lower body,218.12,4
Elderly,ACTIVE,NONE,Swimwear,155.38,4
Elderly,ACTIVE,Regularly,Shoes,186.75,0
Young Adult,ACTIVE,Regularly,Accessories,87.19,3
Young Adult,ACTIVE,Regularly,Garment Upper body,124,3
Young Adult,ACTIVE,Regularly,Accessories,76.21,3
Adult,ACTIVE,Regularly,Garment Lower body,291.33,0
Young Adult,ACTIVE,NONE,Garment Upper body,134.46,1
Adult,PRE-CREATE,NONE,Garment Upper body,134.46,2
Young Adult,ACTIVE,Regularly,Accessories,218.12,3
Adult,ACTIVE,Regularly,Garment Lower body,343.61,0
Young Adult,ACTIVE,NONE,Garment Lower body,229.42,1
Teenager,ACTIVE,NONE,Garment Lower body,171.06,0
Adult,ACTIVE,Regularly,Garment Lower body,218.12,0
Adult,ACTIVE,Regularly,Garment Upper body,118.78,0
Adult,ACTIVE,Regularly,Garment Upper body,197.31,0
Young Adult,ACTIVE,NONE,Garment Upper body,107.38,1
Adult,ACTIVE,NONE,Garment Upper body,291.33,4
Adult,ACTIVE,NONE,Garment Upper body,186.75,4
Young Adult,ACTIVE,NONE,Garment Full body,239.04,1
Adult,ACTIVE,Regularly,Garment Upper body,186.75,0
Young Adult,ACTIVE,Regularly,Garment Full body,134.46,3
Young Adult,ACTIVE,NONE,Garment Lower body,239.04,1
Adult,ACTIVE,Regularly,Garment Upper body,186.75,0
Adult,ACTIVE,Regularly,Garment Lower body,343.61,0
Young Adult,ACTIVE,Regularly,Garment Lower body,61.26,3
Young Adult,ACTIVE,NONE,Swimwear,239.04,1
Young Adult,ACTIVE,Regularly,Underwear,225.97,3
Young Adult,ACTIVE,NONE,Garment Lower body,134.46,1
Young Adult,ACTIVE,Regularly,Swimwear,165.83,3
Young Adult,ACTIVE,NONE,Garment Lower body,306.49,1
Young Adult,ACTIVE,NONE,Garment Upper body,145.44,1
Adult,ACTIVE,Regularly,Swimwear,92.63,0
Young Adult,ACTIVE,NONE,Garment Lower body,236.01,1
Young Adult,ACTIVE,NONE,Garment Upper body,113.55,1
Young Adult,ACTIVE,Regularly,Nightwear,84.79,3
Young Adult,ACTIVE,Regularly,Garment Upper body,291.33,3
Young Adult,ACTIVE,NONE,Underwear,179.53,1
Young Adult,ACTIVE,Regularly,Socks & Tights,113.55,3
Young Adult,ACTIVE,NONE,Garment Upper body,291.33,1
Adult,ACTIVE,NONE,Garment Upper body,252.11,4
Young Adult,ACTIVE,Regularly,Garment Upper body,113.55,3
Young Adult,ACTIVE,Regularly,Garment Upper body,343.61,3
Young Adult,ACTIVE,Regularly,Garment Lower body,147.53,3
Teenager,ACTIVE,NONE,Garment Upper body,218.12,0
Adult,ACTIVE,NONE,Garment Upper body,231.4,4
Young Adult,ACTIVE,Regularly,Garment Upper body,186.75,3
Young Adult,ACTIVE,NONE,Swimwear,100.37,1
Adult,ACTIVE,Regularly,Garment Full body,291.33,0
Adult,ACTIVE,NONE,Garment Upper body,448.19,4
Elderly,ACTIVE,Regularly,Garment Upper body,144.92,0
Young Adult,ACTIVE,NONE,Garment Upper body,186.75,1
Young Adult,ACTIVE,NONE,Underwear,189.89,1
Adult,ACTIVE,NONE,Garment Lower body,296.56,4
Adult,ACTIVE,NONE,Underwear,165.83,4
Young Adult,ACTIVE,NONE,Garment Upper body,395.9,1
Adult,ACTIVE,Regularly,Garment Upper body,124,0
Adult,ACTIVE,Regularly,Unknown,186.75,0
Adult,ACTIVE,NONE,Garment Upper body,134.46,4
Adult,ACTIVE,Regularly,Garment Upper body,61.26,0
Young Adult,ACTIVE,Regularly,Garment Lower body,239.04,3
Young Adult,ACTIVE,NONE,Underwear,134.46,1
Adult,ACTIVE,NONE,Garment Lower body,223.87,4
Young Adult,ACTIVE,NONE,Accessories,82.17,1
Young Adult,ACTIVE,Regularly,Garment Lower body,239.04,3
Young Adult,ACTIVE,NONE,Garment Lower body,343.61,1
Young Adult,ACTIVE,NONE,Garment Upper body,186.75,1
Young Adult,ACTIVE,Regularly,Garment Upper body,186.75,3
Elderly,ACTIVE,NONE,Underwear,134.46,4
Young Adult,ACTIVE,Regularly,Garment Lower body,239.04,3
Young Adult,PRE-CREATE,NONE,Swimwear,186.75,2
Young Adult,ACTIVE,Regularly,Garment Upper body,291.33,3
Young Adult,ACTIVE,NONE,Garment Upper body,144.92,1
Young Adult,ACTIVE,NONE,Garment Lower body,186.75,1
Young Adult,ACTIVE,Regularly,Underwear,83.22,3
Young Adult,ACTIVE,NONE,Garment Lower body,186.75,1
Adult,ACTIVE,Regularly,Garment Lower body,197.21,0
Adult,ACTIVE,NONE,Garment Lower body,552.77,4
Adult,ACTIVE,NONE,Garment Upper body,113.55,4
Adult,ACTIVE,Regularly,Shoes,106.44,0
Adult,ACTIVE,NONE,Garment Upper body,69.62,4
Young Adult,ACTIVE,Regularly,Garment Full body,239.04,3
Young Adult,ACTIVE,NONE,Garment Lower body,165.83,1
Young Adult,ACTIVE,NONE,Garment Full body,239.04,1
Young Adult,ACTIVE,NONE,Garment Full body,343.61,1
Young Adult,ACTIVE,NONE,Garment Upper body,134.46,1
Young Adult,ACTIVE,NONE,Shoes,552.77,1
Young Adult,ACTIVE,Regularly,Garment Full body,339.01,3
Young Adult,ACTIVE,Regularly,Garment Upper body,108.21,3
Young Adult,ACTIVE,NONE,Swimwear,218.12,1
Young Adult,PRE-CREATE,NONE,Garment Upper body,218.12,2
Adult,ACTIVE,NONE,Garment Lower body,113.55,4
Young Adult,ACTIVE,NONE,Swimwear,186.75,1
Young Adult,ACTIVE,NONE,Garment Upper body,134.46,1
Elderly,ACTIVE,NONE,Garment Upper body,657.34,4
Young Adult,ACTIVE,NONE,Garment Upper body,113.55,1
Young Adult,ACTIVE,NONE,Garment Full body,533.11,1
Young Adult,ACTIVE,NONE,Nightwear,291.33,1
Adult,ACTIVE,NONE,Swimwear,126.1,4
Young Adult,ACTIVE,NONE,Garment Upper body,406.36,1
Adult,ACTIVE,Regularly,Garment Lower body,1065.3,0
Adult,ACTIVE,Regularly,Garment Upper body,239.04,0
Adult,ACTIVE,NONE,Garment Upper body,552.77,4
Adult,ACTIVE,Regularly,Garment Upper body,50.8,0
Young Adult,ACTIVE,Regularly,Garment Upper body,333.68,3
Elderly,ACTIVE,Regularly,Garment Lower body,113.55,0
Adult,ACTIVE,Regularly,Garment Upper body,205.78,0
Adult,ACTIVE,Regularly,Garment Upper body,134.46,0
Adult,ACTIVE,Regularly,Underwear,218.12,0
Elderly,ACTIVE,Regularly,Garment Upper body,99.43,0
Young Adult,ACTIVE,NONE,Garment Upper body,76.94,1
Young Adult,ACTIVE,NONE,Garment Upper body,155.38,1
Young Adult,ACTIVE,NONE,Socks & Tights,134.46,1
Adult,ACTIVE,NONE,Accessories,239.04,4
Adult,ACTIVE,NONE,Garment Full body,197.21,4
Young Adult,ACTIVE,NONE,Garment Upper body,448.19,1
Young Adult,ACTIVE,NONE,Garment Lower body,186.75,1
Adult,ACTIVE,Regularly,Garment Lower body,186.75,0
Young Adult,ACTIVE,Regularly,Garment Upper body,134.46,3
Young Adult,ACTIVE,Regularly,Swimwear,217.18,3
Adult,ACTIVE,Regularly,Garment Upper body,186.75,0
Elderly,ACTIVE,Regularly,Garment Lower body,186.75,0
Young Adult,ACTIVE,NONE,Shoes,469.11,1
Adult,ACTIVE,NONE,Swimwear,155.38,4
Young Adult,ACTIVE,Regularly,Garment Lower body,280.87,3
Young Adult,ACTIVE,NONE,Garment Lower body,239.04,1
Adult,ACTIVE,NONE,Garment Upper body,552.77,4
Adult,ACTIVE,NONE,Garment Upper body,186.75,4
Adult,ACTIVE,NONE,Garment Upper body,144.92,4
Adult,ACTIVE,NONE,Garment Upper body,165.83,4
Young Adult,ACTIVE,NONE,Socks & Tights,113.55,1
Adult,ACTIVE,NONE,Garment Upper body,134.46,4
Young Adult,ACTIVE,NONE,Garment Upper body,233.81,1
Elderly,ACTIVE,Regularly,Garment Full body,144.92,0
Young Adult,ACTIVE,NONE,Garment Upper body,109.47,1
Young Adult,ACTIVE,NONE,Swimwear,186.75,1
Young Adult,ACTIVE,Regularly,Accessories,113.55,3
Young Adult,ACTIVE,Regularly,Garment Lower body,252.11,3
Young Adult,ACTIVE,NONE,Garment Lower body,176.29,1
Young Adult,ACTIVE,Regularly,Garment Upper body,239.04,3
Young Adult,ACTIVE,Regularly,Garment Lower body,343.61,3
Adult,ACTIVE,NONE,Garment Lower body,322.7,4
Teenager,ACTIVE,Regularly,Garment Upper body,186.75,0
Adult,ACTIVE,Regularly,Garment Upper body,95.77,0
Elderly,ACTIVE,NONE,Garment Upper body,239.04,4
Elderly,ACTIVE,NONE,Garment Lower body,186.75,4
Adult,ACTIVE,Regularly,Accessories,82.17,0
Young Adult,ACTIVE,Regularly,Garment Lower body,239.04,3
Young Adult,ACTIVE,Regularly,Swimwear,103.09,3
Adult,ACTIVE,NONE,Garment Lower body,291.33,4
Young Adult,ACTIVE,Regularly,Garment Lower body,291.33,3
Young Adult,ACTIVE,Regularly,Underwear,165.83,3
Elderly,ACTIVE,Regularly,Underwear,186.75,0
Young Adult,ACTIVE,NONE,Underwear,186.75,1
Adult,ACTIVE,Regularly,Garment Upper body,134.46,0
Young Adult,ACTIVE,Regularly,Shoes,138.64,3
Young Adult,ACTIVE,Regularly,Swimwear,174.2,3
Elderly,ACTIVE,Regularly,Garment Upper body,92.63,0
Young Adult,ACTIVE,Regularly,Underwear,134.46,3
Young Adult,ACTIVE,NONE,Garment Upper body,134.46,1
Elderly,ACTIVE,NONE,Garment Upper body,186.75,4
Adult,ACTIVE,NONE,Garment Lower body,134.46,4
Young Adult,ACTIVE,NONE,Garment Lower body,231.51,1
Young Adult,ACTIVE,Regularly,Accessories,96.81,3
Young Adult,ACTIVE,NONE,Garment Full body,134.46,1
Adult,ACTIVE,Regularly,Socks & Tights,134.46,0
Adult,ACTIVE,Regularly,Socks & Tights,113.55,0
Adult,ACTIVE,Regularly,Socks & Tights,113.55,0
Adult,ACTIVE,Regularly,Garment Upper body,186.75,0
Adult,ACTIVE,NONE,Shoes,312.24,4
Adult,ACTIVE,Regularly,Swimwear,171.06,0
Adult,ACTIVE,Regularly,Garment Upper body,186.75,0
Young Adult,ACTIVE,Regularly,Garment Upper body,126.1,3
Young Adult,ACTIVE,Regularly,Garment Upper body,218.12,3
Elderly,ACTIVE,Regularly,Garment Full body,448.19,0
Young Adult,ACTIVE,NONE,Garment Upper body,186.75,1
Young Adult,ACTIVE,Regularly,Garment Lower body,239.04,3
Young Adult,ACTIVE,NONE,Garment Upper body,395.9,1
Young Adult,ACTIVE,Regularly,Garment Lower body,343.61,3
Adult,ACTIVE,NONE,Garment Full body,218.12,4
Young Adult,ACTIVE,Regularly,Garment Upper body,76.94,3
Young Adult,PRE-CREATE,NONE,Garment Lower body,155.38,2
Young Adult,ACTIVE,NONE,Garment Full body,197.21,1
Young Adult,ACTIVE,NONE,Garment Upper body,239.04,1
Elderly,ACTIVE,NONE,Garment Upper body,186.75,4
Young Adult,ACTIVE,Regularly,Garment Upper body,526.62,3
Young Adult,ACTIVE,NONE,Garment Upper body,343.61,1
Adult,ACTIVE,NONE,Garment Lower body,239.04,4
Young Adult,ACTIVE,Regularly,Swimwear,134.46,3
Elderly,ACTIVE,Regularly,Garment Lower body,343.61,0
Young Adult,ACTIVE,NONE,Garment Upper body,92.63,1
Young Adult,ACTIVE,NONE,Garment Upper body,218.12,1
Adult,ACTIVE,Regularly,Garment Upper body,186.75,0
Young Adult,ACTIVE,NONE,Underwear,186.75,1
Elderly,ACTIVE,Regularly,Garment Lower body,395.9,0
Young Adult,ACTIVE,NONE,Garment Lower body,186.75,1
Young Adult,ACTIVE,NONE,Garment Full body,291.33,1
Elderly,ACTIVE,Regularly,Garment Lower body,343.61,0
Young Adult,ACTIVE,NONE,Garment Upper body,134.46,1
Adult,ACTIVE,NONE,Garment Upper body,531.85,4
Young Adult,ACTIVE,Regularly,Garment Upper body,866.5,3
Young Adult,ACTIVE,NONE,Swimwear,186.75,1
Young Adult,ACTIVE,Regularly,Garment Full body,105.18,3
Young Adult,ACTIVE,Regularly,Garment Upper body,252.11,3
Young Adult,ACTIVE,NONE,Garment Upper body,80.81,1
Young Adult,ACTIVE,Regularly,Garment Upper body,92.63,3
Elderly,ACTIVE,Regularly,Garment Upper body,71.72,0
Adult,ACTIVE,NONE,Garment Upper body,171.06,4
Elderly,ACTIVE,NONE,Garment Upper body,165.83,4
Young Adult,ACTIVE,Regularly,Garment Lower body,343.61,3
Young Adult,ACTIVE,Regularly,Garment Upper body,197.21,3
Young Adult,ACTIVE,Regularly,Garment Full body,186.75,3
Young Adult,ACTIVE,NONE,Socks & Tights,124,1
Adult,ACTIVE,NONE,Garment Lower body,144.92,4
Young Adult,ACTIVE,NONE,Garment Lower body,249.5,1
Young Adult,ACTIVE,NONE,Underwear,134.46,1
Young Adult,ACTIVE,NONE,Garment Lower body,165.83,1
Young Adult,ACTIVE,Regularly,Garment Lower body,207.67,3
Young Adult,ACTIVE,Regularly,Garment Upper body,134.46,3
Young Adult,ACTIVE,Regularly,Garment Upper body,301.78,3
Young Adult,ACTIVE,Regularly,Garment Lower body,312.24,3
Young Adult,PRE-CREATE,NONE,Garment Full body,291.33,2
Young Adult,ACTIVE,NONE,Garment Full body,239.04,1
Adult,ACTIVE,NONE,Garment Lower body,291.33,4
Adult,ACTIVE,NONE,Garment Upper body,124,4
Adult,ACTIVE,NONE,Garment Lower body,239.04,4
Young Adult,ACTIVE,NONE,Garment Upper body,343.61,1
Adult,ACTIVE,Regularly,Garment Lower body,161.65,0
Elderly,ACTIVE,NONE,Garment Full body,709.63,4
Elderly,ACTIVE,Regularly,Garment Upper body,103.09,0
Elderly,ACTIVE,NONE,Garment Upper body,291.33,4
Young Adult,ACTIVE,NONE,Garment Upper body,186.75,1
Adult,ACTIVE,NONE,Accessories,82.17,4
Young Adult,ACTIVE,Regularly,Garment Upper body,82.17,3
Adult,ACTIVE,Regularly,Garment Lower body,165.83,0
Young Adult,ACTIVE,Regularly,Shoes,354.07,3
Adult,ACTIVE,Regularly,Accessories,67.53,0
Young Adult,ACTIVE,NONE,Garment Upper body,239.04,1
Young Adult,ACTIVE,NONE,Garment Upper body,127.87,1
Young Adult,ACTIVE,Regularly,Garment Upper body,239.04,3
Young Adult,ACTIVE,NONE,Garment Upper body,113.55,1
Young Adult,ACTIVE,Regularly,Garment Upper body,134.46,3
Young Adult,ACTIVE,NONE,Underwear,82.17,1
Young Adult,ACTIVE,NONE,Garment Upper body,92.63,1
Adult,ACTIVE,Regularly,Nightwear,186.75,0
Adult,ACTIVE,Regularly,Garment Full body,312.24,0
Adult,ACTIVE,NONE,Garment Lower body,239.04,4
Young Adult,ACTIVE,NONE,Swimwear,218.12,1
Young Adult,ACTIVE,Regularly,Underwear,218.12,3
Elderly,ACTIVE,NONE,Garment Lower body,343.61,4
Elderly,ACTIVE,Regularly,Garment Lower body,134.46,0
Adult,ACTIVE,Regularly,Garment Upper body,218.12,0
Adult,ACTIVE,Regularly,Garment Full body,186.75,0
Young Adult,ACTIVE,NONE,Garment Lower body,186.75,1
Elderly,ACTIVE,NONE,Garment Lower body,145.44,4
Adult,ACTIVE,NONE,Underwear,176.29,4
Young Adult,ACTIVE,NONE,Garment Upper body,500.48,1
Young Adult,ACTIVE,NONE,Garment Upper body,312.24,1
Young Adult,ACTIVE,NONE,Garment Lower body,343.61,1
Young Adult,ACTIVE,Regularly,Garment Lower body,233.81,3
Young Adult,ACTIVE,Regularly,Underwear,165.83,3
Young Adult,ACTIVE,Regularly,Underwear,186.75,3
Adult,ACTIVE,Regularly,Garment Full body,103.09,0
Young Adult,ACTIVE,Regularly,Underwear,92.63,3
Young Adult,ACTIVE,NONE,Accessories,103.09,1
Young Adult,ACTIVE,Regularly,Garment Lower body,134.46,3
Young Adult,ACTIVE,NONE,Garment Upper body,180.06,1
Elderly,ACTIVE,Regularly,Garment Upper body,186.75,0
Adult,ACTIVE,Regularly,Underwear,90.33,0
Young Adult,ACTIVE,NONE,Shoes,186.75,1
Adult,ACTIVE,Regularly,Garment Full body,218.12,0
Adult,ACTIVE,Regularly,Garment Full body,189.89,0
Young Adult,ACTIVE,Regularly,Underwear,82.17,3
Elderly,ACTIVE,NONE,Garment Upper body,239.04,4
Young Adult,ACTIVE,Regularly,Garment Upper body,134.46,3
Young Adult,ACTIVE,NONE,Garment Upper body,134.46,1
Young Adult,ACTIVE,NONE,Garment Lower body,239.04,1
Young Adult,ACTIVE,NONE,Garment Lower body,239.04,1
Young Adult,ACTIVE,Regularly,Garment Lower body,239.04,3
Young Adult,ACTIVE,NONE,Garment Upper body,134.46,1
Young Adult,ACTIVE,Regularly,Garment Upper body,155.38,3
Young Adult,ACTIVE,Regularly,Garment Upper body,124,3
Young Adult,ACTIVE,NONE,Swimwear,218.12,1
Adult,ACTIVE,Regularly,Garment Lower body,327.93,0
Young Adult,ACTIVE,Regularly,Garment Upper body,134.46,3
Adult,ACTIVE,Regularly,Garment Upper body,92.63,0
Young Adult,ACTIVE,NONE,Garment Lower body,134.46,1
Adult,ACTIVE,Regularly,Garment Upper body,186.75,0
Elderly,ACTIVE,NONE,Garment Lower body,249.5,4
Young Adult,ACTIVE,NONE,Socks & Tights,134.46,1
Young Adult,ACTIVE,Regularly,Garment Upper body,144.92,3
Young Adult,ACTIVE,NONE,Garment Upper body,103.09,1
Adult,ACTIVE,Regularly,Accessories,67.53,0
Adult,ACTIVE,NONE,Nightwear,134.46,4
Young Adult,ACTIVE,NONE,Swimwear,186.75,1
Adult,ACTIVE,Regularly,Garment Upper body,186.75,0
Young Adult,ACTIVE,Regularly,Swimwear,211.64,3
Adult,ACTIVE,NONE,Garment Upper body,239.04,4
Elderly,ACTIVE,NONE,Garment Upper body,312.24,4
Elderly,ACTIVE,Regularly,Garment Lower body,280.87,0
Adult,ACTIVE,NONE,Underwear,186.75,4
Young Adult,ACTIVE,NONE,Garment Upper body,61.26,1
Elderly,PRE-CREATE,NONE,Socks & Tights,134.46,2
Young Adult,ACTIVE,NONE,Garment Full body,239.04,1
Adult,ACTIVE,NONE,Garment Upper body,103.09,4
Young Adult,ACTIVE,Regularly,Garment Lower body,80.71,3
Young Adult,ACTIVE,Regularly,Garment Upper body,239.04,3
Young Adult,ACTIVE,NONE,Accessories,448.19,1
Young Adult,ACTIVE,Regularly,Garment Full body,61.26,3
Young Adult,ACTIVE,Regularly,Garment Upper body,92.63,3
Young Adult,ACTIVE,NONE,Garment Upper body,186.75,1
Young Adult,ACTIVE,NONE,Accessories,113.55,1
Adult,ACTIVE,NONE,Garment Lower body,552.77,4
Young Adult,ACTIVE,NONE,Underwear,218.12,1
Adult,ACTIVE,Regularly,Garment Upper body,134.46,0
Young Adult,ACTIVE,Regularly,Garment Upper body,239.04,3
Young Adult,ACTIVE,NONE,Garment Lower body,239.04,1
Young Adult,ACTIVE,NONE,Swimwear,186.75,1
Young Adult,PRE-CREATE,NONE,Swimwear,186.75,2
Young Adult,ACTIVE,NONE,Underwear,230.04,1
Young Adult,ACTIVE,NONE,Garment Lower body,364.53,1
Adult,ACTIVE,NONE,Garment Upper body,761.92,4
Adult,ACTIVE,Regularly,Garment Upper body,552.77,0
Young Adult,ACTIVE,NONE,Unknown,186.75,1
Young Adult,ACTIVE,NONE,Garment Upper body,118.78,1
Young Adult,ACTIVE,NONE,Underwear,119.3,1
Young Adult,ACTIVE,Regularly,Shoes,270.1,3
Elderly,ACTIVE,Regularly,Garment Upper body,239.04,0
Adult,PRE-CREATE,NONE,Swimwear,291.33,2
Young Adult,ACTIVE,NONE,Swimwear,134.46,1
Adult,ACTIVE,NONE,Garment Upper body,82.17,4
Young Adult,ACTIVE,NONE,Socks & Tights,113.55,1
Young Adult,ACTIVE,NONE,Garment Upper body,165.83,1
Adult,ACTIVE,Regularly,Garment Lower body,239.04,0
Young Adult,ACTIVE,NONE,Garment Full body,383.56,1
Adult,ACTIVE,NONE,Garment Upper body,239.04,4
Young Adult,ACTIVE,NONE,Shoes,343.61,1
Adult,ACTIVE,NONE,Garment Upper body,124,4
Elderly,ACTIVE,NONE,Garment Lower body,239.04,4
Young Adult,ACTIVE,Regularly,Garment Upper body,197.21,3
Young Adult,ACTIVE,Regularly,Swimwear,186.75,3
Adult,ACTIVE,NONE,Garment Upper body,395.9,4
Adult,ACTIVE,Regularly,Garment Lower body,225.76,0
Adult,ACTIVE,Regularly,Garment Upper body,657.34,0
Young Adult,ACTIVE,NONE,Swimwear,165.83,1
Young Adult,ACTIVE,NONE,Garment Upper body,176.5,1
Young Adult,ACTIVE,NONE,Accessories,134.46,1
Young Adult,ACTIVE,Regularly,Garment Upper body,113.55,3
Young Adult,ACTIVE,Regularly,Garment Lower body,207.67,3
Young Adult,ACTIVE,NONE,Garment Upper body,134.46,1
Young Adult,ACTIVE,Regularly,Garment Lower body,197.21,3
Adult,ACTIVE,NONE,Garment Lower body,124,4
Young Adult,ACTIVE,NONE,Socks & Tights,71.72,1
Adult,ACTIVE,Regularly,Garment Lower body,164.89,0
Young Adult,ACTIVE,NONE,Garment Upper body,56.03,1
Young Adult,ACTIVE,Regularly,Garment Upper body,291.33,3
Young Adult,ACTIVE,NONE,Garment Upper body,239.04,1
Adult,ACTIVE,Regularly,Garment Full body,199.3,0
Young Adult,ACTIVE,NONE,Garment Lower body,448.19,1
Young Adult,ACTIVE,Regularly,Swimwear,165.83,3
Adult,ACTIVE,NONE,Underwear,165.83,4
Young Adult,ACTIVE,Regularly,Shoes,322.7,3
Adult,ACTIVE,NONE,Shoes,134.46,4
Young Adult,ACTIVE,Regularly,Underwear,92.63,3
Young Adult,ACTIVE,Regularly,Swimwear,165.83,3
Young Adult,ACTIVE,NONE,Garment Full body,395.9,1
Young Adult,ACTIVE,NONE,Garment Full body,218.12,1
Young Adult,ACTIVE,NONE,Underwear,165.83,1
Young Adult,ACTIVE,NONE,Swimwear,186.75,1
Young Adult,ACTIVE,NONE,Garment Lower body,71.72,1
Young Adult,ACTIVE,NONE,Underwear,239.04,1
Young Adult,ACTIVE,NONE,Garment Upper body,343.61,1
Young Adult,ACTIVE,NONE,Underwear,186.75,1
Adult,ACTIVE,NONE,Garment Lower body,324.37,4
Young Adult,ACTIVE,NONE,Garment Upper body,155.38,1
Adult,ACTIVE,Regularly,Garment Upper body,134.46,0
Young Adult,ACTIVE,Regularly,Garment Upper body,61.26,3
Young Adult,ACTIVE,NONE,Underwear,183.3,1
Elderly,ACTIVE,Regularly,Accessories,103.09,0
Adult,ACTIVE,Regularly,Underwear,113.55,0
Young Adult,ACTIVE,Regularly,Garment Upper body,50.8,3
Adult,ACTIVE,Regularly,Underwear,155.38,0
Young Adult,ACTIVE,Regularly,Garment Lower body,239.04,3
Young Adult,ACTIVE,Regularly,Garment Upper body,239.04,3
Young Adult,ACTIVE,NONE,Garment Full body,239.04,1
Young Adult,ACTIVE,Regularly,Underwear,92.63,3
Adult,ACTIVE,Regularly,Garment Lower body,291.33,0
Young Adult,ACTIVE,Regularly,Garment Upper body,159.04,3
Young Adult,ACTIVE,NONE,Swimwear,134.46,1
Adult,ACTIVE,Regularly,Socks & Tights,165.83,0
Adult,ACTIVE,Regularly,Garment Lower body,239.04,0
Young Adult,ACTIVE,Regularly,Garment Upper body,101,3
Adult,ACTIVE,NONE,Garment Full body,207.67,4
Young Adult,ACTIVE,Regularly,Garment Lower body,239.04,3
Young Adult,ACTIVE,NONE,Garment Upper body,448.19,1
Adult,ACTIVE,Regularly,Swimwear,132.68,0
Young Adult,ACTIVE,Regularly,Garment Lower body,61.26,3
Elderly,ACTIVE,NONE,Garment Lower body,395.9,4
Young Adult,ACTIVE,NONE,Garment Upper body,92.95,1
Young Adult,ACTIVE,NONE,Underwear,113.55,1
Young Adult,ACTIVE,Regularly,Garment Lower body,265.18,3
Elderly,PRE-CREATE,NONE,Underwear,218.12,2
Young Adult,ACTIVE,NONE,Garment Upper body,176.71,1
Young Adult,ACTIVE,NONE,Garment Upper body,239.04,1
Elderly,ACTIVE,Regularly,Garment Upper body,95.77,0
Adult,ACTIVE,Regularly,Garment Lower body,322.7,0
Young Adult,ACTIVE,NONE,Garment Lower body,239.04,1
Young Adult,ACTIVE,NONE,Garment Lower body,239.04,1
Young Adult,ACTIVE,Regularly,Garment Upper body,186.75,3
Young Adult,ACTIVE,NONE,Underwear,134.46,1
Adult,ACTIVE,NONE,Garment Full body,343.61,4
Young Adult,ACTIVE,NONE,Underwear,86.36,1
Young Adult,ACTIVE,Regularly,Garment Upper body,113.55,3
Adult,ACTIVE,Regularly,Garment Lower body,343.61,0
Adult,ACTIVE,NONE,Accessories,58.33,4
Young Adult,PRE-CREATE,NONE,Shoes,379.8,2
Adult,ACTIVE,NONE,Garment Lower body,239.04,4
Young Adult,ACTIVE,NONE,Garment Upper body,234.96,1
Young Adult,ACTIVE,Regularly,Swimwear,165.83,3
Adult,ACTIVE,NONE,Garment Full body,761.92,4
Adult,ACTIVE,NONE,Garment Full body,239.04,4
Young Adult,ACTIVE,NONE,Swimwear,218.12,1
Adult,ACTIVE,Regularly,Garment Lower body,218.12,0
Elderly,ACTIVE,NONE,Underwear,61.26,4
Young Adult,ACTIVE,Regularly,Garment Upper body,171.06,3
Young Adult,ACTIVE,Regularly,Garment Full body,448.19,3
Young Adult,ACTIVE,Regularly,Underwear,134.46,3
Adult,ACTIVE,NONE,Garment Upper body,71.72,4
Young Adult,ACTIVE,NONE,Garment Upper body,130.7,1
Adult,ACTIVE,Regularly,Garment Upper body,176.29,0
Adult,ACTIVE,NONE,Garment Upper body,163.22,4
Elderly,ACTIVE,Regularly,Accessories,82.17,0
Adult,ACTIVE,NONE,Socks & Tights,113.55,4
Young Adult,ACTIVE,NONE,Garment Lower body,291.33,1
Adult,ACTIVE,NONE,Garment Lower body,218.12,4
Young Adult,ACTIVE,Regularly,Garment Lower body,239.04,3
Elderly,ACTIVE,Regularly,Accessories,82.17,0
Young Adult,ACTIVE,NONE,Garment Lower body,395.9,1
Adult,ACTIVE,Regularly,Garment Upper body,134.46,0
Adult,ACTIVE,NONE,Garment Lower body,155.38,4
Adult,ACTIVE,Regularly,Swimwear,134.46,0
Adult,ACTIVE,NONE,Underwear,218.12,4
Young Adult,ACTIVE,Regularly,Swimwear,165.83,3
Adult,ACTIVE,NONE,Garment Upper body,92.63,4
Young Adult,ACTIVE,NONE,Garment Upper body,199.3,1
Adult,ACTIVE,Regularly,Garment Upper body,134.46,0
Adult,ACTIVE,NONE,Underwear,186.75,4
Adult,ACTIVE,Regularly,Socks & Tights,71.72,0
Young Adult,ACTIVE,NONE,Garment Full body,343.61,1
Adult,ACTIVE,NONE,Garment Upper body,113.55,4
Young Adult,ACTIVE,NONE,Accessories,197.21,1
Young Adult,ACTIVE,NONE,Garment Lower body,312.24,1
Adult,ACTIVE,Regularly,Garment Upper body,291.33,0
Young Adult,ACTIVE,NONE,Nightwear,134.46,1
Adult,ACTIVE,NONE,Garment Lower body,197.21,4
Young Adult,ACTIVE,Regularly,Garment Lower body,322.8,3
Adult,ACTIVE,NONE,Garment Upper body,113.55,4
Young Adult,ACTIVE,Regularly,Swimwear,315.48,3
Adult,ACTIVE,Regularly,Garment Upper body,155.38,0
Young Adult,ACTIVE,Regularly,Garment Upper body,201.81,3
Adult,ACTIVE,Regularly,Garment Upper body,252.11,0
Adult,ACTIVE,NONE,Garment Upper body,239.04,4
Young Adult,ACTIVE,NONE,Garment Upper body,165.83,1
Young Adult,ACTIVE,Regularly,Garment Upper body,239.04,3
Young Adult,ACTIVE,Regularly,Garment Upper body,80.08,3
Young Adult,ACTIVE,NONE,Garment Lower body,335.14,1
Adult,ACTIVE,NONE,Garment Upper body,134.46,4
Elderly,ACTIVE,Regularly,Garment Upper body,92.63,0
Teenager,ACTIVE,Regularly,Garment Upper body,328.03,0
Young Adult,ACTIVE,NONE,Garment Upper body,113.55,1
Young Adult,ACTIVE,NONE,Garment Upper body,82.17,1
Adult,ACTIVE,NONE,Socks & Tights,113.55,4
Young Adult,ACTIVE,Regularly,Garment Upper body,165.83,3
Young Adult,ACTIVE,NONE,Garment Upper body,335.25,1
Young Adult,ACTIVE,Regularly,Garment Upper body,343.61,3
Young Adult,ACTIVE,NONE,Garment Upper body,239.04,1
Young Adult,ACTIVE,NONE,Shoes,343.61,1
Adult,ACTIVE,NONE,Garment Lower body,239.04,4
Adult,ACTIVE,NONE,Swimwear,186.75,4
Elderly,PRE-CREATE,NONE,Garment Lower body,291.33,2
Teenager,ACTIVE,NONE,Accessories,76.94,0
Adult,ACTIVE,NONE,Garment Full body,291.33,4
Young Adult,ACTIVE,NONE,Garment Upper body,113.55,1
Adult,ACTIVE,NONE,Garment Upper body,134.46,4
Adult,ACTIVE,NONE,Garment Upper body,500.48,4
Young Adult,ACTIVE,NONE,Accessories,239.04,1
Young Adult,ACTIVE,Regularly,Garment Upper body,134.46,3
Young Adult,ACTIVE,NONE,Garment Upper body,215.09,1
Adult,ACTIVE,Regularly,Accessories,113.55,0
Young Adult,ACTIVE,Regularly,Garment Lower body,165.83,3
Young Adult,ACTIVE,Regularly,Garment Upper body,113.55,3
Adult,ACTIVE,NONE,Underwear,144.92,4
Young Adult,ACTIVE,NONE,Socks & Tights,113.55,1
Adult,PRE-CREATE,NONE,Garment Lower body,239.04,2
Young Adult,ACTIVE,Regularly,Garment Upper body,124,3
Adult,ACTIVE,NONE,Garment Upper body,155.38,4
Young Adult,ACTIVE,NONE,Garment Lower body,239.04,1
Young Adult,ACTIVE,NONE,Socks & Tights,134.46,1
Young Adult,ACTIVE,Regularly,Garment Upper body,134.46,3
Elderly,ACTIVE,NONE,Garment Upper body,186.75,4
Young Adult,ACTIVE,NONE,Garment Upper body,239.04,1
Young Adult,ACTIVE,Regularly,Garment Upper body,134.46,3
Adult,ACTIVE,NONE,Garment Lower body,134.46,4
Adult,ACTIVE,NONE,Garment Upper body,124,4
Young Adult,ACTIVE,NONE,Garment Upper body,134.46,1
Adult,ACTIVE,NONE,Garment Upper body,67.22,4
Young Adult,ACTIVE,Regularly,Garment Lower body,239.04,3
Young Adult,ACTIVE,NONE,Garment Lower body,197.21,1
Elderly,ACTIVE,Regularly,Garment Upper body,103.09,0
Adult,ACTIVE,NONE,Garment Upper body,134.46,4
Young Adult,ACTIVE,Regularly,Underwear,96.81,3
Young Adult,ACTIVE,NONE,Swimwear,186.75,1
Young Adult,ACTIVE,NONE,Garment Lower body,165.83,1
Young Adult,ACTIVE,Regularly,Garment Upper body,239.04,3
Young Adult,ACTIVE,NONE,Garment Upper body,134.46,1
Young Adult,ACTIVE,NONE,Garment Lower body,291.33,1
Young Adult,ACTIVE,NONE,Accessories,103.09,1
Elderly,ACTIVE,Regularly,Garment Upper body,113.55,0
Adult,ACTIVE,Regularly,Shoes,291.33,0
Adult,ACTIVE,Regularly,Underwear,71.72,0
Young Adult,ACTIVE,NONE,Swimwear,61.26,1
Adult,ACTIVE,NONE,Garment Lower body,239.04,4
Adult,ACTIVE,NONE,Garment Upper body,82.17,4
Young Adult,ACTIVE,NONE,Accessories,103.09,1
Young Adult,ACTIVE,Regularly,Garment Full body,134.46,3
Young Adult,ACTIVE,Regularly,Garment Lower body,239.04,3
Young Adult,ACTIVE,NONE,Swimwear,177.76,1
Young Adult,ACTIVE,Regularly,Garment Lower body,552.77,3
Young Adult,ACTIVE,Regularly,Socks & Tights,46.72,3
Adult,ACTIVE,Regularly,Garment Upper body,165.83,0
Adult,ACTIVE,Regularly,Shoes,113.55,0
Young Adult,ACTIVE,Regularly,Garment Upper body,50.8,3
Adult,ACTIVE,NONE,Garment Upper body,312.24,4
Young Adult,ACTIVE,NONE,Garment Upper body,239.04,1
Adult,ACTIVE,NONE,Garment Upper body,61.26,4
Young Adult,ACTIVE,Regularly,Garment Upper body,134.46,3
Adult,ACTIVE,NONE,Garment Upper body,134.46,4
Elderly,ACTIVE,Regularly,Garment Lower body,119.51,0
Adult,ACTIVE,NONE,Garment Lower body,343.61,4
Young Adult,ACTIVE,NONE,Garment Lower body,134.46,1
Adult,ACTIVE,Regularly,Garment Lower body,134.46,0
Adult,ACTIVE,Regularly,Garment Upper body,76.94,0
Adult,ACTIVE,NONE,Garment Upper body,172.11,4
Adult,ACTIVE,Regularly,Garment Upper body,207.67,0
Young Adult,ACTIVE,NONE,Accessories,134.46,1
Young Adult,ACTIVE,NONE,Garment Upper body,103.09,1
Elderly,PRE-CREATE,NONE,Garment Full body,291.33,2
Elderly,ACTIVE,Regularly,Garment Full body,336.61,0
Young Adult,ACTIVE,Regularly,Swimwear,218.12,3
Elderly,ACTIVE,Regularly,Garment Upper body,288.71,0
Adult,ACTIVE,NONE,Socks & Tights,103.09,4
Young Adult,ACTIVE,NONE,Underwear,134.46,1
Adult,ACTIVE,NONE,Garment Lower body,448.19,4
Young Adult,ACTIVE,NONE,Accessories,113.55,1
Young Adult,ACTIVE,Regularly,Garment Upper body,113.55,3
Adult,ACTIVE,NONE,Garment Upper body,82.17,4
Elderly,ACTIVE,Regularly,Garment Upper body,186.75,0
Adult,ACTIVE,Regularly,Garment Lower body,134.46,0
Young Adult,ACTIVE,NONE,Garment Lower body,343.61,1
Young Adult,ACTIVE,Regularly,Garment Lower body,239.04,3
Young Adult,ACTIVE,NONE,Garment Upper body,184.03,1
Young Adult,ACTIVE,NONE,Garment Upper body,291.33,1
Adult,ACTIVE,NONE,Garment Upper body,552.77,4
Young Adult,ACTIVE,NONE,Garment Upper body,368.71,1
Young Adult,ACTIVE,NONE,Garment Upper body,337.44,1
Adult,ACTIVE,NONE,Garment Upper body,71.72,4
Elderly,ACTIVE,Regularly,Garment Full body,134.46,0
Young Adult,ACTIVE,Regularly,Garment Upper body,113.55,3
Young Adult,ACTIVE,NONE,Socks & Tights,113.55,1
Adult,ACTIVE,Regularly,Garment Full body,239.04,0
Adult,ACTIVE,NONE,Swimwear,134.46,4
Adult,ACTIVE,Regularly,Garment Full body,343.61,0
Adult,ACTIVE,Regularly,Garment Upper body,239.04,0
Adult,PRE-CREATE,NONE,Garment Full body,448.19,2
Young Adult,ACTIVE,Regularly,Accessories,105.18,3
Young Adult,ACTIVE,Regularly,Garment Upper body,615.51,3
Young Adult,ACTIVE,NONE,Underwear,186.75,1
Adult,ACTIVE,Regularly,Garment Lower body,448.19,0
Elderly,ACTIVE,Regularly,Garment Upper body,139.27,0
Adult,ACTIVE,NONE,Shoes,395.9,4
Adult,PRE-CREATE,NONE,Swimwear,165.83,2
Young Adult,ACTIVE,NONE,Garment Lower body,218.12,1
Adult,ACTIVE,NONE,Garment Upper body,186.75,4
Elderly,ACTIVE,Regularly,Garment Upper body,179.33,0
Young Adult,ACTIVE,NONE,Garment Upper body,71.72,1
Young Adult,ACTIVE,NONE,Garment Full body,239.04,1
Adult,ACTIVE,NONE,Underwear,165.83,4
Adult,ACTIVE,Regularly,Garment Lower body,113.55,0
Young Adult,ACTIVE,Regularly,Garment Upper body,239.04,3
Adult,ACTIVE,NONE,Garment Full body,186.75,4
Young Adult,ACTIVE,NONE,Nightwear,291.33,1
Young Adult,ACTIVE,Regularly,Garment Upper body,239.04,3
Adult,ACTIVE,Regularly,Garment Upper body,395.9,0
Elderly,ACTIVE,NONE,Garment Upper body,82.17,4
Young Adult,ACTIVE,Regularly,Garment Upper body,82.17,3
Adult,ACTIVE,Regularly,Garment Upper body,312.35,0
Young Adult,ACTIVE,NONE,Accessories,218.12,1
Young Adult,ACTIVE,NONE,Garment Upper body,176.29,1
Young Adult,ACTIVE,NONE,Garment Lower body,134.46,1
Young Adult,ACTIVE,NONE,Underwear,177.13,1
Adult,ACTIVE,Regularly,Garment Lower body,359.3,0
Young Adult,ACTIVE,NONE,Garment Upper body,134.46,1
Adult,ACTIVE,Regularly,Underwear,186.75,0
Young Adult,ACTIVE,Regularly,Garment Upper body,341,3
Young Adult,ACTIVE,NONE,Garment Lower body,291.33,1
Young Adult,ACTIVE,NONE,Garment Upper body,82.17,1
Adult,ACTIVE,Regularly,Garment Upper body,206.83,0
Young Adult,ACTIVE,Regularly,Garment Lower body,113.55,3
Young Adult,ACTIVE,NONE,Garment Lower body,343.61,1
Adult,ACTIVE,NONE,Garment Full body,239.04,4
Young Adult,ACTIVE,NONE,Garment Upper body,113.55,1
Young Adult,ACTIVE,Regularly,Garment Upper body,239.04,3
Young Adult,ACTIVE,Regularly,Garment Lower body,177.97,3
Young Adult,ACTIVE,Regularly,Garment Full body,186.75,3
Young Adult,ACTIVE,Regularly,Garment Upper body,134.46,3
Adult,ACTIVE,Regularly,Garment Full body,343.61,0
Young Adult,ACTIVE,Regularly,Unknown,218.12,3
Young Adult,ACTIVE,Regularly,Swimwear,134.46,3
Adult,ACTIVE,NONE,Garment Upper body,291.33,4
Adult,ACTIVE,NONE,Garment Lower body,343.61,4
Young Adult,ACTIVE,Regularly,Garment Upper body,547.54,3
Young Adult,ACTIVE,Regularly,Garment Lower body,343.61,3
Young Adult,ACTIVE,Regularly,Garment Upper body,197.21,3
Young Adult,ACTIVE,NONE,Underwear,148.48,1
Young Adult,ACTIVE,Regularly,Underwear,134.46,3
Adult,ACTIVE,Regularly,Accessories,103.09,0
Young Adult,ACTIVE,NONE,Garment Lower body,303.35,1
Young Adult,ACTIVE,Regularly,Garment Upper body,113.55,3
Young Adult,ACTIVE,Regularly,Garment Upper body,92.63,3
Young Adult,ACTIVE,Regularly,Garment Lower body,239.04,3
Adult,ACTIVE,Regularly,Garment Upper body,186.75,0
Young Adult,ACTIVE,Regularly,Garment Upper body,165.83,3
Adult,ACTIVE,NONE,Garment Upper body,82.17,4
Adult,ACTIVE,Regularly,Garment Full body,92.63,0
Young Adult,ACTIVE,Regularly,Socks & Tights,132.58,3
Elderly,ACTIVE,NONE,Garment Upper body,239.04,4
Elderly,ACTIVE,NONE,Garment Upper body,265.18,4
Young Adult,ACTIVE,NONE,Garment Lower body,343.61,1
Adult,ACTIVE,Regularly,Swimwear,176.29,0
Adult,ACTIVE,Regularly,Garment Full body,239.04,0
Young Adult,ACTIVE,NONE,Garment Upper body,207.67,1
Elderly,ACTIVE,NONE,Garment Full body,291.33,4
Adult,ACTIVE,Regularly,Garment Full body,82.17,0
Young Adult,ACTIVE,Regularly,Garment Upper body,187.38,3
Adult,ACTIVE,NONE,Garment Upper body,165.83,4
Adult,ACTIVE,Monthly,Garment Upper body,134.46,0
Adult,ACTIVE,Regularly,Garment Upper body,82.17,0
Young Adult,ACTIVE,NONE,Garment Lower body,239.04,1
Adult,ACTIVE,NONE,Garment Upper body,448.19,4
Young Adult,ACTIVE,Regularly,Underwear,86.36,3
Elderly,ACTIVE,Regularly,Garment Upper body,122.85,0
Young Adult,ACTIVE,Regularly,Garment Upper body,176.29,3
Elderly,ACTIVE,NONE,Garment Upper body,197.21,4
Adult,ACTIVE,Regularly,Shoes,971.07,0
Young Adult,ACTIVE,NONE,Garment Lower body,209.13,1
Young Adult,ACTIVE,Regularly,Underwear,144.92,3
Adult,ACTIVE,Regularly,Underwear,176.29,0
Elderly,PRE-CREATE,NONE,Underwear,113.55,2
Adult,ACTIVE,Regularly,Garment Upper body,197.21,0
Young Adult,ACTIVE,Regularly,Swimwear,134.46,3
Adult,ACTIVE,NONE,Garment Upper body,82.17,4
Young Adult,ACTIVE,NONE,Garment Lower body,291.33,1
Adult,ACTIVE,NONE,Garment Upper body,171.06,4
Adult,ACTIVE,NONE,Garment Upper body,239.04,4
Adult,ACTIVE,Regularly,Garment Full body,239.04,0
Adult,ACTIVE,NONE,Garment Lower body,134.46,4
Adult,ACTIVE,Regularly,Underwear,186.75,0
Young Adult,ACTIVE,NONE,Garment Lower body,218.12,1
Adult,ACTIVE,Regularly,Accessories,124,0
Adult,ACTIVE,NONE,Garment Lower body,186.75,4
Adult,ACTIVE,Regularly,Garment Full body,239.04,0
Young Adult,ACTIVE,Regularly,Garment Upper body,439.83,3
Young Adult,ACTIVE,Regularly,Garment Lower body,239.04,3
Adult,ACTIVE,NONE,Garment Full body,338.6,4
Young Adult,ACTIVE,NONE,Garment Upper body,239.04,1
Young Adult,ACTIVE,Regularly,Garment Upper body,343.61,3
Adult,ACTIVE,NONE,Shoes,186.75,4
Elderly,ACTIVE,Regularly,Garment Full body,406.36,0
Adult,ACTIVE,NONE,Garment Upper body,70.98,4
Young Adult,ACTIVE,NONE,Garment Full body,343.61,1
Young Adult,ACTIVE,NONE,Garment Upper body,343.61,1
Adult,ACTIVE,Regularly,Garment Full body,761.92,0
Adult,ACTIVE,Regularly,Garment Upper body,186.75,0
Young Adult,ACTIVE,NONE,Garment Lower body,239.04,1
Adult,ACTIVE,Regularly,Garment Upper body,239.04,0
Adult,ACTIVE,NONE,Garment Lower body,186.75,4
Young Adult,ACTIVE,NONE,Garment Lower body,163.22,1
Adult,ACTIVE,Regularly,Garment Upper body,134.46,0
Elderly,ACTIVE,NONE,Garment Upper body,228.58,4
Adult,ACTIVE,NONE,Garment Lower body,343.61,4
Teenager,ACTIVE,NONE,Garment Lower body,343.61,0
Young Adult,ACTIVE,NONE,Garment Lower body,134.46,1
Young Adult,ACTIVE,NONE,Underwear,114.59,1
Young Adult,ACTIVE,Regularly,Garment Lower body,165.83,3
Young Adult,ACTIVE,Regularly,Accessories,155.38,3
Adult,ACTIVE,NONE,Underwear,165.83,4
Young Adult,ACTIVE,NONE,Garment Lower body,291.33,1
Adult,ACTIVE,NONE,Socks & Tights,127.46,4
Young Adult,ACTIVE,NONE,Garment Upper body,252.11,1
Young Adult,ACTIVE,Regularly,Garment Lower body,239.04,3
Adult,ACTIVE,NONE,Garment Upper body,71.72,4
Young Adult,ACTIVE,Regularly,Garment Upper body,239.04,3
Adult,ACTIVE,NONE,Garment Upper body,165.83,4
Adult,ACTIVE,NONE,Garment Upper body,186.75,4
Young Adult,ACTIVE,Regularly,Garment Upper body,134.46,3
Adult,ACTIVE,NONE,Garment Lower body,92.63,4
Adult,PRE-CREATE,NONE,Garment Upper body,103.09,2
Young Adult,ACTIVE,Regularly,Garment Upper body,239.04,3
Young Adult,ACTIVE,Regularly,Garment Upper body,234.02,3
Elderly,ACTIVE,Regularly,Shoes,165.83,0
Adult,ACTIVE,Regularly,Garment Lower body,239.04,0
Young Adult,ACTIVE,NONE,Accessories,113.55,1
Young Adult,ACTIVE,Regularly,Swimwear,186.75,3
Young Adult,ACTIVE,Regularly,Garment Upper body,239.04,3
Adult,ACTIVE,NONE,Garment Upper body,343.61,4
Young Adult,ACTIVE,NONE,Garment Upper body,82.17,1
Adult,ACTIVE,Regularly,Swimwear,50.8,0
Young Adult,ACTIVE,NONE,Garment Upper body,322.7,1
Elderly,ACTIVE,NONE,Garment Upper body,274.7,4
Adult,ACTIVE,Regularly,Garment Lower body,291.33,0
Adult,ACTIVE,Regularly,Garment Upper body,774.47,0
Young Adult,ACTIVE,Regularly,Accessories,92.63,3
Young Adult,ACTIVE,NONE,Garment Upper body,434.81,1
Adult,ACTIVE,NONE,Garment Lower body,239.04,4
Elderly,ACTIVE,Regularly,Garment Upper body,186.75,0
Young Adult,ACTIVE,NONE,Garment Upper body,239.04,1
Young Adult,ACTIVE,NONE,Garment Lower body,338.91,1
Young Adult,ACTIVE,Regularly,Accessories,86.36,3
Young Adult,ACTIVE,NONE,Garment Full body,207.67,1
Adult,ACTIVE,Regularly,Garment Lower body,291.33,0
Young Adult,ACTIVE,Regularly,Garment Lower body,343.61,3
Adult,ACTIVE,NONE,Garment Lower body,291.33,4
Adult,ACTIVE,NONE,Garment Upper body,71.72,4
Adult,ACTIVE,Regularly,Garment Lower body,239.04,0
Adult,ACTIVE,Regularly,Garment Upper body,448.19,0
Young Adult,PRE-CREATE,NONE,Swimwear,218.12,2
Young Adult,ACTIVE,NONE,Shoes,291.33,1
Adult,ACTIVE,Regularly,Garment Upper body,82.17,0
Young Adult,ACTIVE,NONE,Garment Upper body,134.46,1
Young Adult,ACTIVE,Regularly,Garment Upper body,448.19,3
Young Adult,ACTIVE,NONE,Garment Lower body,186.75,1
Young Adult,ACTIVE,Regularly,Garment Upper body,71.72,3
Adult,ACTIVE,Regularly,Garment Lower body,134.46,0
Adult,ACTIVE,NONE,Garment Upper body,134.46,4
Young Adult,ACTIVE,NONE,Garment Lower body,218.12,1
Young Adult,ACTIVE,Regularly,Garment Upper body,159.46,3
Adult,ACTIVE,Regularly,Accessories,71.72,0
Adult,ACTIVE,NONE,Garment Upper body,218.23,4
Young Adult,ACTIVE,NONE,Garment Full body,218.12,1
Adult,ACTIVE,Regularly,Garment Upper body,239.04,0
Adult,ACTIVE,NONE,Garment Full body,1588.18,4
Adult,ACTIVE,Regularly,Socks & Tights,61.26,0
Young Adult,ACTIVE,NONE,Garment Lower body,239.04,1
Adult,ACTIVE,NONE,Garment Lower body,239.04,4
Adult,ACTIVE,NONE,Garment Upper body,186.75,4
Young Adult,ACTIVE,NONE,Garment Upper body,134.46,1
Elderly,ACTIVE,NONE,Garment Upper body,92.63,4
Adult,ACTIVE,Regularly,Garment Upper body,82.17,0
Elderly,PRE-CREATE,NONE,Garment Upper body,134.46,2
Young Adult,ACTIVE,Regularly,Garment Lower body,82.17,3
Adult,ACTIVE,Regularly,Garment Upper body,239.04,0
Young Adult,ACTIVE,Regularly,Garment Full body,280.87,3
Adult,ACTIVE,NONE,Underwear,239.04,4
Young Adult,ACTIVE,Regularly,Garment Lower body,239.04,3
Young Adult,ACTIVE,NONE,Swimwear,186.75,1
Young Adult,ACTIVE,NONE,Underwear,113.55,1
Adult,ACTIVE,Regularly,Garment Full body,239.04,0
Adult,ACTIVE,Regularly,Garment Upper body,552.77,0
Young Adult,ACTIVE,Regularly,Garment Upper body,343.61,3
Adult,ACTIVE,NONE,Garment Upper body,249.5,4
Adult,ACTIVE,Regularly,Garment Upper body,280.87,0
Adult,ACTIVE,Regularly,Garment Upper body,186.75,0
Young Adult,ACTIVE,Regularly,Swimwear,118.78,3
Adult,ACTIVE,Regularly,Garment Upper body,239.14,0
Young Adult,ACTIVE,Regularly,Garment Lower body,312.24,3
Young Adult,ACTIVE,Regularly,Garment Upper body,134.46,3
Young Adult,ACTIVE,NONE,Swimwear,113.55,1
Young Adult,ACTIVE,NONE,Garment Upper body,61.26,1
Young Adult,ACTIVE,Regularly,Garment Upper body,961.77,3
Young Adult,ACTIVE,NONE,Garment Upper body,134.46,1
Young Adult,ACTIVE,Regularly,Swimwear,88.45,3
Young Adult,ACTIVE,NONE,Garment Full body,239.04,1
Young Adult,ACTIVE,NONE,Garment Upper body,186.75,1
Teenager,ACTIVE,NONE,Garment Upper body,134.46,0
Young Adult,ACTIVE,Regularly,Underwear,113.55,3
Adult,ACTIVE,NONE,Swimwear,186.75,4
Young Adult,ACTIVE,NONE,Garment Lower body,165.83,1
Young Adult,ACTIVE,NONE,Garment Full body,328.76,1
Young Adult,ACTIVE,Regularly,Underwear,126.62,3
Young Adult,ACTIVE,NONE,Garment Upper body,189.89,1
Adult,ACTIVE,NONE,Garment Upper body,197.21,4
Adult,PRE-CREATE,NONE,Garment Lower body,395.9,2
Elderly,ACTIVE,Regularly,Nightwear,171.06,0
Adult,ACTIVE,NONE,Underwear,239.04,4
Adult,ACTIVE,NONE,Garment Upper body,218.12,4
Young Adult,ACTIVE,NONE,Garment Lower body,165.83,1
Adult,ACTIVE,NONE,Garment Lower body,82.17,4
Young Adult,ACTIVE,NONE,Garment Full body,197.21,1
Adult,ACTIVE,NONE,Socks & Tights,113.55,4
Adult,ACTIVE,NONE,Garment Lower body,239.04,4
Young Adult,ACTIVE,NONE,Garment Upper body,71.72,1
Adult,ACTIVE,Regularly,Garment Full body,239.04,0
Adult,ACTIVE,NONE,Socks & Tights,134.46,4
Adult,ACTIVE,NONE,Garment Upper body,239.04,4
Young Adult,ACTIVE,NONE,Underwear,96.81,1
Adult,ACTIVE,NONE,Garment Lower body,218.12,4
Elderly,ACTIVE,NONE,Garment Upper body,239.04,4
Young Adult,ACTIVE,Regularly,Garment Full body,343.61,3
Adult,ACTIVE,NONE,Garment Lower body,207.67,4
Young Adult,ACTIVE,NONE,Garment Upper body,395.9,1
Adult,ACTIVE,Regularly,Garment Lower body,155.38,0
Young Adult,ACTIVE,NONE,Accessories,218.12,1
Adult,ACTIVE,NONE,Garment Upper body,113.55,4
Adult,ACTIVE,Regularly,Garment Upper body,134.46,0
Young Adult,ACTIVE,NONE,Garment Upper body,113.55,1
Adult,ACTIVE,NONE,Garment Upper body,65.44,4
Adult,ACTIVE,NONE,Garment Lower body,239.04,4
Adult,ACTIVE,Regularly,Swimwear,218.12,0
Young Adult,ACTIVE,NONE,Garment Upper body,134.46,1
Elderly,ACTIVE,NONE,Garment Lower body,265.18,4
Adult,ACTIVE,Regularly,Garment Upper body,180.48,0
Young Adult,ACTIVE,NONE,Garment Upper body,134.46,1
Young Adult,ACTIVE,Regularly,Garment Upper body,134.46,3
Young Adult,ACTIVE,Regularly,Garment Lower body,186.75,3
Adult,ACTIVE,NONE,Garment Lower body,134.46,4
Elderly,ACTIVE,Regularly,Garment Upper body,92.63,0
Young Adult,ACTIVE,NONE,Swimwear,165.83,1
Adult,ACTIVE,NONE,Underwear,209.86,4
Young Adult,ACTIVE,NONE,Accessories,180.16,1
Adult,ACTIVE,Regularly,Garment Upper body,239.04,0
Young Adult,ACTIVE,Regularly,Garment Full body,343.61,3
Adult,ACTIVE,NONE,Garment Lower body,336.09,4
Young Adult,ACTIVE,NONE,Garment Lower body,239.04,1
Young Adult,ACTIVE,NONE,Garment Upper body,134.46,1
Young Adult,ACTIVE,NONE,Garment Lower body,167.51,1
Adult,ACTIVE,NONE,Garment Upper body,233.29,4
Adult,ACTIVE,NONE,Underwear,113.55,4
Adult,ACTIVE,NONE,Garment Upper body,82.17,4
Young Adult,ACTIVE,Regularly,Garment Full body,239.04,3
Adult,ACTIVE,NONE,Garment Full body,134.46,4
Adult,ACTIVE,NONE,Garment Full body,291.33,4
Young Adult,ACTIVE,Regularly,Garment Upper body,50.8,3
Young Adult,ACTIVE,NONE,Garment Upper body,178.91,1
Elderly,PRE-CREATE,Regularly,Garment Lower body,186.75,2
Adult,ACTIVE,NONE,Garment Lower body,239.04,4
Adult,ACTIVE,NONE,Garment Upper body,186.75,4
Adult,ACTIVE,NONE,Garment Full body,186.75,4
Young Adult,ACTIVE,NONE,Garment Lower body,316.01,1
Young Adult,ACTIVE,NONE,Swimwear,134.46,1
Adult,ACTIVE,Regularly,Garment Upper body,134.46,0
Young Adult,ACTIVE,NONE,Garment Lower body,448.19,1
Adult,ACTIVE,Regularly,Garment Full body,280.87,0
Elderly,ACTIVE,Regularly,Garment Lower body,239.04,0
Adult,ACTIVE,NONE,Garment Full body,552.77,4
Young Adult,ACTIVE,Regularly,Socks & Tights,113.55,3
Young Adult,ACTIVE,NONE,Swimwear,395.9,1
Young Adult,ACTIVE,Regularly,Garment Upper body,191.14,3
Young Adult,ACTIVE,Regularly,Garment Lower body,134.46,3
Young Adult,ACTIVE,Regularly,Shoes,82.17,3
Adult,ACTIVE,NONE,Nightwear,129.23,4
Young Adult,ACTIVE,NONE,Accessories,186.75,1
Young Adult,ACTIVE,NONE,Garment Upper body,71.72,1
Young Adult,ACTIVE,NONE,Garment Full body,288.5,1
Young Adult,ACTIVE,NONE,Garment Lower body,239.04,1
Elderly,ACTIVE,Regularly,Garment Full body,343.61,0
Young Adult,ACTIVE,Regularly,Garment Upper body,112.29,3
Young Adult,ACTIVE,Regularly,Swimwear,134.46,3
Adult,ACTIVE,Regularly,Garment Full body,552.77,0
Adult,ACTIVE,Regularly,Garment Lower body,239.04,0
Adult,ACTIVE,Regularly,Garment Upper body,206.2,0
Young Adult,ACTIVE,NONE,Garment Full body,186.75,1
Young Adult,ACTIVE,Regularly,Underwear,239.04,3
Adult,ACTIVE,NONE,Accessories,165.83,4
Elderly,ACTIVE,Regularly,Garment Upper body,312.35,0
Young Adult,ACTIVE,Regularly,Garment Upper body,343.61,3
Young Adult,ACTIVE,NONE,Garment Upper body,71.72,1
Adult,ACTIVE,NONE,Swimwear,178.91,4
Young Adult,ACTIVE,NONE,Socks & Tights,57.81,1
Adult,ACTIVE,NONE,Garment Upper body,239.04,4
Young Adult,ACTIVE,NONE,Garment Lower body,113.55,1
Young Adult,ACTIVE,Regularly,Shoes,131.74,3
Adult,ACTIVE,NONE,Garment Lower body,155.38,4
Elderly,ACTIVE,NONE,Garment Full body,259.95,4
Adult,ACTIVE,Regularly,Garment Upper body,134.46,0
Adult,ACTIVE,NONE,Garment Lower body,239.04,4
Young Adult,ACTIVE,NONE,Garment Lower body,239.04,1
Young Adult,ACTIVE,NONE,Accessories,134.46,1
Adult,ACTIVE,Regularly,Garment Upper body,134.46,0
Adult,ACTIVE,Regularly,Swimwear,186.75,0
Young Adult,ACTIVE,NONE,Swimwear,171.06,1
Adult,ACTIVE,NONE,Garment Lower body,239.04,4
Elderly,ACTIVE,NONE,Garment Upper body,96.81,4
Adult,ACTIVE,Regularly,Garment Upper body,118.78,0
Young Adult,ACTIVE,Regularly,Garment Upper body,208.71,3
Young Adult,ACTIVE,NONE,Garment Upper body,71.72,1
Young Adult,ACTIVE,Regularly,Garment Upper body,309.1,3
Young Adult,ACTIVE,Regularly,Garment Upper body,124,3
Adult,ACTIVE,NONE,Garment Lower body,343.61,4
Young Adult,ACTIVE,NONE,Accessories,82.17,1
Adult,ACTIVE,Regularly,Garment Upper body,197.21,0
Adult,ACTIVE,NONE,Underwear,239.04,4
Adult,ACTIVE,Regularly,Garment Lower body,223.87,0
Young Adult,ACTIVE,NONE,Accessories,92.63,1
Young Adult,ACTIVE,NONE,Garment Lower body,197.31,1
Adult,ACTIVE,Regularly,Garment Full body,239.04,0
Young Adult,ACTIVE,NONE,Garment Lower body,343.61,1
Adult,ACTIVE,NONE,Swimwear,92.63,4
Young Adult,ACTIVE,NONE,Underwear,186.75,1
Young Adult,ACTIVE,NONE,Garment Upper body,113.55,1
Young Adult,ACTIVE,NONE,Garment Upper body,139.69,1
Elderly,ACTIVE,Regularly,Garment Upper body,113.55,0
Teenager,ACTIVE,Regularly,Accessories,71.72,0
Adult,ACTIVE,NONE,Swimwear,113.55,4
Young Adult,ACTIVE,NONE,Garment Lower body,186.75,1
Adult,ACTIVE,Regularly,Garment Upper body,218.12,0
Young Adult,ACTIVE,Regularly,Garment Upper body,134.46,3
Young Adult,ACTIVE,NONE,Garment Full body,291.33,1
Young Adult,ACTIVE,NONE,Garment Upper body,192.71,1
Young Adult,ACTIVE,NONE,Garment Full body,343.61,1
Young Adult,ACTIVE,Regularly,Garment Upper body,280.87,3
Young Adult,ACTIVE,Regularly,Garment Lower body,161.23,3
Young Adult,ACTIVE,NONE,Underwear,186.75,1
Adult,ACTIVE,NONE,Garment Full body,291.33,4
Adult,ACTIVE,NONE,Garment Full body,177.55,4
Adult,ACTIVE,NONE,Garment Upper body,280.87,4
Adult,ACTIVE,NONE,Socks & Tights,113.55,4
Young Adult,ACTIVE,Regularly,Garment Upper body,113.55,3
Adult,ACTIVE,NONE,Swimwear,173.68,4
Adult,ACTIVE,NONE,Underwear,123.38,4
Young Adult,ACTIVE,NONE,Garment Lower body,249.5,1
Young Adult,ACTIVE,Regularly,Swimwear,61.26,3
Young Adult,ACTIVE,NONE,Garment Upper body,129.23,1
Elderly,ACTIVE,NONE,Garment Upper body,76.94,4
Elderly,ACTIVE,NONE,Garment Lower body,178.91,4
Young Adult,ACTIVE,NONE,Garment Lower body,124,1
Young Adult,ACTIVE,NONE,Garment Lower body,124,1
Adult,ACTIVE,NONE,Swimwear,108.53,4
Young Adult,ACTIVE,NONE,Swimwear,218.12,1
Adult,ACTIVE,NONE,Garment Upper body,291.33,4
Young Adult,ACTIVE,NONE,Garment Upper body,134.46,1
Adult,ACTIVE,NONE,Garment Full body,395.9,4
Adult,ACTIVE,Regularly,Swimwear,155.38,0
Adult,ACTIVE,NONE,Garment Upper body,165.83,4
Adult,ACTIVE,Regularly,Garment Lower body,343.61,0
Young Adult,ACTIVE,NONE,Garment Upper body,197.21,1
Young Adult,ACTIVE,NONE,Swimwear,134.46,1
Adult,ACTIVE,NONE,Socks & Tights,113.55,4
Adult,ACTIVE,Regularly,Garment Upper body,180.48,0
Young Adult,ACTIVE,Regularly,Swimwear,116.27,3
Adult,ACTIVE,Regularly,Garment Upper body,120.87,0
Adult,ACTIVE,NONE,Garment Lower body,239.04,4
Elderly,ACTIVE,NONE,Underwear,163.22,4
Adult,ACTIVE,Regularly,Garment Lower body,171.06,0
Adult,ACTIVE,NONE,Garment Lower body,343.61,4
Young Adult,ACTIVE,Regularly,Garment Lower body,130.28,3
Young Adult,ACTIVE,NONE,Accessories,69.1,1
Young Adult,ACTIVE,Regularly,Garment Lower body,239.04,3
Young Adult,ACTIVE,NONE,Shoes,236.11,1
Young Adult,ACTIVE,NONE,Garment Full body,113.55,1
Adult,ACTIVE,NONE,Garment Lower body,239.04,4
Adult,ACTIVE,NONE,Garment Upper body,82.17,4
Adult,ACTIVE,NONE,Socks & Tights,134.46,4
Adult,ACTIVE,Regularly,Garment Upper body,186.75,0
Young Adult,PRE-CREATE,NONE,Garment Lower body,291.33,2
Adult,ACTIVE,NONE,Underwear,92.63,4
Young Adult,ACTIVE,NONE,Underwear,199.3,1
Elderly,PRE-CREATE,NONE,Garment Lower body,291.33,2
Adult,ACTIVE,Regularly,Garment Lower body,163.64,0
Young Adult,ACTIVE,NONE,Garment Upper body,239.04,1
Young Adult,ACTIVE,NONE,Garment Upper body,552.77,1
Young Adult,ACTIVE,NONE,Garment Upper body,186.75,1
Young Adult,ACTIVE,NONE,Nightwear,186.75,1
Adult,ACTIVE,NONE,Garment Lower body,343.61,4
Young Adult,ACTIVE,Regularly,Garment Lower body,239.04,3
Young Adult,ACTIVE,NONE,Garment Upper body,165.83,1
Adult,ACTIVE,NONE,Garment Upper body,343.61,4
Young Adult,ACTIVE,Regularly,Underwear,134.46,3
Adult,ACTIVE,NONE,Garment Upper body,165.83,4
Elderly,ACTIVE,Regularly,Garment Lower body,186.75,0
Young Adult,ACTIVE,NONE,Garment Upper body,186.75,1
Young Adult,ACTIVE,Regularly,Garment Upper body,239.04,3
Young Adult,ACTIVE,Regularly,Swimwear,171.06,3
Adult,ACTIVE,Regularly,Garment Lower body,291.33,0
Adult,ACTIVE,NONE,Garment Lower body,124,4
Elderly,ACTIVE,Regularly,Garment Lower body,134.46,0
Young Adult,ACTIVE,Regularly,Garment Upper body,165.83,3
Young Adult,ACTIVE,NONE,Garment Lower body,124,1
Adult,ACTIVE,Regularly,Garment Upper body,594.6,0
Young Adult,ACTIVE,NONE,Garment Full body,174.2,1
Adult,ACTIVE,NONE,Garment Lower body,148.06,4
Adult,ACTIVE,Regularly,Garment Full body,186.75,0
Young Adult,ACTIVE,NONE,Garment Lower body,239.04,1
Young Adult,ACTIVE,Regularly,Garment Lower body,186.75,3
Young Adult,ACTIVE,NONE,Garment Upper body,197.21,1
Young Adult,ACTIVE,NONE,Garment Upper body,291.33,1
Elderly,ACTIVE,Regularly,Garment Upper body,165.83,0
Young Adult,ACTIVE,Regularly,Socks & Tights,61.26,3
Adult,ACTIVE,Regularly,Garment Upper body,343.61,0
Adult,ACTIVE,NONE,Swimwear,186.75,4
Young Adult,ACTIVE,NONE,Swimwear,134.46,1
Young Adult,ACTIVE,NONE,Garment Upper body,144.92,1
Young Adult,ACTIVE,Regularly,Garment Full body,218.12,3
Adult,ACTIVE,Regularly,Garment Lower body,134.46,0
Young Adult,ACTIVE,NONE,Swimwear,113.55,1
Young Adult,ACTIVE,NONE,Garment Upper body,186.75,1
Elderly,ACTIVE,Regularly,Socks & Tights,62.41,0
Young Adult,ACTIVE,Regularly,Garment Full body,239.04,3
Young Adult,ACTIVE,NONE,Underwear,186.75,1
Teenager,ACTIVE,NONE,Swimwear,134.46,0
Adult,ACTIVE,NONE,Garment Lower body,239.04,4
Young Adult,ACTIVE,NONE,Shoes,359.3,1
Adult,ACTIVE,Regularly,Garment Lower body,186.75,0
Young Adult,ACTIVE,NONE,Garment Lower body,82.17,1
Young Adult,ACTIVE,NONE,Garment Upper body,134.46,1
Adult,ACTIVE,NONE,Garment Full body,176.29,4
Adult,ACTIVE,NONE,Underwear,92.63,4
Young Adult,ACTIVE,Regularly,Accessories,82.17,3
Young Adult,ACTIVE,NONE,Garment Upper body,134.46,1
Young Adult,ACTIVE,NONE,Garment Lower body,165.83,1
Young Adult,ACTIVE,Regularly,Garment Upper body,124,3
Elderly,ACTIVE,NONE,Shoes,395.9,4
Adult,ACTIVE,NONE,Garment Upper body,239.04,4
Adult,ACTIVE,NONE,Garment Lower body,266.65,4
Young Adult,ACTIVE,Regularly,Garment Full body,124,3
Adult,ACTIVE,NONE,Garment Upper body,233.29,4
Adult,ACTIVE,NONE,Underwear,186.75,4
Young Adult,ACTIVE,NONE,Garment Upper body,186.75,1
Young Adult,ACTIVE,NONE,Underwear,291.33,1
Young Adult,ACTIVE,NONE,Garment Lower body,448.19,1
Young Adult,ACTIVE,NONE,Garment Upper body,448.19,1
Young Adult,ACTIVE,Regularly,Garment Lower body,291.33,3
Young Adult,ACTIVE,NONE,Garment Lower body,239.04,1
Young Adult,ACTIVE,NONE,Garment Upper body,180.48,1
Adult,ACTIVE,Regularly,Underwear,180.79,0
Adult,ACTIVE,NONE,Underwear,186.75,4
Young Adult,ACTIVE,Regularly,Swimwear,134.46,3
Adult,ACTIVE,Regularly,Garment Upper body,448.19,0
Young Adult,ACTIVE,Regularly,Garment Lower body,239.04,3
Young Adult,ACTIVE,Regularly,Garment Lower body,239.04,3
Adult,ACTIVE,Regularly,Garment Full body,141.05,0
Young Adult,ACTIVE,NONE,Accessories,103.09,1
Young Adult,ACTIVE,Regularly,Garment Upper body,88.45,3
Young Adult,ACTIVE,NONE,Garment Full body,239.04,1
Young Adult,ACTIVE,Regularly,Garment Upper body,343.61,3
Young Adult,ACTIVE,NONE,Garment Upper body,144.92,1
Elderly,ACTIVE,Regularly,Garment Upper body,106.12,0
Elderly,ACTIVE,NONE,Garment Upper body,134.46,4
Young Adult,ACTIVE,NONE,Shoes,221.57,1
Adult,ACTIVE,NONE,Garment Lower body,186.75,4
Young Adult,ACTIVE,Regularly,Garment Lower body,239.04,3
Young Adult,ACTIVE,Regularly,Garment Upper body,92.63,3
Adult,NO MEMBERSHIP,NONE,Garment Upper body,134.46,2
Adult,ACTIVE,NONE,Shoes,134.46,4
Young Adult,ACTIVE,Regularly,Garment Lower body,239.04,3
Young Adult,ACTIVE,NONE,Underwear,92.63,1
Young Adult,ACTIVE,NONE,Garment Lower body,134.46,1
Young Adult,ACTIVE,Regularly,Underwear,71.72,3
Adult,ACTIVE,Regularly,Garment Upper body,448.19,0
Young Adult,ACTIVE,NONE,Underwear,197.21,1
Adult,ACTIVE,NONE,Garment Upper body,82.17,4
Young Adult,ACTIVE,NONE,Garment Upper body,134.46,1
Young Adult,ACTIVE,NONE,Nightwear,134.46,1
Adult,ACTIVE,NONE,Garment Lower body,291.33,4
Elderly,ACTIVE,NONE,Underwear,138.54,4
Young Adult,ACTIVE,Regularly,Garment Lower body,218.12,3
Young Adult,ACTIVE,Regularly,Garment Full body,165.83,3
Adult,ACTIVE,NONE,Garment Upper body,186.75,4
Adult,ACTIVE,Regularly,Underwear,103.09,0
Elderly,ACTIVE,Regularly,Garment Lower body,280.87,0
Adult,ACTIVE,Regularly,Garment Upper body,155.38,0
Young Adult,ACTIVE,Regularly,Garment Upper body,134.46,3
Elderly,ACTIVE,Regularly,Socks & Tights,96.81,0
Young Adult,ACTIVE,Regularly,Shoes,309.94,3
Young Adult,ACTIVE,Regularly,Garment Upper body,152.24,3
Young Adult,ACTIVE,Regularly,Garment Upper body,395.9,3
Adult,ACTIVE,Regularly,Swimwear,218.12,0
Young Adult,ACTIVE,NONE,Garment Full body,152.24,1
Adult,ACTIVE,NONE,Garment Upper body,113.55,4
Elderly,ACTIVE,Regularly,Garment Upper body,165.83,0
Adult,ACTIVE,NONE,Garment Upper body,186.75,4
Adult,ACTIVE,Regularly,Garment Upper body,92.63,0
Young Adult,ACTIVE,NONE,Garment Upper body,239.04,1
Adult,ACTIVE,NONE,Garment Upper body,343.61,4
Adult,ACTIVE,Regularly,Shoes,179.85,0
Young Adult,ACTIVE,Regularly,Underwear,165.83,3
Adult,ACTIVE,NONE,Garment Upper body,182.25,4
Adult,ACTIVE,NONE,Garment Upper body,343.61,4
Young Adult,ACTIVE,Regularly,Garment Upper body,165.83,3
Adult,ACTIVE,NONE,Garment Upper body,395.9,4
Adult,ACTIVE,NONE,Garment Upper body,113.55,4
Young Adult,ACTIVE,NONE,Garment Full body,99.64,1
Adult,ACTIVE,NONE,Garment Full body,124,4
Adult,ACTIVE,Regularly,Garment Upper body,239.14,0
Young Adult,ACTIVE,NONE,Garment Lower body,113.55,1
Young Adult,ACTIVE,Regularly,Socks & Tights,64.81,3
Young Adult,ACTIVE,Regularly,Swimwear,124,3
Adult,ACTIVE,Regularly,Garment Lower body,180.48,0
Young Adult,ACTIVE,Regularly,Garment Lower body,239.04,3
Elderly,ACTIVE,Regularly,Garment Full body,531.85,0
Young Adult,ACTIVE,NONE,Garment Upper body,239.04,1
Young Adult,ACTIVE,NONE,Garment Upper body,165.83,1
Young Adult,ACTIVE,NONE,Garment Upper body,82.17,1
Adult,ACTIVE,Regularly,Garment Full body,657.34,0
Young Adult,ACTIVE,NONE,Garment Full body,239.04,1
Young Adult,ACTIVE,Regularly,Garment Full body,165.83,3
Young Adult,ACTIVE,NONE,Garment Upper body,92.63,1
Young Adult,ACTIVE,Regularly,Garment Lower body,448.19,3
Adult,ACTIVE,Regularly,Garment Upper body,113.55,0
Young Adult,ACTIVE,Regularly,Swimwear,165.83,3
Adult,ACTIVE,NONE,Garment Lower body,186.75,4
Young Adult,ACTIVE,NONE,Garment Lower body,239.04,1
Young Adult,ACTIVE,NONE,Garment Upper body,113.55,1
Young Adult,ACTIVE,NONE,Garment Full body,113.55,1
Young Adult,ACTIVE,NONE,Garment Lower body,186.75,1
Adult,ACTIVE,NONE,Accessories,65.55,4
Young Adult,ACTIVE,NONE,Garment Upper body,195.01,1
Adult,ACTIVE,Regularly,Garment Upper body,239.04,0
Adult,ACTIVE,Regularly,Garment Upper body,186.75,0
Young Adult,ACTIVE,NONE,Garment Upper body,122.02,1
Adult,ACTIVE,Regularly,Garment Lower body,239.04,0
Young Adult,ACTIVE,Regularly,Garment Upper body,180.37,3
Young Adult,PRE-CREATE,NONE,Garment Upper body,239.04,2
Elderly,ACTIVE,Regularly,Garment Upper body,395.9,0
Adult,ACTIVE,NONE,Underwear,186.75,4
Young Adult,ACTIVE,NONE,Garment Full body,291.33,1
Young Adult,ACTIVE,Regularly,Garment Upper body,165.83,3
Young Adult,ACTIVE,NONE,Garment Upper body,83.43,1
Adult,ACTIVE,NONE,Garment Lower body,124,4
Elderly,ACTIVE,NONE,Garment Upper body,239.04,4
Elderly,ACTIVE,Regularly,Garment Lower body,291.33,0
Adult,ACTIVE,NONE,Garment Upper body,113.55,4
Young Adult,ACTIVE,NONE,Garment Upper body,343.61,1
Elderly,ACTIVE,Regularly,Unknown,147.53,0
Young Adult,ACTIVE,NONE,Garment Upper body,197.21,1
Adult,ACTIVE,Regularly,Garment Lower body,105.18,0
Adult,ACTIVE,Regularly,Shoes,406.47,0
Young Adult,ACTIVE,NONE,Garment Upper body,178.59,1
Young Adult,ACTIVE,Regularly,Garment Lower body,186.75,3
Adult,ACTIVE,Regularly,Garment Upper body,343.61,0
Elderly,ACTIVE,NONE,Underwear,186.75,4
Adult,ACTIVE,NONE,Garment Lower body,165.83,4
Adult,ACTIVE,NONE,Accessories,58.33,4
Adult,ACTIVE,Regularly,Underwear,194.49,0
Young Adult,ACTIVE,NONE,Garment Lower body,239.04,1
Adult,ACTIVE,NONE,Garment Full body,239.04,4
Adult,ACTIVE,Regularly,Garment Lower body,199.3,0
Elderly,ACTIVE,NONE,Garment Lower body,287.67,4
Young Adult,ACTIVE,Regularly,Accessories,134.46,3
Young Adult,ACTIVE,Regularly,Garment Lower body,134.46,3
Young Adult,ACTIVE,NONE,Underwear,218.12,1
Young Adult,ACTIVE,NONE,Garment Upper body,218.12,1
Adult,ACTIVE,Regularly,Garment Lower body,144.92,0
Young Adult,ACTIVE,NONE,Garment Lower body,280.87,1
Young Adult,ACTIVE,NONE,Garment Upper body,322.7,1
Young Adult,ACTIVE,Regularly,Garment Upper body,305.44,3
Young Adult,ACTIVE,NONE,Swimwear,186.75,1
Teenager,ACTIVE,Regularly,Garment Upper body,124,0
Adult,ACTIVE,Regularly,Garment Upper body,186.75,0
Elderly,ACTIVE,NONE,Garment Full body,186.75,4
Young Adult,ACTIVE,NONE,Accessories,111.66,1
Young Adult,ACTIVE,Regularly,Accessories,92.63,3
Young Adult,ACTIVE,NONE,Garment Upper body,134.46,1
Adult,ACTIVE,Regularly,Garment Upper body,134.46,0
Adult,ACTIVE,Regularly,Garment Lower body,134.46,0
Adult,ACTIVE,Regularly,Garment Upper body,113.55,0
Adult,ACTIVE,NONE,Swimwear,186.75,4
Young Adult,ACTIVE,NONE,Swimwear,134.46,1
Adult,ACTIVE,Regularly,Nightwear,92.63,0
Young Adult,ACTIVE,NONE,Underwear,134.46,1
Young Adult,ACTIVE,NONE,Garment Upper body,239.04,1
Young Adult,ACTIVE,NONE,Garment Lower body,197.31,1
Young Adult,ACTIVE,Regularly,Garment Upper body,225.65,3
Young Adult,ACTIVE,Regularly,Garment Lower body,40.45,3
Young Adult,ACTIVE,Regularly,Accessories,218.12,3
Young Adult,ACTIVE,Regularly,Garment Upper body,395.9,3
Young Adult,ACTIVE,Regularly,Garment Upper body,234.65,3
Adult,ACTIVE,NONE,Accessories,165.83,4
Young Adult,ACTIVE,Regularly,Swimwear,155.38,3
Adult,ACTIVE,Regularly,Garment Upper body,113.55,0
Young Adult,ACTIVE,NONE,Garment Upper body,103.09,1
Young Adult,ACTIVE,NONE,Garment Lower body,134.46,1
Young Adult,ACTIVE,Regularly,Garment Lower body,291.33,3
Young Adult,ACTIVE,Regularly,Garment Upper body,124,3
Young Adult,ACTIVE,NONE,Accessories,71.72,1
Adult,ACTIVE,NONE,Garment Upper body,186.75,4
Young Adult,ACTIVE,NONE,Garment Upper body,291.33,1
Adult,ACTIVE,NONE,Garment Upper body,186.75,4
Young Adult,ACTIVE,NONE,Garment Full body,82.17,1
Young Adult,ACTIVE,Regularly,Socks & Tights,134.46,3
Young Adult,ACTIVE,Regularly,Garment Upper body,699.28,3
Young Adult,ACTIVE,NONE,Garment Upper body,134.46,1
Young Adult,ACTIVE,NONE,Garment Upper body,197.21,1
Adult,ACTIVE,Regularly,Garment Upper body,218.12,0
Elderly,ACTIVE,NONE,Garment Upper body,113.55,4
Adult,ACTIVE,Regularly,Garment Upper body,40.55,0
Young Adult,ACTIVE,NONE,Garment Lower body,134.46,1
Adult,ACTIVE,Regularly,Underwear,165.83,0
Adult,ACTIVE,NONE,Garment Lower body,182.88,4
Adult,ACTIVE,Regularly,Garment Upper body,343.61,0
Young Adult,ACTIVE,Regularly,Garment Upper body,225.13,3
Young Adult,ACTIVE,NONE,Garment Lower body,448.19,1
Adult,ACTIVE,Regularly,Garment Upper body,161.65,0
Young Adult,ACTIVE,Regularly,Accessories,113.55,3
Young Adult,ACTIVE,NONE,Garment Full body,161.65,1
Adult,ACTIVE,Regularly,Garment Lower body,186.75,0
Adult,ACTIVE,NONE,Garment Upper body,76.94,4
Elderly,ACTIVE,Regularly,Garment Upper body,113.55,0
Young Adult,ACTIVE,NONE,Accessories,165.83,1
Elderly,ACTIVE,Regularly,Garment Upper body,79.98,0
Young Adult,ACTIVE,NONE,Garment Lower body,448.19,1
Young Adult,ACTIVE,Regularly,Garment Lower body,186.75,3
Young Adult,ACTIVE,NONE,Garment Upper body,120.55,1
Young Adult,ACTIVE,Regularly,Garment Upper body,239.04,3
Young Adult,ACTIVE,NONE,Garment Full body,343.61,1
Young Adult,ACTIVE,Regularly,Garment Upper body,239.04,3
Elderly,ACTIVE,Regularly,Garment Upper body,552.77,0
Adult,ACTIVE,NONE,Garment Full body,239.04,4
Young Adult,ACTIVE,Regularly,Garment Full body,152.24,3
Adult,ACTIVE,NONE,Accessories,239.04,4
Young Adult,ACTIVE,NONE,Garment Upper body,218.12,1
Young Adult,ACTIVE,Regularly,Accessories,186.75,3
Young Adult,ACTIVE,NONE,Garment Full body,280.87,1
Elderly,ACTIVE,NONE,Underwear,172.11,4
Adult,ACTIVE,NONE,Underwear,199.3,4
Young Adult,ACTIVE,NONE,Accessories,165.83,1
Elderly,ACTIVE,NONE,Garment Lower body,291.33,4
Young Adult,ACTIVE,NONE,Nightwear,155.38,1
Young Adult,ACTIVE,NONE,Garment Upper body,239.04,1
Adult,ACTIVE,Regularly,Garment Full body,221.26,0
Young Adult,ACTIVE,NONE,Garment Upper body,134.46,1
Young Adult,ACTIVE,NONE,Underwear,291.33,1
Adult,ACTIVE,Regularly,Garment Lower body,239.04,0
Young Adult,ACTIVE,Regularly,Garment Upper body,113.55,3
Adult,ACTIVE,NONE,Shoes,291.33,4
Adult,ACTIVE,NONE,Swimwear,116.27,4
Adult,PRE-CREATE,NONE,Garment Full body,186.75,2
Young Adult,ACTIVE,NONE,Garment Full body,155.38,1
Elderly,ACTIVE,Regularly,Garment Upper body,124,0
Young Adult,ACTIVE,NONE,Shoes,500.58,1
Adult,ACTIVE,NONE,Garment Lower body,155.38,4
Young Adult,ACTIVE,NONE,Swimwear,124,1
Young Adult,ACTIVE,Regularly,Accessories,139.69,3
Adult,ACTIVE,NONE,Underwear,134.46,4
Young Adult,ACTIVE,NONE,Swimwear,134.46,1
Young Adult,ACTIVE,Regularly,Garment Upper body,657.34,3
Young Adult,ACTIVE,NONE,Garment Upper body,343.61,1
Young Adult,ACTIVE,NONE,Garment Full body,186.75,1
Young Adult,ACTIVE,NONE,Garment Upper body,343.61,1
Young Adult,ACTIVE,Regularly,Garment Lower body,158.31,3
Young Adult,ACTIVE,Regularly,Garment Upper body,239.04,3
Young Adult,ACTIVE,NONE,Garment Upper body,134.46,1
Young Adult,ACTIVE,NONE,Garment Lower body,218.12,1
Young Adult,ACTIVE,Regularly,Garment Lower body,134.46,3
Young Adult,ACTIVE,NONE,Garment Lower body,186.75,1
Adult,ACTIVE,NONE,Garment Lower body,207.67,4
Young Adult,ACTIVE,Regularly,Garment Lower body,448.19,3
Young Adult,ACTIVE,NONE,Socks & Tights,124,1
Young Adult,ACTIVE,NONE,Garment Upper body,280.87,1
Young Adult,ACTIVE,NONE,Garment Upper body,186.75,1
Young Adult,ACTIVE,Regularly,Underwear,89.49,3
Young Adult,ACTIVE,Regularly,Accessories,239.04,3
Young Adult,ACTIVE,Regularly,Underwear,165.83,3
Elderly,ACTIVE,Regularly,Accessories,92.63,0
Elderly,ACTIVE,Regularly,Garment Upper body,165.83,0
Young Adult,ACTIVE,NONE,Garment Upper body,113.55,1
Young Adult,ACTIVE,NONE,Garment Full body,291.33,1
Young Adult,ACTIVE,NONE,Garment Lower body,239.04,1
Young Adult,ACTIVE,Regularly,Garment Upper body,103.09,3
Adult,ACTIVE,NONE,Garment Full body,343.61,4
Young Adult,ACTIVE,NONE,Underwear,186.75,1
Young Adult,ACTIVE,NONE,Garment Full body,239.04,1
Young Adult,ACTIVE,Regularly,Garment Upper body,291.33,3
Young Adult,ACTIVE,Regularly,Garment Upper body,61.26,3
Young Adult,ACTIVE,NONE,Swimwear,61.26,1
Adult,ACTIVE,NONE,Garment Upper body,186.75,4
Young Adult,ACTIVE,NONE,Garment Full body,186.75,1
Young Adult,ACTIVE,Regularly,Garment Full body,239.04,3
Young Adult,ACTIVE,NONE,Garment Lower body,239.04,1
Young Adult,ACTIVE,Regularly,Garment Upper body,92.63,3
Young Adult,ACTIVE,Regularly,Garment Lower body,186.75,3
Adult,ACTIVE,NONE,Garment Full body,61.26,4
Young Adult,ACTIVE,NONE,Underwear,134.46,1
Young Adult,ACTIVE,NONE,Garment Upper body,218.12,1
Young Adult,ACTIVE,Regularly,Underwear,134.46,3
Adult,ACTIVE,NONE,Garment Full body,236.74,4
Young Adult,ACTIVE,Regularly,Swimwear,82.17,3
Adult,ACTIVE,Regularly,Garment Lower body,343.61,0
Elderly,ACTIVE,Regularly,Garment Upper body,113.55,0
Young Adult,ACTIVE,NONE,Garment Lower body,165.83,1
Adult,ACTIVE,NONE,Garment Lower body,197.21,4
Young Adult,ACTIVE,NONE,Garment Lower body,239.04,1
Adult,ACTIVE,NONE,Garment Upper body,239.04,4
Adult,ACTIVE,NONE,Garment Upper body,134.46,4
Young Adult,ACTIVE,NONE,Garment Upper body,186.75,1
Adult,ACTIVE,Regularly,Garment Upper body,103.09,0
Adult,ACTIVE,NONE,Underwear,165.83,4
Young Adult,ACTIVE,NONE,Garment Upper body,171.06,1
Young Adult,ACTIVE,Regularly,Underwear,139.17,3
Adult,ACTIVE,Regularly,Garment Lower body,239.04,0
Adult,ACTIVE,Regularly,Garment Lower body,239.04,0
Young Adult,ACTIVE,NONE,Accessories,113.55,1
Young Adult,NO MEMBERSHIP,NONE,Garment Lower body,165.83,2
Adult,ACTIVE,NONE,Swimwear,186.75,4
Teenager,ACTIVE,NONE,Underwear,171.06,0
Young Adult,ACTIVE,NONE,Garment Upper body,82.17,1
Adult,ACTIVE,NONE,Garment Full body,218.12,4
Elderly,ACTIVE,Regularly,Garment Upper body,186.75,0
Young Adult,ACTIVE,NONE,Swimwear,85.62,1
Adult,PRE-CREATE,NONE,Nightwear,134.46,2
Young Adult,ACTIVE,NONE,Garment Upper body,239.04,1
Elderly,ACTIVE,Regularly,Garment Full body,207.67,0
Adult,ACTIVE,NONE,Garment Upper body,134.46,4
Adult,ACTIVE,Regularly,Garment Lower body,278.46,0
Young Adult,ACTIVE,NONE,Garment Lower body,186.75,1
Adult,ACTIVE,NONE,Accessories,165.83,4
Young Adult,ACTIVE,NONE,Garment Full body,218.12,1
Young Adult,ACTIVE,NONE,Garment Upper body,79.87,1
Elderly,ACTIVE,NONE,Garment Upper body,124,4
Adult,ACTIVE,NONE,Shoes,343.61,4
Adult,ACTIVE,Regularly,Garment Upper body,134.46,0
Young Adult,ACTIVE,NONE,Garment Upper body,113.55,1
Young Adult,ACTIVE,NONE,Underwear,124,1
Adult,ACTIVE,NONE,Garment Lower body,239.04,4
Young Adult,ACTIVE,NONE,Garment Lower body,186.75,1
Adult,ACTIVE,Regularly,Garment Upper body,165.83,0
Young Adult,ACTIVE,NONE,Swimwear,186.75,1
Young Adult,ACTIVE,NONE,Garment Lower body,165.83,1
Young Adult,ACTIVE,Regularly,Garment Lower body,220.42,3
Young Adult,ACTIVE,Regularly,Garment Upper body,291.33,3
Adult,ACTIVE,NONE,Garment Upper body,189.89,4
Elderly,ACTIVE,Regularly,Garment Full body,291.33,0
Adult,ACTIVE,NONE,Garment Lower body,239.04,4
Adult,ACTIVE,Regularly,Garment Lower body,395.9,0
Adult,ACTIVE,NONE,Garment Upper body,92.63,4
Young Adult,ACTIVE,NONE,Garment Full body,291.33,1
Young Adult,ACTIVE,NONE,Garment Upper body,134.46,1
Young Adult,ACTIVE,Regularly,Garment Upper body,186.75,3
Adult,ACTIVE,NONE,Swimwear,167.19,4
Young Adult,ACTIVE,Regularly,Garment Full body,155.38,3
Young Adult,ACTIVE,NONE,Swimwear,291.33,1
Adult,ACTIVE,Regularly,Garment Lower body,343.61,0
Elderly,ACTIVE,NONE,Garment Upper body,657.34,4
Young Adult,ACTIVE,NONE,Garment Lower body,113.55,1
Young Adult,ACTIVE,Regularly,Accessories,61.26,3
Young Adult,ACTIVE,NONE,Garment Lower body,343.61,1
Elderly,ACTIVE,Regularly,Garment Upper body,171.06,0
Adult,ACTIVE,Regularly,Garment Upper body,92.63,0
Young Adult,ACTIVE,NONE,Garment Lower body,186.75,1
Young Adult,ACTIVE,NONE,Nightwear,186.75,1
Adult,ACTIVE,NONE,Shoes,239.04,4
Adult,ACTIVE,NONE,Garment Full body,448.19,4
Elderly,ACTIVE,NONE,Garment Lower body,186.75,4
Adult,ACTIVE,Regularly,Garment Upper body,108.32,0
Young Adult,ACTIVE,NONE,Garment Upper body,280.87,1
Adult,ACTIVE,NONE,Garment Lower body,63.35,4
Adult,ACTIVE,Regularly,Garment Upper body,61.26,0
Adult,ACTIVE,Regularly,Underwear,183.4,0
Adult,ACTIVE,NONE,Underwear,134.46,4
Young Adult,ACTIVE,Regularly,Garment Lower body,165.83,3
Young Adult,ACTIVE,NONE,Garment Upper body,82.17,1
Young Adult,ACTIVE,NONE,Garment Full body,218.12,1
Young Adult,ACTIVE,NONE,Garment Upper body,129.13,1
Young Adult,ACTIVE,Regularly,Garment Lower body,194.91,3
Adult,ACTIVE,Regularly,Garment Upper body,124,0
Elderly,ACTIVE,Regularly,Accessories,103.09,0
Young Adult,ACTIVE,NONE,Shoes,130.28,1
Adult,PRE-CREATE,NONE,Garment Lower body,239.04,2
Young Adult,ACTIVE,NONE,Garment Lower body,239.04,1
Young Adult,ACTIVE,Regularly,Garment Upper body,50.8,3
Young Adult,ACTIVE,NONE,Swimwear,92.63,1
Young Adult,ACTIVE,Regularly,Garment Lower body,186.75,3
Young Adult,ACTIVE,NONE,Underwear,186.75,1
Young Adult,ACTIVE,Regularly,Underwear,124,3
Young Adult,ACTIVE,NONE,Socks & Tights,124,1
Young Adult,ACTIVE,NONE,Garment Upper body,239.04,1
Young Adult,ACTIVE,Regularly,Garment Upper body,71.72,3
Adult,ACTIVE,NONE,Garment Lower body,291.33,4
Young Adult,ACTIVE,Regularly,Garment Upper body,92.63,3
Young Adult,PRE-CREATE,NONE,Garment Upper body,134.46,2
Young Adult,ACTIVE,Regularly,Garment Full body,395.9,3
Young Adult,ACTIVE,Regularly,Garment Full body,186.75,3
Young Adult,ACTIVE,Regularly,Socks & Tights,110.3,3
Adult,ACTIVE,NONE,Accessories,61.26,4
Young Adult,ACTIVE,Regularly,Garment Upper body,291.33,3
Adult,ACTIVE,NONE,Swimwear,218.12,4
Adult,ACTIVE,Regularly,Swimwear,161.02,0
Young Adult,ACTIVE,Regularly,Garment Upper body,96.81,3
Young Adult,ACTIVE,Regularly,Garment Lower body,422.05,3
Young Adult,ACTIVE,NONE,Garment Lower body,124,1
Adult,ACTIVE,NONE,Garment Upper body,71.72,4
Young Adult,ACTIVE,NONE,Garment Upper body,165.83,1
Young Adult,ACTIVE,NONE,Garment Lower body,239.04,1
Elderly,ACTIVE,Regularly,Garment Upper body,181.52,0
Adult,ACTIVE,NONE,Garment Lower body,291.33,4
Young Adult,ACTIVE,Regularly,Garment Full body,134.46,3
Young Adult,ACTIVE,Regularly,Garment Upper body,129.65,3
Adult,ACTIVE,Regularly,Garment Upper body,122.23,0
Young Adult,ACTIVE,NONE,Nightwear,343.61,1
Adult,ACTIVE,Regularly,Unknown,186.75,0
Young Adult,ACTIVE,NONE,Garment Full body,113.55,1
Young Adult,ACTIVE,NONE,Garment Lower body,239.04,1
Young Adult,ACTIVE,Regularly,Garment Upper body,155.38,3
Young Adult,ACTIVE,Regularly,Garment Upper body,93.99,3
Elderly,ACTIVE,NONE,Socks & Tights,129.44,4
Young Adult,ACTIVE,Regularly,Underwear,113.55,3
Young Adult,ACTIVE,Regularly,Garment Upper body,80.6,3
Young Adult,ACTIVE,NONE,Underwear,165.83,1
Adult,ACTIVE,Regularly,Garment Lower body,343.61,0
Adult,ACTIVE,NONE,Accessories,239.04,4
Adult,ACTIVE,Regularly,Garment Upper body,78.41,0
Young Adult,ACTIVE,NONE,Socks & Tights,134.46,1
Adult,ACTIVE,NONE,Underwear,123.9,4
Elderly,ACTIVE,NONE,Garment Full body,103.09,4
Adult,ACTIVE,Regularly,Garment Upper body,186.75,0
Adult,PRE-CREATE,NONE,Garment Upper body,82.17,2
Adult,ACTIVE,Regularly,Accessories,163.95,0
Adult,ACTIVE,NONE,Garment Lower body,239.04,4
Young Adult,ACTIVE,Regularly,Garment Upper body,124,3
Adult,ACTIVE,Regularly,Garment Lower body,152.24,0
Young Adult,ACTIVE,Regularly,Accessories,77.89,3
Young Adult,ACTIVE,Regularly,Garment Lower body,186.75,3
Adult,ACTIVE,Regularly,Garment Upper body,134.46,0
Elderly,ACTIVE,NONE,Swimwear,50.8,4
Adult,ACTIVE,Regularly,Garment Upper body,82.17,0
Adult,ACTIVE,NONE,Garment Upper body,134.46,4
Young Adult,ACTIVE,NONE,Garment Upper body,155.38,1
Teenager,NO MEMBERSHIP,NONE,Swimwear,71.72,2
Young Adult,ACTIVE,Regularly,Underwear,165.83,3
Adult,ACTIVE,NONE,Garment Upper body,239.04,4
Young Adult,ACTIVE,NONE,Garment Upper body,82.17,1
Adult,ACTIVE,Regularly,Underwear,144.5,0
Young Adult,ACTIVE,NONE,Garment Lower body,239.04,1
Young Adult,ACTIVE,Regularly,Socks & Tights,152.24,3
Elderly,ACTIVE,Regularly,Garment Upper body,92.63,0
Adult,ACTIVE,Regularly,Underwear,186.75,0
Young Adult,ACTIVE,NONE,Garment Upper body,277,1
Adult,ACTIVE,Regularly,Garment Lower body,239.04,0
Elderly,ACTIVE,NONE,Garment Upper body,218.12,4
Young Adult,ACTIVE,Regularly,Garment Lower body,183.72,3
Young Adult,ACTIVE,Regularly,Garment Upper body,82.17,3
Young Adult,ACTIVE,Regularly,Swimwear,186.75,3
Young Adult,ACTIVE,NONE,Garment Lower body,163.22,1
Adult,ACTIVE,NONE,Garment Upper body,88.45,4
Adult,ACTIVE,NONE,Garment Full body,343.61,4
Adult,ACTIVE,Regularly,Shoes,343.61,0
Young Adult,ACTIVE,Regularly,Garment Upper body,239.04,3
Young Adult,ACTIVE,Regularly,Unknown,183.72,3
Young Adult,ACTIVE,NONE,Garment Upper body,186.75,1
Young Adult,ACTIVE,NONE,Garment Full body,280.87,1
Adult,PRE-CREATE,NONE,Garment Full body,124,2
Adult,ACTIVE,NONE,Garment Upper body,186.75,4
Young Adult,ACTIVE,NONE,Garment Upper body,186.75,1
Young Adult,ACTIVE,NONE,Garment Upper body,131.95,1
Young Adult,ACTIVE,NONE,Garment Lower body,338.39,1
Young Adult,ACTIVE,NONE,Garment Full body,239.04,1
Young Adult,ACTIVE,NONE,Garment Upper body,552.77,1
Young Adult,ACTIVE,Regularly,Garment Lower body,239.04,3
Young Adult,ACTIVE,Regularly,Garment Upper body,155.38,3
Young Adult,ACTIVE,NONE,Swimwear,186.75,1
Young Adult,ACTIVE,Regularly,Garment Upper body,130.28,3
Young Adult,ACTIVE,NONE,Garment Upper body,165.83,1
Young Adult,ACTIVE,NONE,Swimwear,165.83,1
Adult,ACTIVE,NONE,Garment Full body,239.04,4
Young Adult,ACTIVE,NONE,Garment Upper body,239.04,1
Adult,ACTIVE,Regularly,Garment Upper body,239.04,0
Young Adult,ACTIVE,NONE,Swimwear,113.55,1
Adult,ACTIVE,NONE,Accessories,61.26,4
Adult,ACTIVE,NONE,Underwear,453.42,4
Adult,ACTIVE,NONE,Garment Full body,186.75,4
Young Adult,ACTIVE,Regularly,Socks & Tights,113.55,3
Young Adult,ACTIVE,Regularly,Accessories,82.17,3
Adult,ACTIVE,Regularly,Garment Lower body,127.04,0
Adult,ACTIVE,NONE,Garment Upper body,134.46,4
Adult,ACTIVE,NONE,Garment Full body,199.61,4
Young Adult,ACTIVE,NONE,Shoes,552.77,1
Young Adult,ACTIVE,NONE,Swimwear,134.46,1
Adult,ACTIVE,NONE,Garment Upper body,82.17,4
Adult,ACTIVE,NONE,Garment Upper body,165.83,4
Young Adult,ACTIVE,NONE,Garment Full body,239.04,1
Young Adult,ACTIVE,NONE,Garment Lower body,239.04,1
Adult,ACTIVE,NONE,Garment Full body,228.58,4
Young Adult,ACTIVE,Regularly,Garment Upper body,347.27,3
Adult,ACTIVE,NONE,Garment Lower body,97.86,4
Adult,ACTIVE,NONE,Garment Upper body,239.04,4
Adult,ACTIVE,NONE,Garment Lower body,291.33,4
Adult,ACTIVE,NONE,Garment Lower body,212.89,4
Elderly,ACTIVE,NONE,Garment Upper body,82.17,4
Adult,ACTIVE,Regularly,Underwear,124,0
Young Adult,ACTIVE,Regularly,Garment Lower body,500.48,3
Adult,ACTIVE,Regularly,Garment Lower body,134.46,0
Young Adult,ACTIVE,NONE,Garment Full body,186.75,1
Elderly,ACTIVE,Regularly,Garment Lower body,239.04,0
Young Adult,ACTIVE,Regularly,Socks & Tights,134.46,3
Young Adult,ACTIVE,NONE,Unknown,165.83,1
Young Adult,ACTIVE,Regularly,Shoes,343.61,3
Adult,ACTIVE,Regularly,Garment Upper body,186.75,0
Young Adult,ACTIVE,Regularly,Garment Lower body,186.75,3
Adult,ACTIVE,NONE,Garment Full body,343.61,4
Elderly,ACTIVE,Regularly,Garment Upper body,113.65,0
Young Adult,ACTIVE,Regularly,Accessories,113.55,3
Adult,ACTIVE,Regularly,Garment Lower body,186.75,0
Young Adult,ACTIVE,NONE,Socks & Tights,134.46,1
Adult,ACTIVE,Regularly,Garment Upper body,103.09,0
Young Adult,ACTIVE,Regularly,Garment Upper body,76.94,3
Adult,PRE-CREATE,NONE,Underwear,239.04,2
Adult,ACTIVE,Regularly,Underwear,86.36,0
Adult,ACTIVE,Regularly,Garment Lower body,163.22,0
Elderly,ACTIVE,Regularly,Garment Upper body,239.04,0
Young Adult,ACTIVE,Regularly,Accessories,186.75,3
Young Adult,ACTIVE,NONE,Garment Upper body,165.83,1
Adult,PRE-CREATE,NONE,Garment Full body,343.61,2
Adult,ACTIVE,Regularly,Garment Upper body,82.17,0
Young Adult,ACTIVE,Regularly,Accessories,113.55,3
Adult,ACTIVE,NONE,Accessories,88.45,4
Adult,ACTIVE,NONE,Garment Upper body,134.46,4
Young Adult,ACTIVE,Regularly,Swimwear,103.09,3
Young Adult,ACTIVE,Regularly,Garment Upper body,134.46,3
Young Adult,ACTIVE,Regularly,Garment Upper body,169.6,3
Young Adult,ACTIVE,Regularly,Garment Full body,171.06,3
Young Adult,ACTIVE,Regularly,Garment Upper body,134.46,3
Adult,ACTIVE,NONE,Garment Upper body,134.46,4
Adult,ACTIVE,NONE,Socks & Tights,103.09,4
Young Adult,ACTIVE,NONE,Underwear,134.46,1
Young Adult,ACTIVE,Regularly,Underwear,186.75,3
Young Adult,ACTIVE,Regularly,Accessories,113.55,3
Young Adult,ACTIVE,NONE,Garment Full body,186.75,1
Adult,ACTIVE,NONE,Garment Upper body,82.17,4
Adult,ACTIVE,NONE,Swimwear,163.22,4
Young Adult,ACTIVE,NONE,Socks & Tights,96.81,1
Adult,ACTIVE,NONE,Garment Lower body,186.75,4
Young Adult,ACTIVE,NONE,Garment Lower body,239.04,1
Young Adult,ACTIVE,Regularly,Garment Upper body,113.55,3
Young Adult,ACTIVE,Regularly,Garment Upper body,94.2,3
Elderly,ACTIVE,NONE,Garment Upper body,113.55,4
Young Adult,ACTIVE,NONE,Garment Upper body,218.12,1
Young Adult,ACTIVE,NONE,Garment Lower body,239.04,1
Young Adult,ACTIVE,NONE,Socks & Tights,63.35,1
Young Adult,ACTIVE,Regularly,Garment Lower body,253.89,3
Adult,ACTIVE,Regularly,Garment Upper body,70.77,0
Young Adult,ACTIVE,NONE,Swimwear,124,1
Young Adult,ACTIVE,NONE,Garment Upper body,341,1
Young Adult,ACTIVE,Regularly,Garment Lower body,203.59,3
Adult,ACTIVE,NONE,Garment Upper body,82.17,4
Adult,ACTIVE,NONE,Nightwear,186.75,4
Young Adult,ACTIVE,Regularly,Underwear,218.12,3
Elderly,ACTIVE,NONE,Accessories,103.09,4
Young Adult,ACTIVE,NONE,Garment Upper body,448.19,1
Elderly,ACTIVE,NONE,Accessories,113.55,4
Adult,ACTIVE,Regularly,Garment Lower body,171.06,0
Young Adult,ACTIVE,Regularly,Garment Full body,161.44,3
Adult,ACTIVE,NONE,Garment Lower body,134.46,4
Adult,ACTIVE,NONE,Garment Upper body,134.46,4
Adult,ACTIVE,NONE,Accessories,113.55,4
Adult,ACTIVE,NONE,Underwear,67.53,4
Young Adult,ACTIVE,NONE,Garment Upper body,78.72,1
Young Adult,ACTIVE,NONE,Accessories,92.63,1
Adult,ACTIVE,Regularly,Garment Full body,92.63,0
Adult,ACTIVE,Regularly,Garment Upper body,239.04,0
Young Adult,ACTIVE,NONE,Garment Lower body,152.24,1
Young Adult,ACTIVE,NONE,Garment Upper body,82.17,1
Young Adult,ACTIVE,Regularly,Garment Full body,71.72,3
Adult,ACTIVE,Regularly,Underwear,130.49,0
Young Adult,ACTIVE,NONE,Garment Upper body,448.19,1
Adult,ACTIVE,Regularly,Underwear,186.75,0
Adult,ACTIVE,Regularly,Garment Upper body,142.83,0
Adult,ACTIVE,Regularly,Garment Upper body,172.84,0
Young Adult,ACTIVE,NONE,Garment Upper body,186.75,1
Young Adult,ACTIVE,NONE,Garment Upper body,134.46,1
Elderly,ACTIVE,NONE,Garment Full body,343.61,4
Young Adult,ACTIVE,NONE,Garment Lower body,165.83,1
Elderly,ACTIVE,NONE,Accessories,134.46,4
Young Adult,ACTIVE,Regularly,Garment Lower body,291.33,3
Adult,ACTIVE,NONE,Garment Upper body,92.63,4
Young Adult,ACTIVE,NONE,Garment Upper body,113.55,1
Young Adult,ACTIVE,NONE,Garment Lower body,343.61,1
Adult,ACTIVE,Regularly,Garment Lower body,124,0
Young Adult,ACTIVE,NONE,Garment Upper body,134.46,1
Adult,ACTIVE,NONE,Garment Upper body,169.6,4
Adult,ACTIVE,Regularly,Garment Upper body,124,0
Young Adult,ACTIVE,Regularly,Garment Upper body,113.55,3
Adult,ACTIVE,Regularly,Garment Lower body,218.12,0
Young Adult,ACTIVE,NONE,Nightwear,186.75,1
Young Adult,ACTIVE,NONE,Garment Lower body,113.55,1
Adult,ACTIVE,Regularly,Garment Upper body,291.33,0
Adult,ACTIVE,NONE,Garment Lower body,197.21,4
Adult,ACTIVE,NONE,Garment Lower body,103.09,4
Young Adult,ACTIVE,Regularly,Garment Upper body,144.92,3
Adult,ACTIVE,NONE,Garment Upper body,96.81,4
Elderly,ACTIVE,NONE,Garment Upper body,291.33,4
Elderly,ACTIVE,Regularly,Socks & Tights,113.55,0
Adult,ACTIVE,NONE,Garment Full body,448.19,4
Young Adult,ACTIVE,Regularly,Garment Lower body,131.53,3
Young Adult,ACTIVE,NONE,Swimwear,124,1
Adult,ACTIVE,Regularly,Garment Upper body,134.46,0
Adult,ACTIVE,NONE,Garment Upper body,239.04,4
Young Adult,ACTIVE,Regularly,Garment Upper body,530.18,3
Young Adult,ACTIVE,Regularly,Garment Upper body,134.46,3
Young Adult,ACTIVE,NONE,Garment Upper body,134.46,1
Young Adult,PRE-CREATE,NONE,Underwear,134.46,2
Adult,ACTIVE,Regularly,Garment Lower body,124,0
Adult,ACTIVE,Regularly,Garment Full body,343.61,0
Young Adult,ACTIVE,Regularly,Garment Upper body,82.17,3
Adult,ACTIVE,NONE,Garment Upper body,165.83,4
Young Adult,ACTIVE,Regularly,Garment Full body,364.53,3
Young Adult,ACTIVE,NONE,Garment Upper body,197.21,1
Adult,ACTIVE,NONE,Garment Full body,343.61,4
Young Adult,ACTIVE,Regularly,Garment Lower body,218.12,3
Adult,ACTIVE,Regularly,Garment Upper body,80.08,0
Young Adult,ACTIVE,NONE,Garment Full body,218.12,1
Young Adult,ACTIVE,Regularly,Nightwear,343.61,3
Young Adult,ACTIVE,Regularly,Accessories,82.17,3
Adult,ACTIVE,NONE,Garment Upper body,103.09,4
Young Adult,ACTIVE,Regularly,Garment Lower body,186.75,3
Adult,ACTIVE,Regularly,Underwear,117.73,0
Young Adult,ACTIVE,Regularly,Garment Full body,103.09,3
Young Adult,ACTIVE,Regularly,Garment Full body,218.12,3
Young Adult,ACTIVE,NONE,Garment Lower body,239.04,1
Adult,PRE-CREATE,NONE,Garment Lower body,218.12,2
Young Adult,ACTIVE,Regularly,Garment Full body,327.93,3
Young Adult,ACTIVE,NONE,Garment Full body,239.04,1
Adult,ACTIVE,NONE,Accessories,50.8,4
Young Adult,ACTIVE,Regularly,Swimwear,291.33,3
Young Adult,ACTIVE,Regularly,Garment Lower body,291.33,3
Young Adult,ACTIVE,NONE,Garment Upper body,448.19,1
Elderly,ACTIVE,NONE,Garment Upper body,291.33,4
Young Adult,ACTIVE,NONE,Garment Lower body,280.87,1
Adult,ACTIVE,NONE,Garment Full body,291.33,4
Young Adult,ACTIVE,Regularly,Garment Lower body,165.83,3
Adult,ACTIVE,Regularly,Accessories,113.55,0
Adult,ACTIVE,Regularly,Swimwear,171.06,0
Adult,ACTIVE,NONE,Garment Upper body,134.46,4
Young Adult,ACTIVE,Regularly,Garment Lower body,343.61,3
Young Adult,ACTIVE,Regularly,Garment Lower body,395.9,3
Young Adult,ACTIVE,NONE,Swimwear,134.46,1
Adult,ACTIVE,NONE,Garment Upper body,218.12,4
Young Adult,ACTIVE,Regularly,Garment Upper body,239.04,3
Elderly,ACTIVE,NONE,Garment Upper body,239.04,4
Adult,ACTIVE,Regularly,Garment Full body,225.97,0
Young Adult,ACTIVE,Regularly,Shoes,322.7,3
Young Adult,ACTIVE,Regularly,Garment Upper body,105.18,3
Young Adult,ACTIVE,NONE,Garment Upper body,239.04,1
Adult,ACTIVE,Regularly,Garment Upper body,155.38,0
Young Adult,ACTIVE,Regularly,Garment Upper body,175.46,3
Adult,ACTIVE,Regularly,Garment Lower body,291.33,0
Young Adult,ACTIVE,NONE,Garment Lower body,197.21,1
Young Adult,ACTIVE,NONE,Shoes,249.5,1
Young Adult,ACTIVE,Regularly,Socks & Tights,54.98,3
Young Adult,ACTIVE,NONE,Garment Upper body,71.72,1
Adult,ACTIVE,Regularly,Garment Upper body,134.46,0
Adult,ACTIVE,Regularly,Garment Lower body,103.09,0
Adult,ACTIVE,Regularly,Garment Lower body,291.33,0
Adult,ACTIVE,Regularly,Socks & Tights,109.57,0
Young Adult,ACTIVE,NONE,Garment Full body,186.75,1
Young Adult,ACTIVE,NONE,Garment Upper body,92.63,1
Young Adult,ACTIVE,Regularly,Garment Upper body,71.72,3
Young Adult,ACTIVE,NONE,Garment Upper body,291.33,1
Young Adult,ACTIVE,Regularly,Swimwear,186.75,3
Young Adult,ACTIVE,NONE,Swimwear,218.12,1
Elderly,ACTIVE,NONE,Garment Full body,186.75,4
Elderly,ACTIVE,NONE,Garment Full body,379.59,4
Adult,ACTIVE,Regularly,Socks & Tights,59.27,0
Adult,ACTIVE,NONE,Garment Upper body,134.46,4
Adult,ACTIVE,NONE,Garment Upper body,165.83,4
Adult,ACTIVE,Regularly,Underwear,186.75,0
Teenager,ACTIVE,NONE,Garment Lower body,265.18,0
Young Adult,ACTIVE,NONE,Nightwear,197.21,1
Adult,ACTIVE,Regularly,Garment Lower body,155.38,0
Young Adult,ACTIVE,NONE,Garment Upper body,103.09,1
Young Adult,ACTIVE,Regularly,Swimwear,113.55,3
Elderly,ACTIVE,NONE,Swimwear,134.46,4
Young Adult,ACTIVE,Regularly,Garment Upper body,82.17,3
Elderly,ACTIVE,NONE,Accessories,113.55,4
Young Adult,ACTIVE,NONE,Garment Upper body,197.21,1
Young Adult,ACTIVE,Regularly,Accessories,165.83,3
Young Adult,ACTIVE,NONE,Garment Upper body,239.04,1
Young Adult,ACTIVE,Regularly,Garment Upper body,124,3
Young Adult,ACTIVE,NONE,Garment Lower body,218.12,1
Adult,ACTIVE,NONE,Garment Upper body,332.53,4
Adult,ACTIVE,NONE,Garment Upper body,92.63,4
Elderly,ACTIVE,NONE,Garment Lower body,163.22,4
Adult,ACTIVE,NONE,Swimwear,134.46,4
Adult,ACTIVE,Regularly,Garment Full body,276.58,0
Young Adult,ACTIVE,NONE,Garment Lower body,134.46,1
Young Adult,ACTIVE,Regularly,Accessories,186.75,3
Young Adult,ACTIVE,NONE,Garment Upper body,165.83,1
Adult,ACTIVE,NONE,Underwear,134.46,4
Adult,ACTIVE,Regularly,Garment Lower body,218.12,0
Adult,ACTIVE,Regularly,Garment Lower body,186.75,0
Adult,ACTIVE,Regularly,Garment Lower body,239.04,0
Young Adult,ACTIVE,Regularly,Garment Lower body,291.33,3
Young Adult,ACTIVE,NONE,Garment Upper body,338.91,1
Adult,ACTIVE,NONE,Garment Lower body,186.75,4
Adult,ACTIVE,Regularly,Garment Full body,71.72,0
Adult,ACTIVE,Regularly,Garment Upper body,86.67,0
Young Adult,ACTIVE,Regularly,Garment Lower body,422.47,3
Adult,ACTIVE,NONE,Garment Lower body,552.77,4
Young Adult,ACTIVE,NONE,Garment Lower body,395.9,1
Adult,ACTIVE,Regularly,Garment Upper body,239.04,0
Young Adult,ACTIVE,Regularly,Garment Upper body,113.55,3
Young Adult,ACTIVE,NONE,Garment Lower body,354.07,1
Young Adult,ACTIVE,NONE,Garment Lower body,134.46,1
Young Adult,ACTIVE,Regularly,Garment Lower body,165.83,3
Young Adult,ACTIVE,NONE,Garment Lower body,343.61,1
Young Adult,ACTIVE,NONE,Garment Upper body,138.64,1
Teenager,ACTIVE,Regularly,Garment Lower body,186.75,0
Adult,ACTIVE,NONE,Garment Lower body,186.75,4
Adult,ACTIVE,Regularly,Garment Full body,239.04,0
Adult,ACTIVE,Regularly,Garment Full body,239.04,0
Elderly,ACTIVE,NONE,Garment Lower body,230.67,4
Elderly,ACTIVE,NONE,Socks & Tights,99.64,4
Adult,ACTIVE,Regularly,Garment Lower body,291.33,0
Young Adult,ACTIVE,Regularly,Garment Upper body,113.55,3
Adult,ACTIVE,NONE,Garment Full body,134.46,4
Young Adult,ACTIVE,NONE,Garment Full body,212.79,1
Young Adult,ACTIVE,NONE,Garment Full body,291.33,1
Young Adult,ACTIVE,Regularly,Garment Upper body,40.34,3
Young Adult,ACTIVE,NONE,Garment Upper body,343.61,1
Young Adult,ACTIVE,NONE,Garment Lower body,239.04,1
Young Adult,ACTIVE,Regularly,Garment Upper body,239.04,3
Young Adult,ACTIVE,Regularly,Swimwear,265.18,3
Adult,ACTIVE,NONE,Garment Upper body,239.04,4
Elderly,ACTIVE,Regularly,Garment Upper body,189.89,0
Young Adult,ACTIVE,NONE,Accessories,239.04,1
Young Adult,ACTIVE,NONE,Garment Upper body,133.1,1
Adult,ACTIVE,NONE,Underwear,165.83,4
Adult,ACTIVE,Regularly,Garment Lower body,125.89,0
Young Adult,ACTIVE,NONE,Swimwear,186.75,1
Young Adult,ACTIVE,NONE,Garment Upper body,82.17,1
Adult,ACTIVE,Regularly,Garment Lower body,239.04,0
Adult,ACTIVE,Regularly,Garment Lower body,291.33,0
Young Adult,ACTIVE,NONE,Garment Upper body,291.33,1
Young Adult,ACTIVE,Regularly,Garment Upper body,186.75,3
Young Adult,PRE-CREATE,NONE,Garment Lower body,165.83,2
Adult,ACTIVE,Regularly,Garment Upper body,82.17,0
Young Adult,ACTIVE,NONE,Garment Lower body,239.04,1
Adult,ACTIVE,Regularly,Garment Lower body,239.04,0
Young Adult,ACTIVE,Regularly,Garment Upper body,155.38,3
Adult,ACTIVE,Regularly,Garment Upper body,155.38,0
Young Adult,ACTIVE,NONE,Garment Full body,134.46,1
Young Adult,ACTIVE,Regularly,Garment Upper body,197.21,3
Elderly,ACTIVE,Regularly,Garment Full body,448.19,0
Adult,ACTIVE,Regularly,Garment Upper body,64.6,0
Adult,ACTIVE,NONE,Underwear,291.33,4
Young Adult,ACTIVE,Regularly,Garment Lower body,265.18,3
Young Adult,ACTIVE,Regularly,Garment Upper body,364.53,3
Adult,ACTIVE,NONE,Accessories,61.26,4
Adult,ACTIVE,NONE,Garment Upper body,236.53,4
Young Adult,ACTIVE,NONE,Garment Upper body,179.33,1
Young Adult,ACTIVE,Regularly,Garment Upper body,82.17,3
Young Adult,ACTIVE,Regularly,Garment Full body,80.08,3
Adult,ACTIVE,Regularly,Garment Full body,291.33,0
Young Adult,ACTIVE,Regularly,Garment Full body,291.33,3
Young Adult,ACTIVE,NONE,Swimwear,134.46,1
Young Adult,ACTIVE,NONE,Garment Upper body,199.3,1
Young Adult,ACTIVE,Regularly,Garment Upper body,226.7,3
Elderly,ACTIVE,NONE,Garment Upper body,186.75,4
Young Adult,ACTIVE,Regularly,Underwear,186.75,3
Young Adult,ACTIVE,NONE,Garment Upper body,186.75,1
Elderly,ACTIVE,Regularly,Accessories,343.61,0
Young Adult,PRE-CREATE,NONE,Garment Full body,291.33,2
Young Adult,ACTIVE,Regularly,Garment Upper body,113.55,3
Elderly,ACTIVE,Regularly,Garment Upper body,130.7,0
Young Adult,ACTIVE,Regularly,Swimwear,134.46,3
Young Adult,ACTIVE,NONE,Garment Upper body,239.04,1
Young Adult,ACTIVE,Regularly,Garment Upper body,448.19,3
Young Adult,ACTIVE,Regularly,Garment Upper body,89.08,3
Adult,ACTIVE,NONE,Garment Upper body,71.72,4
Adult,ACTIVE,NONE,Garment Lower body,218.12,4
Young Adult,ACTIVE,Regularly,Garment Upper body,270.41,3
Young Adult,ACTIVE,NONE,Accessories,89.39,1
Young Adult,ACTIVE,NONE,Garment Full body,134.46,1
Young Adult,ACTIVE,NONE,Garment Lower body,186.75,1
Young Adult,ACTIVE,NONE,Garment Lower body,197.21,1
Young Adult,ACTIVE,NONE,Accessories,105.18,1
Young Adult,ACTIVE,Regularly,Underwear,186.75,3
Young Adult,ACTIVE,Regularly,Garment Lower body,239.04,3
Young Adult,ACTIVE,NONE,Garment Upper body,124,1
Adult,ACTIVE,Regularly,Swimwear,134.46,0
Teenager,ACTIVE,NONE,Swimwear,186.75,0
Young Adult,ACTIVE,Regularly,Garment Lower body,218.12,3
Young Adult,ACTIVE,NONE,Garment Upper body,113.55,1
Young Adult,ACTIVE,NONE,Underwear,186.75,1
Elderly,ACTIVE,Regularly,Garment Upper body,124.74,0
Adult,ACTIVE,NONE,Garment Upper body,239.04,4
Young Adult,ACTIVE,Regularly,Garment Upper body,92.63,3
Young Adult,ACTIVE,Regularly,Accessories,134.46,3
Elderly,ACTIVE,NONE,Garment Upper body,343.61,4
Adult,ACTIVE,Regularly,Garment Lower body,165.83,0
Adult,ACTIVE,Regularly,Swimwear,113.55,0
Young Adult,ACTIVE,NONE,Garment Upper body,176.29,1
Young Adult,ACTIVE,NONE,Underwear,134.46,1
Young Adult,ACTIVE,Regularly,Garment Upper body,103.09,3
Young Adult,ACTIVE,NONE,Shoes,134.46,1
Adult,ACTIVE,NONE,Garment Upper body,218.12,4
Adult,ACTIVE,NONE,Swimwear,186.75,4
Adult,ACTIVE,NONE,Accessories,113.55,4
Adult,ACTIVE,Regularly,Garment Upper body,552.77,0
Young Adult,ACTIVE,NONE,Shoes,291.33,1
Young Adult,ACTIVE,Regularly,Garment Full body,249.5,3
Young Adult,ACTIVE,NONE,Swimwear,218.12,1
Elderly,ACTIVE,Regularly,Garment Lower body,220.42,0
Adult,ACTIVE,NONE,Garment Lower body,190.93,4
Young Adult,ACTIVE,Regularly,Underwear,186.75,3
Adult,ACTIVE,NONE,Garment Upper body,280.87,4
Adult,ACTIVE,NONE,Swimwear,113.55,4
Elderly,ACTIVE,Regularly,Garment Upper body,231.93,0
Elderly,ACTIVE,NONE,Garment Upper body,82.17,4
Young Adult,ACTIVE,NONE,Garment Lower body,239.04,1
Adult,ACTIVE,NONE,Garment Upper body,280.87,4
Young Adult,ACTIVE,Regularly,Garment Upper body,186.75,3
Young Adult,ACTIVE,NONE,Underwear,134.46,1
Young Adult,ACTIVE,NONE,Garment Upper body,291.33,1
Adult,ACTIVE,NONE,Garment Lower body,395.9,4
Adult,ACTIVE,NONE,Garment Upper body,181.52,4
Young Adult,ACTIVE,NONE,Garment Upper body,265.18,1
Adult,ACTIVE,NONE,Garment Full body,327.72,4
Adult,ACTIVE,Regularly,Garment Lower body,40.34,0
Young Adult,ACTIVE,Regularly,Garment Upper body,134.46,3
Young Adult,ACTIVE,NONE,Garment Upper body,239.04,1
Young Adult,ACTIVE,NONE,Garment Upper body,165.83,1
Adult,ACTIVE,Regularly,Swimwear,186.75,0
Young Adult,ACTIVE,NONE,Underwear,171.06,1
Adult,ACTIVE,NONE,Garment Upper body,207.67,4
Young Adult,ACTIVE,Regularly,Swimwear,103.09,3
Young Adult,ACTIVE,Regularly,Underwear,173.05,3
Adult,ACTIVE,Regularly,Garment Upper body,186.75,0
Young Adult,ACTIVE,Regularly,Garment Full body,278.05,3
Adult,ACTIVE,NONE,Accessories,52.37,4
Adult,ACTIVE,Regularly,Garment Full body,239.04,0
Adult,ACTIVE,Regularly,Underwear,270.41,0
Young Adult,ACTIVE,Regularly,Swimwear,190.2,3
Young Adult,ACTIVE,NONE,Garment Full body,153.18,1
Young Adult,ACTIVE,Regularly,Accessories,165.83,3
Young Adult,ACTIVE,NONE,Swimwear,134.46,1
Young Adult,ACTIVE,Regularly,Garment Lower body,146.17,3
Young Adult,ACTIVE,Regularly,Garment Upper body,197.21,3
Young Adult,ACTIVE,NONE,Garment Upper body,406.36,1
Young Adult,ACTIVE,Regularly,Unknown,151.93,3
Young Adult,ACTIVE,NONE,Shoes,265.18,1
Adult,ACTIVE,Regularly,Garment Lower body,239.04,0
Adult,ACTIVE,Regularly,Shoes,239.04,0
Adult,ACTIVE,Regularly,Garment Upper body,186.75,0
Adult,ACTIVE,Regularly,Garment Upper body,343.61,0
Adult,ACTIVE,NONE,Garment Upper body,171.06,4
Young Adult,ACTIVE,NONE,Shoes,186.75,1
Adult,ACTIVE,Regularly,Garment Upper body,364.53,0
Young Adult,ACTIVE,NONE,Garment Upper body,218.12,1
Adult,ACTIVE,Regularly,Garment Upper body,71.72,0
Young Adult,ACTIVE,NONE,Shoes,239.04,1
Adult,ACTIVE,Regularly,Garment Upper body,134.46,0
Young Adult,ACTIVE,NONE,Garment Upper body,343.61,1
Young Adult,ACTIVE,Regularly,Swimwear,113.55,3
Adult,ACTIVE,NONE,Garment Upper body,291.33,4
Young Adult,ACTIVE,Regularly,Garment Lower body,186.75,3
Adult,ACTIVE,NONE,Swimwear,92.63,4
Young Adult,ACTIVE,Regularly,Garment Upper body,103.09,3
Elderly,ACTIVE,Regularly,Garment Lower body,186.75,0
Adult,ACTIVE,Regularly,Garment Upper body,312.24,0
Young Adult,ACTIVE,Regularly,Garment Upper body,199.3,3
Young Adult,ACTIVE,Regularly,Underwear,186.75,3
Young Adult,ACTIVE,NONE,Swimwear,218.12,1
Young Adult,ACTIVE,Regularly,Garment Upper body,92.63,3
Young Adult,ACTIVE,NONE,Garment Lower body,403.96,1
Young Adult,ACTIVE,NONE,Garment Upper body,113.55,1
Young Adult,ACTIVE,NONE,Garment Upper body,134.46,1
Young Adult,ACTIVE,NONE,Garment Lower body,291.33,1
Young Adult,ACTIVE,NONE,Garment Full body,291.33,1
Elderly,ACTIVE,NONE,Garment Full body,186.75,4
Young Adult,ACTIVE,NONE,Underwear,134.46,1
Elderly,ACTIVE,Regularly,Garment Upper body,134.46,0
Elderly,ACTIVE,NONE,Garment Full body,343.61,4
Adult,ACTIVE,Regularly,Garment Upper body,134.46,0
Adult,ACTIVE,NONE,Garment Upper body,207.67,4
Young Adult,ACTIVE,NONE,Swimwear,134.46,1
Adult,ACTIVE,Regularly,Garment Upper body,161.97,0
Young Adult,ACTIVE,Regularly,Garment Full body,186.75,3
Young Adult,ACTIVE,NONE,Swimwear,74.33,1
Young Adult,ACTIVE,NONE,Garment Full body,218.12,1
Young Adult,ACTIVE,NONE,Garment Upper body,82.17,1
Adult,ACTIVE,Regularly,Garment Lower body,239.04,0
Adult,ACTIVE,NONE,Garment Upper body,239.04,4
Elderly,ACTIVE,NONE,Garment Full body,343.61,4
Young Adult,ACTIVE,Regularly,Garment Lower body,364.53,3
Young Adult,ACTIVE,Regularly,Garment Lower body,395.9,3
Young Adult,ACTIVE,NONE,Garment Upper body,165.83,1
Young Adult,ACTIVE,Regularly,Underwear,165.83,3
Young Adult,PRE-CREATE,NONE,Nightwear,343.61,2
Young Adult,ACTIVE,NONE,Garment Full body,500.48,1
Young Adult,ACTIVE,NONE,Accessories,134.46,1
Adult,ACTIVE,NONE,Accessories,239.04,4
Adult,ACTIVE,NONE,Garment Upper body,74.33,4
Adult,ACTIVE,NONE,Garment Lower body,186.75,4
Adult,ACTIVE,NONE,Garment Upper body,113.55,4
Adult,ACTIVE,Regularly,Garment Full body,343.61,0
Young Adult,ACTIVE,NONE,Garment Full body,343.61,1
Adult,ACTIVE,Regularly,Garment Full body,165.83,0
Young Adult,ACTIVE,Regularly,Nightwear,134.46,3
Young Adult,ACTIVE,NONE,Swimwear,186.75,1
Adult,ACTIVE,NONE,Garment Full body,124,4
Adult,PRE-CREATE,NONE,Garment Upper body,82.17,2
Adult,ACTIVE,Regularly,Garment Upper body,165.83,0
Young Adult,ACTIVE,NONE,Garment Upper body,239.04,1
Young Adult,ACTIVE,NONE,Shoes,103.09,1
Adult,ACTIVE,NONE,Garment Full body,159.25,4
Young Adult,ACTIVE,NONE,Garment Upper body,761.92,1
Adult,ACTIVE,NONE,Garment Upper body,448.19,4
Adult,ACTIVE,Regularly,Garment Upper body,147.53,0
Elderly,ACTIVE,NONE,Garment Lower body,180.48,4
Adult,ACTIVE,Regularly,Garment Upper body,197.21,0
Adult,ACTIVE,NONE,Garment Upper body,234.12,4
Young Adult,ACTIVE,NONE,Garment Lower body,291.33,1
Young Adult,ACTIVE,Regularly,Accessories,82.17,3
Elderly,ACTIVE,Regularly,Garment Upper body,99.43,0
Young Adult,ACTIVE,NONE,Swimwear,186.75,1
Elderly,ACTIVE,NONE,Garment Upper body,343.61,4
Adult,ACTIVE,NONE,Garment Lower body,152.24,4
Adult,ACTIVE,Regularly,Garment Upper body,113.55,0
Young Adult,ACTIVE,NONE,Garment Upper body,134.46,1
Young Adult,ACTIVE,NONE,Garment Lower body,249.5,1
Adult,ACTIVE,NONE,Garment Upper body,75.17,4
Elderly,ACTIVE,NONE,Underwear,124,4
Adult,ACTIVE,Regularly,Swimwear,186.75,0
Young Adult,ACTIVE,NONE,Garment Upper body,178.38,1
Elderly,ACTIVE,NONE,Garment Lower body,218.12,4
Young Adult,ACTIVE,NONE,Swimwear,165.83,1
Adult,ACTIVE,Regularly,Garment Upper body,657.34,0
Young Adult,ACTIVE,NONE,Garment Lower body,103.09,1
Young Adult,ACTIVE,Regularly,Shoes,186.75,3
Adult,ACTIVE,Regularly,Nightwear,239.04,0
Adult,ACTIVE,Regularly,Shoes,291.33,0
Adult,ACTIVE,Regularly,Garment Lower body,92.63,0
Adult,ACTIVE,NONE,Garment Full body,180.48,4
Adult,PRE-CREATE,NONE,Shoes,291.33,2
Young Adult,ACTIVE,Regularly,Garment Full body,312.24,3
Adult,ACTIVE,NONE,Garment Lower body,134.46,4
Adult,ACTIVE,NONE,Garment Lower body,239.04,4
Young Adult,ACTIVE,Regularly,Garment Upper body,291.33,3
Young Adult,ACTIVE,Regularly,Garment Upper body,134.46,3
Young Adult,ACTIVE,NONE,Garment Full body,448.19,1
Young Adult,ACTIVE,Regularly,Shoes,280.87,3
Young Adult,ACTIVE,Regularly,Garment Full body,197.21,3
Adult,ACTIVE,Regularly,Garment Full body,291.33,0
Young Adult,ACTIVE,NONE,Garment Lower body,239.04,1
Adult,ACTIVE,Regularly,Underwear,186.75,0
Young Adult,ACTIVE,Regularly,Garment Upper body,171.06,3
Young Adult,ACTIVE,NONE,Shoes,134.46,1
Young Adult,ACTIVE,Regularly,Swimwear,186.75,3
Young Adult,ACTIVE,NONE,Garment Upper body,113.55,1
Young Adult,ACTIVE,NONE,Underwear,101.31,1
Young Adult,ACTIVE,Regularly,Garment Upper body,134.46,3
Young Adult,ACTIVE,NONE,Garment Full body,239.04,1
Young Adult,ACTIVE,NONE,Underwear,186.75,1
Adult,ACTIVE,NONE,Underwear,113.55,4
Adult,ACTIVE,Regularly,Garment Upper body,138.64,0
Young Adult,ACTIVE,NONE,Garment Upper body,165.83,1
Young Adult,ACTIVE,NONE,Garment Lower body,186.75,1
Adult,ACTIVE,Regularly,Garment Lower body,209.13,0
Young Adult,ACTIVE,NONE,Garment Lower body,134.46,1
Young Adult,ACTIVE,NONE,Garment Lower body,218.12,1
Adult,ACTIVE,Regularly,Garment Lower body,186.75,0
Young Adult,ACTIVE,Regularly,Garment Upper body,186.75,3
Adult,ACTIVE,NONE,Swimwear,113.55,4
Young Adult,ACTIVE,NONE,Garment Upper body,186.75,1
Young Adult,ACTIVE,NONE,Socks & Tights,99.64,1
Teenager,ACTIVE,NONE,Underwear,165.83,0
Elderly,ACTIVE,Regularly,Garment Upper body,239.04,0
Young Adult,ACTIVE,Regularly,Garment Upper body,229.73,3
Young Adult,ACTIVE,NONE,Garment Upper body,134.46,1
Adult,ACTIVE,Regularly,Garment Lower body,234.44,0
Young Adult,ACTIVE,NONE,Garment Full body,186.75,1
Adult,ACTIVE,NONE,Shoes,218.12,4
Adult,ACTIVE,Regularly,Garment Upper body,239.04,0
Adult,ACTIVE,Regularly,Swimwear,95.77,0
Adult,ACTIVE,Regularly,Garment Full body,395.9,0
Young Adult,ACTIVE,NONE,Swimwear,121.29,1
Elderly,ACTIVE,Regularly,Bags,239.04,0
Young Adult,ACTIVE,Regularly,Garment Lower body,448.19,3
Young Adult,ACTIVE,Regularly,Garment Upper body,76.94,3
Elderly,ACTIVE,NONE,Garment Lower body,176.29,4
Young Adult,ACTIVE,Regularly,Garment Upper body,121.7,3
Elderly,ACTIVE,Regularly,Swimwear,239.04,0
Adult,ACTIVE,NONE,Garment Upper body,186.75,4
Young Adult,ACTIVE,Regularly,Underwear,239.04,3
Young Adult,ACTIVE,Regularly,Garment Full body,335.67,3
Young Adult,ACTIVE,Regularly,Garment Upper body,124,3
Elderly,ACTIVE,NONE,Garment Lower body,239.04,4
Adult,ACTIVE,Regularly,Garment Upper body,74.43,0
Young Adult,ACTIVE,NONE,Underwear,134.46,1
Young Adult,ACTIVE,NONE,Garment Lower body,218.12,1
Adult,ACTIVE,NONE,Garment Upper body,186.75,4
Adult,ACTIVE,Regularly,Garment Upper body,446,0
Young Adult,ACTIVE,NONE,Garment Upper body,186.75,1
Young Adult,ACTIVE,NONE,Garment Full body,301.78,1
Elderly,ACTIVE,Regularly,Garment Upper body,291.33,0
Young Adult,ACTIVE,Regularly,Socks & Tights,105.18,3
Young Adult,ACTIVE,NONE,Underwear,124,1
Young Adult,ACTIVE,NONE,Garment Upper body,71.72,1
Adult,ACTIVE,NONE,Garment Lower body,239.04,4
Young Adult,ACTIVE,NONE,Swimwear,152.24,1
Young Adult,ACTIVE,Regularly,Garment Upper body,134.46,3
Adult,ACTIVE,Regularly,Garment Upper body,216.45,0
Adult,ACTIVE,NONE,Garment Lower body,186.75,4
Young Adult,ACTIVE,Regularly,Swimwear,218.12,3
Young Adult,ACTIVE,NONE,Unknown,239.04,1
Elderly,ACTIVE,Regularly,Garment Upper body,343.61,0
Young Adult,ACTIVE,Regularly,Garment Full body,239.04,3
Young Adult,ACTIVE,NONE,Swimwear,186.75,1
Adult,ACTIVE,Regularly,Garment Upper body,343.61,0
Adult,ACTIVE,NONE,Garment Lower body,239.04,4
Young Adult,ACTIVE,Regularly,Garment Upper body,448.19,3
Adult,ACTIVE,NONE,Garment Upper body,239.04,4
Young Adult,ACTIVE,Regularly,Garment Upper body,165.83,3
Young Adult,ACTIVE,NONE,Garment Full body,239.04,1
Elderly,ACTIVE,NONE,Garment Full body,249.5,4
Young Adult,ACTIVE,NONE,Garment Full body,343.61,1
Young Adult,ACTIVE,Regularly,Swimwear,134.46,3
Young Adult,ACTIVE,NONE,Garment Full body,291.33,1
Young Adult,ACTIVE,NONE,Garment Upper body,134.46,1
Young Adult,ACTIVE,NONE,Garment Upper body,186.75,1
Adult,ACTIVE,Regularly,Garment Lower body,186.75,0
Adult,ACTIVE,NONE,Garment Full body,761.92,4
Adult,ACTIVE,Regularly,Garment Upper body,239.04,0
Young Adult,ACTIVE,NONE,Garment Lower body,239.04,1
Adult,ACTIVE,Regularly,Garment Upper body,239.04,0
Young Adult,ACTIVE,NONE,Garment Upper body,239.04,1
Young Adult,ACTIVE,NONE,Garment Upper body,76.94,1
Adult,ACTIVE,NONE,Garment Upper body,82.17,4
Young Adult,ACTIVE,NONE,Accessories,165.83,1
Elderly,ACTIVE,Regularly,Garment Upper body,186.75,0
Young Adult,ACTIVE,Regularly,Garment Lower body,291.33,3
Adult,ACTIVE,Regularly,Garment Upper body,343.61,0
Young Adult,ACTIVE,NONE,Shoes,337.34,1
Adult,ACTIVE,NONE,Garment Lower body,239.04,4
Young Adult,ACTIVE,Regularly,Garment Upper body,184.45,3
Elderly,ACTIVE,Regularly,Unknown,171.06,0
Adult,ACTIVE,Regularly,Accessories,134.46,0
Young Adult,ACTIVE,NONE,Garment Upper body,125.99,1
Young Adult,ACTIVE,NONE,Garment Upper body,186.75,1
Young Adult,ACTIVE,Regularly,Underwear,186.75,3
Adult,ACTIVE,NONE,Underwear,165.83,4
Young Adult,ACTIVE,Regularly,Garment Lower body,186.75,3
Young Adult,ACTIVE,NONE,Swimwear,186.75,1
Young Adult,ACTIVE,NONE,Garment Upper body,239.04,1
Young Adult,ACTIVE,Regularly,Garment Upper body,134.46,3
Young Adult,ACTIVE,Regularly,Garment Upper body,186.75,3
Young Adult,ACTIVE,NONE,Garment Upper body,182.57,1
Young Adult,ACTIVE,NONE,Garment Lower body,291.33,1
Young Adult,ACTIVE,NONE,Garment Upper body,218.12,1
Young Adult,ACTIVE,NONE,Garment Lower body,134.46,1
Young Adult,ACTIVE,NONE,Garment Lower body,343.61,1
Elderly,ACTIVE,Regularly,Underwear,291.33,0
Elderly,ACTIVE,NONE,Garment Lower body,134.46,4
Young Adult,ACTIVE,NONE,Garment Upper body,82.17,1
Adult,ACTIVE,Regularly,Garment Upper body,54.98,0
Adult,ACTIVE,Regularly,Socks & Tights,113.55,0
Adult,ACTIVE,Regularly,Garment Upper body,971.07,0
Young Adult,ACTIVE,Regularly,Underwear,239.04,3
Young Adult,ACTIVE,Regularly,Garment Upper body,186.75,3
Adult,ACTIVE,NONE,Garment Lower body,305.55,4
Adult,ACTIVE,NONE,Garment Full body,395.9,4
Adult,ACTIVE,NONE,Garment Lower body,343.61,4
Young Adult,ACTIVE,Regularly,Underwear,126.83,3
Adult,ACTIVE,NONE,Garment Full body,343.61,4
Adult,ACTIVE,NONE,Accessories,134.46,4
Elderly,ACTIVE,NONE,Garment Upper body,92.63,4
Young Adult,ACTIVE,Regularly,Underwear,92.63,3
Young Adult,ACTIVE,NONE,Garment Upper body,61.26,1
Young Adult,ACTIVE,Regularly,Swimwear,74.33,3
Young Adult,ACTIVE,NONE,Garment Lower body,186.75,1
Young Adult,ACTIVE,Regularly,Underwear,204.11,3
Young Adult,ACTIVE,NONE,Garment Upper body,128.29,1
Young Adult,ACTIVE,Regularly,Garment Upper body,134.46,3
Adult,ACTIVE,Regularly,Garment Lower body,395.9,0
Adult,ACTIVE,Regularly,Underwear,92.63,0
Adult,PRE-CREATE,NONE,Garment Lower body,186.75,2
Young Adult,ACTIVE,NONE,Garment Lower body,239.04,1
Young Adult,PRE-CREATE,NONE,Garment Upper body,113.55,2
Adult,ACTIVE,NONE,Garment Upper body,177.97,4
Young Adult,ACTIVE,NONE,Garment Upper body,239.04,1
Young Adult,ACTIVE,Regularly,Garment Full body,186.75,3
Adult,ACTIVE,NONE,Swimwear,239.04,4
Elderly,ACTIVE,NONE,Garment Upper body,111.98,4
Young Adult,ACTIVE,NONE,Underwear,134.46,1
Adult,PRE-CREATE,NONE,Garment Upper body,657.34,2
Elderly,ACTIVE,NONE,Garment Upper body,186.75,4
Young Adult,ACTIVE,NONE,Garment Upper body,291.33,1
Young Adult,ACTIVE,NONE,Garment Upper body,249.5,1
Adult,ACTIVE,Regularly,Garment Upper body,134.46,0
Young Adult,ACTIVE,Regularly,Garment Upper body,239.04,3
Young Adult,ACTIVE,NONE,Garment Lower body,165.83,1
Young Adult,ACTIVE,Regularly,Garment Full body,196.58,3
Young Adult,PRE-CREATE,NONE,Garment Full body,343.61,2
Adult,ACTIVE,NONE,Garment Lower body,218.12,4
Young Adult,ACTIVE,NONE,Garment Lower body,165.83,1
Young Adult,ACTIVE,Regularly,Swimwear,134.46,3
Young Adult,ACTIVE,Regularly,Underwear,186.75,3
Young Adult,ACTIVE,NONE,Garment Upper body,116.89,1
Young Adult,ACTIVE,Regularly,Garment Upper body,134.46,3
Elderly,ACTIVE,NONE,Garment Full body,343.61,4
Young Adult,ACTIVE,Regularly,Shoes,445.16,3
Adult,ACTIVE,NONE,Garment Upper body,239.04,4
Adult,ACTIVE,Regularly,Garment Upper body,113.55,0
Young Adult,ACTIVE,NONE,Garment Upper body,88.03,1
Young Adult,ACTIVE,NONE,Garment Upper body,448.19,1
Adult,ACTIVE,NONE,Swimwear,218.12,4
Young Adult,ACTIVE,NONE,Garment Upper body,112.81,1
Young Adult,ACTIVE,Regularly,Accessories,113.55,3
Young Adult,ACTIVE,NONE,Garment Lower body,119.51,1
Young Adult,ACTIVE,Regularly,Shoes,312.24,3
Adult,ACTIVE,NONE,Underwear,56.03,4
Young Adult,ACTIVE,Regularly,Underwear,155.38,3
Young Adult,ACTIVE,NONE,Swimwear,291.33,1
Adult,ACTIVE,NONE,Garment Upper body,134.46,4
Young Adult,ACTIVE,Regularly,Garment Upper body,134.46,3
Young Adult,ACTIVE,NONE,Swimwear,134.46,1
Elderly,ACTIVE,Regularly,Garment Full body,343.61,0
Elderly,ACTIVE,NONE,Garment Upper body,134.46,4
Young Adult,ACTIVE,NONE,Garment Lower body,239.04,1
Young Adult,ACTIVE,NONE,Socks & Tights,95.25,1
Young Adult,ACTIVE,Regularly,Garment Full body,291.33,3
Young Adult,ACTIVE,NONE,Garment Upper body,186.75,1
Adult,ACTIVE,NONE,Accessories,82.17,4
Young Adult,ACTIVE,Regularly,Garment Upper body,320.82,3
Elderly,ACTIVE,Regularly,Garment Upper body,291.33,0
Elderly,ACTIVE,NONE,Garment Upper body,186.75,4
Young Adult,ACTIVE,NONE,Swimwear,212.27,1
Young Adult,ACTIVE,NONE,Underwear,134.46,1
Young Adult,ACTIVE,Regularly,Garment Upper body,239.04,3
Adult,ACTIVE,Regularly,Garment Lower body,233.39,0
Adult,ACTIVE,NONE,Garment Full body,252.11,4
Young Adult,ACTIVE,Regularly,Garment Lower body,165.83,3
Elderly,ACTIVE,NONE,Garment Lower body,343.61,4
Young Adult,ACTIVE,Regularly,Underwear,134.46,3
Adult,ACTIVE,NONE,Garment Full body,176.29,4
Young Adult,ACTIVE,NONE,Garment Lower body,197.21,1
Adult,ACTIVE,Regularly,Garment Upper body,500.48,0
Elderly,PRE-CREATE,NONE,Accessories,239.04,2
Adult,ACTIVE,Regularly,Garment Lower body,134.46,0
Young Adult,ACTIVE,Regularly,Garment Upper body,134.46,3
Adult,ACTIVE,NONE,Garment Lower body,343.61,4
Young Adult,ACTIVE,NONE,Garment Upper body,406.36,1
Adult,ACTIVE,Regularly,Garment Lower body,129.76,0
Young Adult,ACTIVE,Regularly,Underwear,61.26,3
Young Adult,ACTIVE,Regularly,Underwear,83.22,3
Young Adult,ACTIVE,Regularly,Socks & Tights,105.18,3
Young Adult,ACTIVE,Regularly,Garment Upper body,92.63,3
Young Adult,ACTIVE,Regularly,Garment Lower body,291.33,3
Young Adult,ACTIVE,NONE,Garment Full body,165.83,1
Elderly,ACTIVE,Regularly,Garment Upper body,239.04,0
Adult,ACTIVE,Regularly,Garment Upper body,189.89,0
Young Adult,ACTIVE,Regularly,Garment Lower body,218.12,3
Adult,ACTIVE,Regularly,Garment Upper body,61.26,0
Young Adult,ACTIVE,NONE,Garment Upper body,239.04,1
Adult,ACTIVE,NONE,Garment Lower body,231.2,4
Young Adult,ACTIVE,NONE,Garment Lower body,231.93,1
Young Adult,ACTIVE,NONE,Accessories,37.31,1
Elderly,ACTIVE,Regularly,Garment Upper body,239.04,0
Adult,ACTIVE,NONE,Garment Upper body,291.33,4
Young Adult,ACTIVE,NONE,Garment Upper body,105.18,1
Elderly,ACTIVE,Regularly,Swimwear,186.75,0
Young Adult,ACTIVE,NONE,Shoes,197.21,1
Adult,ACTIVE,Regularly,Garment Lower body,165.83,0
Adult,ACTIVE,NONE,Garment Upper body,225.03,4
Adult,ACTIVE,Regularly,Garment Upper body,395.9,0
Adult,ACTIVE,NONE,Shoes,322.7,4
Adult,ACTIVE,Regularly,Garment Upper body,147.53,0
Young Adult,ACTIVE,Regularly,Garment Upper body,165.83,3
Young Adult,ACTIVE,NONE,Garment Upper body,636.43,1
Elderly,ACTIVE,NONE,Garment Upper body,92.63,4
Adult,ACTIVE,Regularly,Garment Upper body,82.17,0
Adult,ACTIVE,NONE,Garment Upper body,448.19,4
Adult,PRE-CREATE,NONE,Underwear,165.83,2
Adult,ACTIVE,NONE,Shoes,395.9,4
Young Adult,ACTIVE,NONE,Underwear,176.29,1
Young Adult,ACTIVE,NONE,Garment Full body,134.46,1
Adult,ACTIVE,Regularly,Underwear,186.75,0
Adult,ACTIVE,NONE,Accessories,186.75,4
Young Adult,ACTIVE,NONE,Garment Upper body,205.57,1
Adult,ACTIVE,Regularly,Swimwear,131.53,0
Young Adult,ACTIVE,NONE,Garment Full body,239.04,1
Young Adult,ACTIVE,Regularly,Garment Full body,197.21,3
Young Adult,ACTIVE,Regularly,Garment Upper body,239.04,3
Adult,PRE-CREATE,NONE,Garment Lower body,239.04,2
Young Adult,ACTIVE,NONE,Garment Upper body,76.94,1
Young Adult,ACTIVE,NONE,Garment Upper body,186.75,1
Young Adult,ACTIVE,Regularly,Garment Lower body,183.4,3
Young Adult,ACTIVE,NONE,Garment Upper body,90.12,1
Adult,ACTIVE,Regularly,Garment Lower body,163.22,0
Adult,ACTIVE,NONE,Garment Lower body,239.04,4
Adult,ACTIVE,NONE,Garment Upper body,448.19,4
Young Adult,ACTIVE,Regularly,Garment Full body,395.9,3
Teenager,ACTIVE,Regularly,Swimwear,124,0
Young Adult,ACTIVE,NONE,Garment Lower body,320.82,1
Adult,ACTIVE,Regularly,Garment Full body,218.12,0
Young Adult,ACTIVE,NONE,Garment Lower body,363.38,1
Young Adult,ACTIVE,NONE,Garment Lower body,289.65,1
Young Adult,ACTIVE,NONE,Underwear,152.24,1
Young Adult,ACTIVE,NONE,Garment Lower body,134.46,1
Adult,ACTIVE,NONE,Garment Upper body,140,4
Elderly,PRE-CREATE,Regularly,Garment Upper body,239.04,2
Elderly,PRE-CREATE,NONE,Accessories,82.17,2
Adult,ACTIVE,NONE,Garment Upper body,134.46,4
Adult,ACTIVE,NONE,Garment Lower body,239.04,4
Adult,ACTIVE,Regularly,Garment Full body,291.33,0
Adult,ACTIVE,NONE,Garment Full body,552.77,4
Young Adult,ACTIVE,NONE,Garment Upper body,67.53,1
Young Adult,ACTIVE,NONE,Garment Lower body,199.3,1
Young Adult,ACTIVE,Regularly,Garment Full body,171.06,3
Adult,ACTIVE,Regularly,Swimwear,296.56,0
Adult,ACTIVE,NONE,Garment Lower body,239.04,4
Young Adult,ACTIVE,NONE,Garment Upper body,239.04,1
Elderly,ACTIVE,Regularly,Garment Upper body,113.55,0
Elderly,ACTIVE,NONE,Garment Full body,364.53,4
Young Adult,ACTIVE,NONE,Garment Upper body,165.83,1
Young Adult,ACTIVE,Regularly,Garment Lower body,291.33,3
Young Adult,ACTIVE,NONE,Garment Lower body,97.86,1
Young Adult,ACTIVE,Regularly,Garment Upper body,134.46,3
Elderly,ACTIVE,Regularly,Garment Lower body,239.04,0
Young Adult,ACTIVE,Regularly,Accessories,239.04,3
Young Adult,ACTIVE,NONE,Garment Upper body,82.17,1
Young Adult,PRE-CREATE,NONE,Garment Upper body,134.46,2
Young Adult,ACTIVE,NONE,Garment Upper body,186.75,1
Adult,ACTIVE,NONE,Accessories,448.19,4
Young Adult,ACTIVE,NONE,Swimwear,134.46,1
Adult,ACTIVE,NONE,Garment Full body,119.72,4
Young Adult,ACTIVE,Regularly,Garment Upper body,171.06,3
Young Adult,ACTIVE,NONE,Garment Upper body,312.24,1
Young Adult,ACTIVE,NONE,Garment Full body,165.83,1
Young Adult,ACTIVE,Regularly,Accessories,239.04,3
Young Adult,ACTIVE,NONE,Garment Lower body,103.09,1
Young Adult,ACTIVE,NONE,Underwear,56.03,1
Elderly,ACTIVE,Regularly,Garment Lower body,552.77,0
Young Adult,ACTIVE,NONE,Garment Upper body,113.55,1
Young Adult,ACTIVE,NONE,Underwear,165.83,1
Young Adult,ACTIVE,Regularly,Garment Upper body,197.21,3
Adult,ACTIVE,NONE,Swimwear,140,4
Elderly,ACTIVE,NONE,Garment Upper body,119.51,4
Adult,ACTIVE,Regularly,Garment Lower body,364.53,0
Young Adult,ACTIVE,NONE,Underwear,113.55,1
Adult,ACTIVE,NONE,Accessories,113.55,4
Adult,ACTIVE,NONE,Socks & Tights,110.83,4
Young Adult,ACTIVE,Regularly,Garment Upper body,134.46,3
Adult,ACTIVE,NONE,Swimwear,239.04,4
Adult,ACTIVE,Regularly,Accessories,46.83,0
Young Adult,ACTIVE,NONE,Garment Upper body,552.77,1
Adult,ACTIVE,NONE,Swimwear,165.83,4
Elderly,ACTIVE,Regularly,Garment Upper body,134.46,0
Young Adult,NO MEMBERSHIP,NONE,Accessories,186.75,2
Young Adult,ACTIVE,Regularly,Garment Lower body,82.17,3
Young Adult,ACTIVE,NONE,Underwear,343.61,1
Young Adult,ACTIVE,NONE,Underwear,97.55,1
Young Adult,ACTIVE,NONE,Underwear,199.3,1
Young Adult,ACTIVE,NONE,Accessories,82.17,1
Adult,ACTIVE,NONE,Garment Upper body,291.33,4
Young Adult,ACTIVE,NONE,Garment Full body,197.21,1
Young Adult,ACTIVE,Regularly,Garment Upper body,291.33,3
Adult,ACTIVE,NONE,Garment Lower body,155.38,4
Adult,ACTIVE,NONE,Garment Upper body,152.24,4
Adult,ACTIVE,Regularly,Garment Upper body,134.46,0
Adult,ACTIVE,Regularly,Garment Upper body,118.88,0
Young Adult,ACTIVE,Regularly,Garment Upper body,134.46,3
Young Adult,ACTIVE,NONE,Garment Full body,291.33,1
Young Adult,ACTIVE,NONE,Accessories,186.75,1
Young Adult,ACTIVE,NONE,Garment Lower body,239.04,1
Young Adult,ACTIVE,Regularly,Swimwear,218.12,3
Elderly,ACTIVE,Regularly,Garment Upper body,80.29,0
Young Adult,ACTIVE,Regularly,Socks & Tights,50.8,3
Young Adult,ACTIVE,Regularly,Garment Upper body,155.38,3
Young Adult,ACTIVE,NONE,Garment Lower body,197.21,1
Young Adult,ACTIVE,NONE,Garment Full body,179.33,1
Young Adult,ACTIVE,Regularly,Garment Upper body,236.01,3
Young Adult,ACTIVE,NONE,Garment Upper body,218.12,1
Adult,ACTIVE,Regularly,Swimwear,82.17,0
Adult,ACTIVE,Regularly,Underwear,134.46,0
Elderly,ACTIVE,Regularly,Garment Upper body,186.75,0
Adult,ACTIVE,NONE,Garment Upper body,207.67,4
Young Adult,ACTIVE,Regularly,Garment Lower body,134.46,3
Adult,ACTIVE,NONE,Garment Full body,181.94,4
Young Adult,ACTIVE,NONE,Swimwear,186.75,1
Young Adult,ACTIVE,Regularly,Garment Lower body,134.46,3
Adult,ACTIVE,Regularly,Underwear,186.75,0
Adult,ACTIVE,Regularly,Garment Upper body,395.9,0
Adult,ACTIVE,Regularly,Garment Lower body,186.75,0
Adult,ACTIVE,Regularly,Swimwear,118.78,0
Young Adult,ACTIVE,NONE,Garment Lower body,239.04,1
Young Adult,ACTIVE,Regularly,Underwear,343.61,3
Young Adult,ACTIVE,Regularly,Garment Full body,134.46,3
Adult,ACTIVE,Regularly,Garment Upper body,186.75,0
Adult,ACTIVE,NONE,Garment Lower body,197.21,4
Young Adult,ACTIVE,NONE,Garment Upper body,186.75,1
Young Adult,ACTIVE,Regularly,Garment Upper body,134.46,3
Adult,ACTIVE,NONE,Garment Full body,207.77,4
Young Adult,ACTIVE,Regularly,Accessories,71.72,3
Young Adult,ACTIVE,NONE,Garment Upper body,165.52,1
Young Adult,ACTIVE,NONE,Garment Full body,157.99,1
Adult,PRE-CREATE,NONE,Shoes,469.11,2
Adult,ACTIVE,Regularly,Garment Lower body,124.11,0
Young Adult,ACTIVE,Regularly,Garment Upper body,211.43,3
Elderly,ACTIVE,NONE,Garment Upper body,343.61,4
Adult,ACTIVE,Regularly,Garment Lower body,291.33,0
Adult,ACTIVE,Regularly,Garment Full body,226.07,0
Adult,ACTIVE,NONE,Swimwear,218.12,4
Adult,ACTIVE,Regularly,Garment Upper body,113.55,0
Adult,ACTIVE,NONE,Shoes,124,4
Young Adult,ACTIVE,NONE,Garment Full body,239.04,1
Young Adult,ACTIVE,NONE,Nightwear,165.83,1
Adult,ACTIVE,NONE,Garment Upper body,82.17,4
Adult,ACTIVE,Regularly,Accessories,218.12,0
Adult,PRE-CREATE,NONE,Garment Upper body,186.75,2
Young Adult,ACTIVE,Regularly,Garment Upper body,252.11,3
Young Adult,ACTIVE,NONE,Garment Lower body,188.63,1
Young Adult,ACTIVE,Regularly,Garment Full body,186.75,3
Elderly,ACTIVE,NONE,Garment Full body,241.76,4
Young Adult,ACTIVE,Regularly,Garment Upper body,66.8,3
Young Adult,ACTIVE,NONE,Underwear,165.83,1
Young Adult,PRE-CREATE,NONE,Swimwear,239.04,2
Adult,ACTIVE,Regularly,Socks & Tights,68.58,0
Young Adult,ACTIVE,Regularly,Swimwear,82.17,3
Elderly,ACTIVE,Regularly,Garment Full body,186.75,0
Young Adult,ACTIVE,NONE,Underwear,92.63,1
Young Adult,ACTIVE,Regularly,Garment Upper body,239.04,3
Elderly,ACTIVE,NONE,Garment Upper body,132.89,4
Adult,ACTIVE,Regularly,Garment Lower body,186.75,0
Young Adult,ACTIVE,Regularly,Swimwear,312.24,3
Adult,ACTIVE,NONE,Garment Full body,134.46,4
Young Adult,ACTIVE,Regularly,Garment Upper body,199.3,3
Young Adult,ACTIVE,NONE,Garment Upper body,291.33,1
Young Adult,ACTIVE,Regularly,Swimwear,186.75,3
Young Adult,ACTIVE,Regularly,Garment Lower body,265.18,3
Young Adult,ACTIVE,Regularly,Garment Lower body,239.04,3
Young Adult,ACTIVE,Regularly,Garment Upper body,113.55,3
Adult,ACTIVE,Regularly,Garment Lower body,124,0
Adult,ACTIVE,Regularly,Garment Upper body,134.46,0
Young Adult,ACTIVE,NONE,Garment Upper body,239.04,1
Young Adult,ACTIVE,Regularly,Garment Upper body,134.46,3
Adult,ACTIVE,Regularly,Garment Upper body,155.38,0
Young Adult,ACTIVE,NONE,Garment Lower body,186.75,1
Young Adult,ACTIVE,NONE,Garment Upper body,208.71,1
Adult,ACTIVE,NONE,Garment Upper body,182.15,4
Adult,ACTIVE,NONE,Swimwear,218.12,4
Elderly,ACTIVE,Regularly,Garment Upper body,134.46,0
Young Adult,ACTIVE,Regularly,Garment Lower body,239.04,3
Adult,ACTIVE,NONE,Garment Upper body,67.53,4
Young Adult,ACTIVE,NONE,Underwear,113.55,1
Elderly,ACTIVE,Regularly,Garment Full body,239.04,0
Young Adult,ACTIVE,Regularly,Garment Upper body,134.46,3
Young Adult,ACTIVE,NONE,Garment Lower body,165.83,1
Young Adult,PRE-CREATE,NONE,Garment Upper body,134.46,2
Adult,ACTIVE,Regularly,Garment Full body,239.04,0
Young Adult,ACTIVE,NONE,Accessories,165.83,1
Young Adult,ACTIVE,NONE,Garment Lower body,124.32,1
Young Adult,ACTIVE,Regularly,Underwear,134.46,3
Young Adult,ACTIVE,Regularly,Underwear,164.06,3
Young Adult,ACTIVE,NONE,Socks & Tights,61.26,1
Elderly,ACTIVE,NONE,Garment Upper body,144.92,4
Elderly,ACTIVE,Regularly,Accessories,113.55,0
Elderly,ACTIVE,Regularly,Garment Upper body,406.36,0
Young Adult,ACTIVE,NONE,Garment Lower body,468.37,1
Young Adult,ACTIVE,NONE,Garment Lower body,343.61,1
Elderly,ACTIVE,Regularly,Garment Full body,197.21,0
Young Adult,ACTIVE,NONE,Garment Upper body,239.04,1
Adult,ACTIVE,Regularly,Socks & Tights,124,0
Young Adult,ACTIVE,Regularly,Garment Upper body,186.75,3
Young Adult,ACTIVE,Regularly,Swimwear,82.17,3
Adult,ACTIVE,Regularly,Garment Upper body,132.37,0
Young Adult,ACTIVE,NONE,Socks & Tights,113.55,1
Young Adult,ACTIVE,NONE,Swimwear,107.38,1
Adult,ACTIVE,Regularly,Garment Full body,186.75,0
Young Adult,ACTIVE,Regularly,Garment Full body,155.38,3
Young Adult,ACTIVE,NONE,Garment Upper body,127.46,1
Adult,ACTIVE,Regularly,Garment Upper body,134.46,0
Young Adult,ACTIVE,NONE,Garment Upper body,82.17,1
Adult,ACTIVE,Regularly,Garment Lower body,343.61,0
Adult,ACTIVE,NONE,Garment Full body,343.61,4
Elderly,ACTIVE,NONE,Garment Upper body,448.19,4
Adult,ACTIVE,Regularly,Garment Lower body,113.55,0
Elderly,ACTIVE,NONE,Garment Upper body,113.55,4
Young Adult,ACTIVE,NONE,Accessories,92.63,1
Young Adult,ACTIVE,Regularly,Accessories,226.07,3
Young Adult,ACTIVE,Regularly,Garment Full body,163.22,3
Young Adult,ACTIVE,NONE,Garment Upper body,134.46,1
Young Adult,ACTIVE,Regularly,Garment Full body,178.91,3
Adult,ACTIVE,Regularly,Garment Upper body,103.09,0
Elderly,ACTIVE,NONE,Garment Upper body,239.04,4
Young Adult,ACTIVE,NONE,Garment Lower body,284.32,1
Adult,ACTIVE,NONE,Garment Upper body,134.46,4
Adult,ACTIVE,Regularly,Swimwear,82.17,0
Young Adult,ACTIVE,NONE,Garment Lower body,218.12,1
Adult,ACTIVE,NONE,Garment Upper body,105.18,4
Adult,ACTIVE,NONE,Garment Lower body,82.8,4
Young Adult,ACTIVE,NONE,Garment Upper body,552.77,1
Young Adult,ACTIVE,Regularly,Underwear,165.83,3
Adult,ACTIVE,Regularly,Garment Lower body,184.24,0
Adult,ACTIVE,NONE,Underwear,138.64,4
Young Adult,ACTIVE,NONE,Garment Lower body,134.46,1
Adult,ACTIVE,NONE,Garment Upper body,186.75,4
Young Adult,ACTIVE,NONE,Garment Lower body,186.75,1
Young Adult,ACTIVE,Regularly,Shoes,92.63,3
Young Adult,ACTIVE,NONE,Garment Lower body,389.63,1
Young Adult,ACTIVE,Regularly,Garment Lower body,114.59,3
Young Adult,ACTIVE,NONE,Garment Upper body,186.75,1
Young Adult,ACTIVE,Regularly,Garment Lower body,76.94,3
Young Adult,ACTIVE,NONE,Garment Upper body,124,1
Adult,ACTIVE,NONE,Garment Full body,114.59,4
Adult,ACTIVE,NONE,Garment Lower body,239.04,4
Adult,ACTIVE,Regularly,Garment Lower body,186.75,0
Young Adult,ACTIVE,NONE,Garment Upper body,68.89,1
Young Adult,ACTIVE,NONE,Garment Upper body,101.62,1
Young Adult,ACTIVE,Regularly,Garment Lower body,291.33,3
Adult,ACTIVE,Regularly,Swimwear,138.64,0
Adult,ACTIVE,NONE,Garment Lower body,239.04,4
Adult,ACTIVE,NONE,Swimwear,113.55,4
Adult,ACTIVE,Regularly,Garment Lower body,239.04,0
Young Adult,ACTIVE,NONE,Underwear,218.12,1
Adult,ACTIVE,NONE,Garment Upper body,134.46,4
Young Adult,ACTIVE,NONE,Garment Upper body,866.5,1
Elderly,ACTIVE,NONE,Garment Lower body,343.61,4
Young Adult,ACTIVE,NONE,Garment Upper body,239.04,1
Adult,ACTIVE,NONE,Underwear,92.63,4
Adult,PRE-CREATE,NONE,Swimwear,165.83,2
Adult,ACTIVE,Regularly,Garment Upper body,377.92,0
Elderly,ACTIVE,Regularly,Swimwear,134.46,0
Elderly,ACTIVE,NONE,Garment Upper body,163.74,4
Adult,ACTIVE,NONE,Garment Upper body,134.46,4
Young Adult,ACTIVE,Regularly,Garment Lower body,239.04,3
Adult,ACTIVE,NONE,Underwear,176.29,4
Elderly,ACTIVE,Regularly,Garment Upper body,343.61,0
Elderly,ACTIVE,NONE,Garment Upper body,343.61,4
Young Adult,ACTIVE,NONE,Accessories,134.46,1
Adult,ACTIVE,NONE,Nightwear,186.75,4
Adult,ACTIVE,NONE,Swimwear,343.61,4
Elderly,NO MEMBERSHIP,NONE,Garment Upper body,186.75,2
Young Adult,ACTIVE,Regularly,Garment Lower body,165.83,3
Elderly,ACTIVE,NONE,Garment Lower body,186.75,4
Young Adult,ACTIVE,NONE,Underwear,103.09,1
Young Adult,ACTIVE,NONE,Accessories,134.46,1
Adult,ACTIVE,Regularly,Garment Lower body,163.22,0
Adult,ACTIVE,NONE,Garment Upper body,197.21,4
Young Adult,ACTIVE,NONE,Garment Lower body,239.04,1
Young Adult,ACTIVE,NONE,Garment Upper body,114.59,1
Adult,ACTIVE,Regularly,Nightwear,283.06,0
Young Adult,ACTIVE,Regularly,Garment Lower body,322.7,3
Young Adult,ACTIVE,NONE,Socks & Tights,50.91,1
Adult,ACTIVE,Regularly,Garment Full body,284.74,0
Adult,ACTIVE,NONE,Garment Lower body,343.61,4
Young Adult,ACTIVE,NONE,Garment Lower body,185.18,1
Young Adult,ACTIVE,Regularly,Garment Full body,343.61,3
Young Adult,ACTIVE,NONE,Garment Full body,448.19,1
Elderly,ACTIVE,NONE,Garment Upper body,343.61,4
Young Adult,ACTIVE,NONE,Garment Upper body,103.09,1
Young Adult,ACTIVE,NONE,Garment Upper body,186.75,1
Young Adult,ACTIVE,NONE,Garment Lower body,395.9,1
Young Adult,ACTIVE,NONE,Garment Upper body,85.73,1
Adult,ACTIVE,NONE,Garment Upper body,61.26,4
Young Adult,ACTIVE,NONE,Garment Full body,165.83,1
Elderly,ACTIVE,NONE,Garment Lower body,207.67,4
Young Adult,ACTIVE,Regularly,Shoes,134.46,3
Young Adult,ACTIVE,NONE,Garment Upper body,186.75,1
Young Adult,ACTIVE,Regularly,Garment Full body,239.04,3
Young Adult,ACTIVE,NONE,Garment Upper body,108.32,1
Adult,ACTIVE,Regularly,Garment Full body,406.36,0
Young Adult,ACTIVE,NONE,Garment Upper body,323.75,1
Young Adult,ACTIVE,NONE,Garment Upper body,92.84,1
Elderly,ACTIVE,Regularly,Garment Upper body,312.24,0
Young Adult,ACTIVE,NONE,Garment Lower body,239.04,1
Adult,ACTIVE,Regularly,Garment Upper body,186.75,0
Young Adult,ACTIVE,NONE,Accessories,239.04,1
Young Adult,ACTIVE,NONE,Garment Full body,239.04,1
Young Adult,ACTIVE,NONE,Swimwear,186.75,1
Young Adult,ACTIVE,NONE,Underwear,186.75,1
Young Adult,ACTIVE,Regularly,Garment Lower body,155.38,3
Adult,ACTIVE,NONE,Garment Upper body,144.92,4
Adult,ACTIVE,Regularly,Swimwear,186.75,0
Young Adult,PRE-CREATE,NONE,Garment Upper body,103.09,2
Young Adult,ACTIVE,Regularly,Garment Lower body,343.61,3
Elderly,ACTIVE,NONE,Garment Upper body,552.77,4
Elderly,ACTIVE,Regularly,Garment Upper body,218.12,0
Elderly,ACTIVE,Regularly,Garment Lower body,218.12,0
Young Adult,ACTIVE,Regularly,Garment Upper body,82.17,3
Young Adult,PRE-CREATE,NONE,Garment Lower body,138.64,2
Young Adult,ACTIVE,NONE,Garment Upper body,82.17,1
Young Adult,ACTIVE,NONE,Socks & Tights,113.55,1
Young Adult,ACTIVE,NONE,Underwear,113.55,1
Young Adult,ACTIVE,Regularly,Shoes,291.33,3
Young Adult,ACTIVE,NONE,Garment Upper body,218.12,1
Young Adult,ACTIVE,Regularly,Underwear,61.26,3
Elderly,ACTIVE,NONE,Garment Upper body,71.72,4
Adult,ACTIVE,NONE,Garment Upper body,134.46,4
Adult,ACTIVE,Regularly,Accessories,54.25,0
Young Adult,ACTIVE,Regularly,Garment Full body,180.48,3
Young Adult,ACTIVE,NONE,Garment Upper body,134.46,1
Elderly,ACTIVE,NONE,Garment Lower body,50.8,4
Young Adult,ACTIVE,NONE,Garment Lower body,291.33,1
Young Adult,ACTIVE,NONE,Underwear,113.55,1
Young Adult,ACTIVE,Regularly,Underwear,186.75,3
Adult,ACTIVE,Regularly,Garment Upper body,155.38,0
Adult,ACTIVE,NONE,Garment Upper body,134.46,4
Young Adult,ACTIVE,Regularly,Socks & Tights,92.63,3
Adult,ACTIVE,Regularly,Garment Lower body,118.78,0
Young Adult,ACTIVE,NONE,Swimwear,134.46,1
Young Adult,ACTIVE,Regularly,Garment Lower body,239.04,3
Elderly,ACTIVE,NONE,Garment Full body,144.92,4
Young Adult,ACTIVE,Regularly,Underwear,171.06,3
Young Adult,ACTIVE,Regularly,Underwear,186.75,3
Young Adult,ACTIVE,NONE,Garment Upper body,134.46,1
Elderly,ACTIVE,NONE,Garment Upper body,68.06,4
Young Adult,ACTIVE,NONE,Garment Upper body,234.33,1
Young Adult,ACTIVE,NONE,Garment Upper body,239.04,1
Young Adult,ACTIVE,NONE,Garment Lower body,239.04,1
Young Adult,ACTIVE,Regularly,Swimwear,186.75,3
Young Adult,ACTIVE,NONE,Garment Upper body,134.46,1
Young Adult,ACTIVE,NONE,Garment Upper body,71.72,1
Young Adult,ACTIVE,NONE,Garment Lower body,239.04,1
Young Adult,ACTIVE,NONE,Swimwear,134.46,1
Young Adult,ACTIVE,NONE,Swimwear,113.55,1
Adult,ACTIVE,NONE,Nightwear,171.8,4
Adult,ACTIVE,Regularly,Garment Lower body,291.33,0
Adult,ACTIVE,Regularly,Garment Upper body,134.46,0
Adult,ACTIVE,Regularly,Accessories,103.09,0
Adult,ACTIVE,NONE,Garment Upper body,186.75,4
Young Adult,ACTIVE,NONE,Swimwear,92.95,1
Adult,ACTIVE,Regularly,Garment Upper body,134.46,0
Young Adult,ACTIVE,NONE,Swimwear,186.75,1
Adult,ACTIVE,Regularly,Garment Upper body,113.55,0
Young Adult,ACTIVE,NONE,Garment Lower body,134.46,1
Young Adult,ACTIVE,Regularly,Garment Upper body,262.57,3
Young Adult,ACTIVE,Regularly,Garment Upper body,218.12,3
Adult,ACTIVE,NONE,Garment Upper body,144.92,4
Young Adult,ACTIVE,NONE,Garment Upper body,113.55,1
Young Adult,ACTIVE,NONE,Garment Lower body,291.33,1
Young Adult,ACTIVE,NONE,Garment Upper body,130.28,1
Young Adult,ACTIVE,Regularly,Garment Lower body,251.69,3
Adult,ACTIVE,Regularly,Garment Lower body,448.19,0
Adult,ACTIVE,Regularly,Nightwear,134.46,0
Young Adult,ACTIVE,NONE,Underwear,239.04,1
Young Adult,ACTIVE,NONE,Swimwear,103.09,1
Young Adult,ACTIVE,Regularly,Garment Upper body,113.55,3
Young Adult,ACTIVE,NONE,Garment Upper body,82.17,1
Young Adult,ACTIVE,Regularly,Garment Upper body,113.55,3
Young Adult,ACTIVE,Regularly,Garment Upper body,225.13,3
Adult,ACTIVE,Regularly,Garment Lower body,239.04,0
Young Adult,ACTIVE,NONE,Garment Full body,395.9,1
Adult,ACTIVE,Regularly,Garment Upper body,448.19,0
Adult,ACTIVE,Regularly,Underwear,210.38,0
Young Adult,ACTIVE,NONE,Garment Upper body,186.75,1
Adult,ACTIVE,NONE,Garment Upper body,186.75,4
Adult,ACTIVE,NONE,Garment Full body,291.33,4
Young Adult,ACTIVE,NONE,Garment Lower body,239.04,1
Young Adult,ACTIVE,NONE,Garment Upper body,186.75,1
Adult,ACTIVE,NONE,Nightwear,165.83,4
Adult,ACTIVE,NONE,Garment Upper body,341,4
Adult,ACTIVE,NONE,Garment Lower body,552.77,4
Young Adult,ACTIVE,NONE,Garment Lower body,341.21,1
Young Adult,ACTIVE,NONE,Swimwear,186.75,1
Young Adult,ACTIVE,NONE,Socks & Tights,61.26,1
Adult,ACTIVE,NONE,Garment Upper body,280.87,4
Adult,ACTIVE,Regularly,Nightwear,134.46,0
Adult,ACTIVE,Regularly,Garment Upper body,148.37,0
Young Adult,ACTIVE,Regularly,Unknown,239.04,3
Adult,ACTIVE,Regularly,Garment Upper body,124,0
Young Adult,ACTIVE,Regularly,Garment Upper body,239.04,3
Young Adult,ACTIVE,NONE,Garment Lower body,131.64,1
Adult,ACTIVE,NONE,Garment Lower body,500.48,4
Young Adult,ACTIVE,NONE,Accessories,82.17,1
Young Adult,ACTIVE,NONE,Underwear,239.04,1
Elderly,ACTIVE,Regularly,Accessories,239.04,0
Young Adult,ACTIVE,Regularly,Shoes,186.75,3
Young Adult,ACTIVE,NONE,Garment Upper body,113.55,1
Adult,ACTIVE,NONE,Garment Lower body,132.06,4
Adult,ACTIVE,NONE,Garment Upper body,82.17,4
Elderly,ACTIVE,NONE,Garment Lower body,134.46,4
Young Adult,ACTIVE,Regularly,Accessories,96.81,3
Young Adult,ACTIVE,NONE,Garment Upper body,165.83,1
Young Adult,ACTIVE,Regularly,Underwear,92.63,3
Young Adult,ACTIVE,Regularly,Garment Upper body,81.65,3
Young Adult,ACTIVE,Regularly,Underwear,103.09,3
Teenager,ACTIVE,NONE,Garment Lower body,186.75,0
Elderly,ACTIVE,NONE,Shoes,500.48,4
Young Adult,ACTIVE,NONE,Garment Upper body,134.46,1
Young Adult,ACTIVE,NONE,Underwear,218.12,1
Adult,ACTIVE,Regularly,Garment Upper body,225.13,0
Young Adult,ACTIVE,Regularly,Garment Upper body,58.12,3
Young Adult,ACTIVE,Regularly,Garment Upper body,113.55,3
Teenager,ACTIVE,NONE,Swimwear,186.75,0
Young Adult,ACTIVE,NONE,Garment Lower body,218.12,1
Adult,ACTIVE,Regularly,Garment Upper body,239.04,0
Adult,ACTIVE,Regularly,Garment Upper body,71.72,0
Adult,ACTIVE,Regularly,Shoes,563.23,0
Young Adult,ACTIVE,Regularly,Garment Lower body,291.33,3
Young Adult,ACTIVE,Regularly,Nightwear,291.33,3
Young Adult,ACTIVE,Regularly,Garment Upper body,395.9,3
Young Adult,ACTIVE,NONE,Garment Full body,395.9,1
Young Adult,PRE-CREATE,NONE,Swimwear,82.17,2
Young Adult,ACTIVE,Regularly,Shoes,280.87,3
Adult,ACTIVE,NONE,Garment Lower body,239.04,4
Young Adult,ACTIVE,NONE,Garment Upper body,265.18,1
Adult,ACTIVE,Regularly,Garment Full body,186.75,0
Elderly,ACTIVE,Regularly,Garment Lower body,291.33,0
Young Adult,ACTIVE,NONE,Garment Upper body,343.61,1
Young Adult,ACTIVE,NONE,Garment Upper body,239.04,1
Young Adult,ACTIVE,NONE,Underwear,134.46,1
Adult,ACTIVE,NONE,Underwear,134.46,4
Adult,ACTIVE,NONE,Shoes,103.09,4
Adult,ACTIVE,Regularly,Garment Lower body,343.61,0
Adult,ACTIVE,Regularly,Garment Upper body,186.75,0
Young Adult,ACTIVE,NONE,Garment Full body,239.04,1
Young Adult,ACTIVE,NONE,Swimwear,105.18,1
Young Adult,ACTIVE,NONE,Garment Upper body,134.46,1
Adult,ACTIVE,Regularly,Garment Full body,265.18,0
Young Adult,ACTIVE,NONE,Garment Lower body,165.83,1
Young Adult,ACTIVE,NONE,Underwear,134.46,1
Elderly,ACTIVE,Regularly,Swimwear,186.75,0
Young Adult,ACTIVE,Regularly,Garment Lower body,239.04,3
Young Adult,ACTIVE,NONE,Garment Upper body,165.83,1
Adult,ACTIVE,NONE,Garment Upper body,239.04,4
Young Adult,ACTIVE,NONE,Garment Full body,218.12,1
Young Adult,ACTIVE,NONE,Garment Upper body,343.61,1
Adult,ACTIVE,NONE,Garment Upper body,134.46,4
Young Adult,ACTIVE,Regularly,Garment Upper body,134.46,3
Young Adult,ACTIVE,NONE,Accessories,113.55,1
Elderly,ACTIVE,NONE,Garment Upper body,182.25,4
Young Adult,ACTIVE,NONE,Garment Lower body,147.01,1
Adult,ACTIVE,NONE,Garment Full body,343.61,4
Young Adult,ACTIVE,NONE,Underwear,186.75,1
Adult,ACTIVE,Regularly,Garment Upper body,71.72,0
Young Adult,ACTIVE,NONE,Swimwear,71.72,1
Young Adult,ACTIVE,Regularly,Accessories,82.17,3
Adult,ACTIVE,NONE,Garment Upper body,291.33,4
Young Adult,ACTIVE,Regularly,Garment Upper body,165.83,3
Young Adult,ACTIVE,Regularly,Garment Full body,218.12,3
Adult,ACTIVE,NONE,Underwear,92.63,4
Adult,ACTIVE,NONE,Garment Lower body,178.49,4
Young Adult,ACTIVE,NONE,Garment Lower body,236.21,1
Young Adult,ACTIVE,NONE,Socks & Tights,105.18,1
Adult,ACTIVE,Regularly,Socks & Tights,134.46,0
Elderly,ACTIVE,Regularly,Garment Lower body,448.19,0
Young Adult,ACTIVE,NONE,Garment Lower body,186.75,1
Young Adult,ACTIVE,NONE,Socks & Tights,99.64,1
Young Adult,PRE-CREATE,NONE,Garment Lower body,186.75,2
Young Adult,ACTIVE,Regularly,Garment Full body,134.46,3
Young Adult,ACTIVE,Regularly,Garment Upper body,155.38,3
Adult,ACTIVE,Regularly,Garment Upper body,239.04,0
Young Adult,ACTIVE,NONE,Garment Upper body,186.75,1
Young Adult,ACTIVE,NONE,Accessories,124,1
Adult,ACTIVE,Regularly,Garment Full body,552.77,0
Young Adult,ACTIVE,NONE,Garment Upper body,291.33,1
Adult,ACTIVE,NONE,Garment Upper body,197.21,4
Adult,ACTIVE,NONE,Garment Full body,239.04,4
Young Adult,ACTIVE,Regularly,Accessories,131.74,3
Young Adult,ACTIVE,NONE,Garment Upper body,291.33,1
Young Adult,ACTIVE,NONE,Garment Upper body,291.33,1
Elderly,ACTIVE,NONE,Garment Upper body,134.46,4
Young Adult,ACTIVE,NONE,Accessories,50.8,1
Young Adult,ACTIVE,NONE,Garment Lower body,474.34,1
Young Adult,ACTIVE,Regularly,Garment Lower body,92.63,3
Adult,ACTIVE,NONE,Garment Upper body,186.75,4
Adult,ACTIVE,Regularly,Underwear,134.46,0
Adult,ACTIVE,Regularly,Garment Lower body,207.67,0
Young Adult,ACTIVE,NONE,Swimwear,134.46,1
Adult,ACTIVE,NONE,Garment Lower body,239.04,4
Adult,ACTIVE,Regularly,Garment Lower body,186.75,0
Elderly,ACTIVE,Regularly,Underwear,113.55,0
Young Adult,ACTIVE,Regularly,Garment Upper body,134.46,3
Young Adult,ACTIVE,NONE,Garment Full body,490.44,1
Adult,ACTIVE,NONE,Garment Upper body,182.99,4
Young Adult,ACTIVE,NONE,Garment Full body,186.75,1
Young Adult,ACTIVE,NONE,Garment Upper body,165.83,1
Elderly,ACTIVE,NONE,Garment Upper body,124,4
Adult,ACTIVE,NONE,Garment Upper body,67.53,4
Young Adult,ACTIVE,NONE,Garment Upper body,124,1
Adult,ACTIVE,Regularly,Underwear,134.46,0
Young Adult,ACTIVE,Regularly,Swimwear,165.83,3
Adult,ACTIVE,NONE,Garment Lower body,284.01,4
Young Adult,ACTIVE,NONE,Garment Lower body,188.63,1
Young Adult,ACTIVE,Regularly,Garment Lower body,291.33,3
Young Adult,ACTIVE,NONE,Garment Upper body,134.46,1
Adult,ACTIVE,Regularly,Garment Lower body,233.29,0
Young Adult,ACTIVE,Regularly,Garment Lower body,291.33,3
Young Adult,ACTIVE,Regularly,Garment Upper body,82.17,3
Adult,ACTIVE,Regularly,Garment Full body,138.64,0
Young Adult,ACTIVE,NONE,Garment Upper body,180.48,1
Elderly,ACTIVE,Regularly,Shoes,343.61,0
Adult,ACTIVE,NONE,Garment Upper body,186.75,4
Adult,ACTIVE,NONE,Accessories,61.26,4
Young Adult,ACTIVE,NONE,Garment Upper body,239.04,1
Young Adult,ACTIVE,NONE,Garment Lower body,280.87,1
Young Adult,ACTIVE,Regularly,Garment Upper body,156.32,3
Adult,ACTIVE,NONE,Garment Lower body,291.33,4
Elderly,ACTIVE,Regularly,Garment Lower body,239.04,0
Adult,ACTIVE,Regularly,Swimwear,86.36,0
Young Adult,ACTIVE,Regularly,Garment Upper body,207.67,3
Adult,ACTIVE,Regularly,Garment Lower body,103.09,0
Young Adult,ACTIVE,NONE,Swimwear,218.12,1
Young Adult,ACTIVE,NONE,Garment Upper body,124,1
Young Adult,ACTIVE,NONE,Garment Lower body,186.75,1
Adult,ACTIVE,Regularly,Garment Lower body,186.75,0
Young Adult,ACTIVE,NONE,Garment Lower body,186.75,1
Elderly,ACTIVE,NONE,Swimwear,218.12,4
Adult,ACTIVE,NONE,Garment Upper body,113.55,4
Adult,ACTIVE,NONE,Garment Upper body,223.35,4
Adult,ACTIVE,Regularly,Garment Lower body,239.04,0
Adult,ACTIVE,Regularly,Garment Lower body,197.21,0
Adult,ACTIVE,NONE,Garment Full body,343.61,4
Young Adult,ACTIVE,Regularly,Garment Lower body,239.04,3
Adult,ACTIVE,Regularly,Garment Upper body,280.87,0
Young Adult,ACTIVE,Regularly,Garment Full body,165.83,3
Young Adult,ACTIVE,NONE,Garment Upper body,855.73,1
Young Adult,ACTIVE,NONE,Garment Upper body,239.04,1
Adult,ACTIVE,NONE,Garment Upper body,119.51,4
Adult,ACTIVE,Regularly,Garment Upper body,134.46,0
Young Adult,ACTIVE,NONE,Garment Full body,280.87,1
Young Adult,ACTIVE,NONE,Garment Upper body,239.04,1
Young Adult,ACTIVE,NONE,Garment Upper body,274.07,1
Adult,ACTIVE,Regularly,Garment Upper body,226.18,0
Young Adult,ACTIVE,NONE,Swimwear,134.46,1
Adult,ACTIVE,NONE,Garment Upper body,124,4
Elderly,ACTIVE,NONE,Garment Lower body,105.29,4
Young Adult,ACTIVE,Regularly,Garment Upper body,61.26,3
Adult,ACTIVE,NONE,Swimwear,82.17,4
Young Adult,ACTIVE,Regularly,Garment Upper body,186.75,3
Adult,ACTIVE,NONE,Garment Upper body,282.65,4
Young Adult,ACTIVE,Regularly,Garment Upper body,688.72,3
Adult,ACTIVE,NONE,Underwear,186.75,4
Elderly,ACTIVE,Regularly,Garment Lower body,186.75,0
Young Adult,ACTIVE,NONE,Garment Full body,165.83,1
Young Adult,ACTIVE,Regularly,Garment Upper body,113.55,3
Young Adult,ACTIVE,NONE,Accessories,36.89,1
Young Adult,PRE-CREATE,NONE,Garment Upper body,552.77,2
Adult,PRE-CREATE,Regularly,Garment Upper body,343.61,2
Young Adult,ACTIVE,Regularly,Garment Upper body,61.26,3
Young Adult,ACTIVE,Regularly,Garment Lower body,165.83,3
Elderly,ACTIVE,Regularly,Garment Upper body,552.77,0
Young Adult,ACTIVE,Regularly,Garment Full body,239.04,3
Young Adult,ACTIVE,NONE,Garment Upper body,239.04,1
Young Adult,ACTIVE,Regularly,Garment Full body,395.9,3
Young Adult,ACTIVE,NONE,Garment Lower body,134.46,1
Elderly,ACTIVE,Regularly,Garment Lower body,93.68,0
Adult,ACTIVE,NONE,Garment Lower body,218.12,4
Young Adult,ACTIVE,NONE,Garment Full body,291.33,1
Young Adult,ACTIVE,Regularly,Garment Lower body,225.97,3
Young Adult,ACTIVE,NONE,Socks & Tights,47.56,1
Young Adult,ACTIVE,NONE,Socks & Tights,113.55,1
Young Adult,ACTIVE,NONE,Garment Full body,165.83,1
Young Adult,ACTIVE,NONE,Garment Full body,134.46,1
Young Adult,PRE-CREATE,NONE,Garment Upper body,239.04,2
Young Adult,ACTIVE,NONE,Swimwear,171.06,1
Adult,ACTIVE,NONE,Garment Upper body,335.25,4
Elderly,ACTIVE,NONE,Garment Upper body,239.04,4
Young Adult,ACTIVE,Regularly,Garment Full body,92.63,3
Adult,ACTIVE,Regularly,Garment Lower body,291.33,0
Young Adult,ACTIVE,NONE,Nightwear,239.04,1
Young Adult,ACTIVE,NONE,Garment Lower body,207.67,1
Adult,ACTIVE,NONE,Accessories,49.75,4
Young Adult,ACTIVE,NONE,Garment Upper body,186.75,1
Young Adult,ACTIVE,NONE,Garment Full body,218.12,1
Young Adult,ACTIVE,Regularly,Garment Lower body,186.75,3
Young Adult,ACTIVE,Regularly,Accessories,82.17,3
Adult,ACTIVE,Regularly,Garment Upper body,113.55,0
Adult,ACTIVE,Regularly,Garment Lower body,239.04,0
Adult,ACTIVE,Regularly,Underwear,195.33,0
Adult,ACTIVE,Regularly,Garment Upper body,73.81,0
Adult,ACTIVE,NONE,Garment Lower body,291.33,4
Young Adult,ACTIVE,NONE,Garment Upper body,971.07,1
Elderly,ACTIVE,NONE,Swimwear,186.75,4
Elderly,ACTIVE,Regularly,Accessories,134.46,0
Young Adult,ACTIVE,Regularly,Garment Full body,61.26,3
Young Adult,ACTIVE,NONE,Garment Upper body,140,1
Young Adult,ACTIVE,NONE,Garment Upper body,291.33,1
Young Adult,ACTIVE,Regularly,Garment Upper body,364.53,3
Adult,ACTIVE,NONE,Socks & Tights,113.55,4
Adult,ACTIVE,Regularly,Shoes,144.92,0
Adult,ACTIVE,NONE,Accessories,71.72,4
Young Adult,ACTIVE,Regularly,Garment Full body,172.11,3
Young Adult,ACTIVE,NONE,Garment Upper body,183.82,1
Young Adult,ACTIVE,Regularly,Shoes,197.21,3
Elderly,ACTIVE,Regularly,Garment Upper body,134.46,0
Elderly,ACTIVE,NONE,Garment Full body,152.24,4
Adult,ACTIVE,Regularly,Garment Upper body,82.17,0
Young Adult,ACTIVE,Regularly,Garment Lower body,226.28,3
Young Adult,ACTIVE,Regularly,Swimwear,165.83,3
Young Adult,ACTIVE,NONE,Swimwear,218.12,1
Young Adult,ACTIVE,NONE,Underwear,283.9,1
Young Adult,ACTIVE,NONE,Garment Full body,239.04,1
Young Adult,ACTIVE,NONE,Garment Upper body,197.21,1
Young Adult,ACTIVE,NONE,Garment Lower body,239.04,1
Adult,ACTIVE,NONE,Garment Full body,1198.63,4
Adult,ACTIVE,Regularly,Swimwear,186.75,0
Young Adult,ACTIVE,NONE,Swimwear,134.46,1
Young Adult,ACTIVE,NONE,Garment Upper body,134.46,1
Young Adult,ACTIVE,NONE,Garment Upper body,74.33,1
Adult,ACTIVE,Regularly,Garment Upper body,186.75,0
Young Adult,ACTIVE,Regularly,Garment Upper body,71.72,3
Young Adult,ACTIVE,NONE,Garment Upper body,197.21,1
Young Adult,ACTIVE,Regularly,Garment Upper body,214.36,3
Adult,ACTIVE,Regularly,Garment Lower body,184.34,0
Young Adult,ACTIVE,NONE,Garment Upper body,71.72,1
Young Adult,ACTIVE,NONE,Garment Full body,318.31,1
Adult,ACTIVE,Regularly,Garment Upper body,165.83,0
Young Adult,ACTIVE,NONE,Garment Lower body,296.56,1
Young Adult,ACTIVE,NONE,Swimwear,134.46,1
Young Adult,ACTIVE,Regularly,Garment Upper body,140.63,3
Young Adult,ACTIVE,NONE,Garment Upper body,176.29,1
Adult,ACTIVE,NONE,Garment Upper body,158.51,4
Young Adult,ACTIVE,NONE,Garment Upper body,134.46,1
Adult,ACTIVE,Regularly,Underwear,86.36,0
Young Adult,ACTIVE,NONE,Garment Lower body,153.91,1
Adult,ACTIVE,Regularly,Underwear,127.77,0
Young Adult,ACTIVE,NONE,Garment Full body,134.46,1
Elderly,ACTIVE,NONE,Garment Upper body,343.61,4
Adult,ACTIVE,NONE,Garment Upper body,82.17,4
Young Adult,ACTIVE,NONE,Garment Upper body,142.83,1
Elderly,ACTIVE,NONE,Garment Full body,186.75,4
Young Adult,ACTIVE,NONE,Garment Lower body,134.46,1
Young Adult,ACTIVE,Regularly,Garment Upper body,186.75,3
Young Adult,ACTIVE,NONE,Swimwear,207.67,1
Young Adult,ACTIVE,Regularly,Garment Lower body,239.04,3
Adult,ACTIVE,Regularly,Garment Lower body,239.04,0
Adult,ACTIVE,NONE,Garment Upper body,291.33,4
Elderly,ACTIVE,Regularly,Garment Upper body,542.31,0
Elderly,ACTIVE,NONE,Shoes,387.12,4
Elderly,ACTIVE,NONE,Swimwear,186.75,4
Young Adult,ACTIVE,NONE,Underwear,134.46,1
Young Adult,ACTIVE,NONE,Garment Upper body,197.21,1
Elderly,ACTIVE,NONE,Garment Upper body,866.5,4
Young Adult,ACTIVE,Regularly,Swimwear,186.75,3
Young Adult,ACTIVE,Regularly,Garment Lower body,479.56,3
Young Adult,ACTIVE,NONE,Garment Upper body,434.81,1
Young Adult,ACTIVE,Regularly,Shoes,239.04,3
Adult,ACTIVE,NONE,Garment Lower body,92.63,4
Adult,ACTIVE,NONE,Swimwear,186.75,4
Elderly,ACTIVE,NONE,Garment Upper body,165.83,4
Young Adult,ACTIVE,Regularly,Socks & Tights,113.55,3
Young Adult,ACTIVE,NONE,Garment Upper body,82.17,1
Young Adult,ACTIVE,Regularly,Garment Upper body,239.04,3
Elderly,ACTIVE,NONE,Garment Upper body,134.46,4
Young Adult,ACTIVE,NONE,Garment Lower body,552.77,1
Young Adult,ACTIVE,Regularly,Garment Lower body,406.36,3
Young Adult,ACTIVE,Regularly,Garment Lower body,165.83,3
Young Adult,ACTIVE,NONE,Garment Upper body,249.5,1
Young Adult,ACTIVE,Regularly,Swimwear,218.12,3
Elderly,ACTIVE,Regularly,Garment Lower body,218.12,0
Young Adult,ACTIVE,NONE,Garment Upper body,73.81,1
Young Adult,ACTIVE,NONE,Garment Lower body,291.33,1
Young Adult,ACTIVE,NONE,Garment Upper body,280.87,1
Young Adult,ACTIVE,NONE,Garment Upper body,130.49,1
Young Adult,ACTIVE,NONE,Garment Upper body,124,1
Young Adult,ACTIVE,Regularly,Garment Upper body,169.49,3
Young Adult,ACTIVE,NONE,Garment Lower body,286.52,1
Adult,ACTIVE,Regularly,Garment Upper body,82.17,0
Adult,ACTIVE,NONE,Socks & Tights,103.09,4
Young Adult,ACTIVE,Regularly,Garment Upper body,171.06,3
Young Adult,ACTIVE,NONE,Garment Upper body,197.21,1
Young Adult,ACTIVE,NONE,Garment Upper body,82.17,1
Young Adult,ACTIVE,Regularly,Underwear,116.27,3
Young Adult,ACTIVE,NONE,Garment Lower body,448.19,1
Young Adult,ACTIVE,NONE,Garment Upper body,343.61,1
Adult,ACTIVE,NONE,Garment Upper body,186.75,4
Young Adult,ACTIVE,NONE,Garment Upper body,82.17,1
Adult,ACTIVE,NONE,Garment Lower body,186.75,4
Adult,ACTIVE,Regularly,Socks & Tights,108.32,0
Adult,ACTIVE,NONE,Swimwear,71.72,4
Elderly,ACTIVE,NONE,Garment Lower body,134.46,4
Young Adult,ACTIVE,NONE,Garment Upper body,101,1
Elderly,ACTIVE,Regularly,Underwear,82.17,0
Young Adult,ACTIVE,NONE,Garment Lower body,280.87,1
Adult,ACTIVE,Regularly,Shoes,552.77,0
Young Adult,ACTIVE,NONE,Garment Upper body,249.5,1
Adult,ACTIVE,NONE,Garment Upper body,186.75,4
Young Adult,ACTIVE,NONE,Accessories,92.63,1
Adult,ACTIVE,Regularly,Garment Full body,134.46,0
Adult,ACTIVE,NONE,Socks & Tights,97.44,4
Young Adult,ACTIVE,Regularly,Swimwear,218.12,3
Young Adult,ACTIVE,Regularly,Socks & Tights,50.8,3
Young Adult,ACTIVE,NONE,Swimwear,186.75,1
Young Adult,ACTIVE,Regularly,Underwear,239.04,3
Young Adult,ACTIVE,Regularly,Garment Upper body,181.73,3
Teenager,ACTIVE,Regularly,Underwear,113.55,0
Young Adult,ACTIVE,NONE,Garment Lower body,239.04,1
Young Adult,ACTIVE,Regularly,Garment Lower body,291.33,3
Young Adult,ACTIVE,Regularly,Accessories,113.55,3
Young Adult,ACTIVE,NONE,Garment Upper body,92.63,1
Young Adult,ACTIVE,NONE,Socks & Tights,96.81,1
Elderly,ACTIVE,Regularly,Accessories,186.75,0
Young Adult,ACTIVE,NONE,Socks & Tights,134.46,1
Young Adult,ACTIVE,Regularly,Garment Lower body,134.46,3
Adult,ACTIVE,NONE,Garment Full body,134.46,4
Adult,ACTIVE,Regularly,Garment Full body,113.55,0
Young Adult,ACTIVE,Regularly,Garment Lower body,199.3,3
Young Adult,ACTIVE,NONE,Garment Full body,343.61,1
Young Adult,ACTIVE,NONE,Swimwear,186.75,1
Young Adult,ACTIVE,Regularly,Garment Upper body,239.04,3
Young Adult,ACTIVE,NONE,Socks & Tights,87.51,1
Young Adult,ACTIVE,Regularly,Garment Upper body,134.46,3
Elderly,ACTIVE,Regularly,Garment Lower body,186.75,0
Young Adult,ACTIVE,NONE,Garment Upper body,134.46,1
Adult,ACTIVE,NONE,Garment Upper body,186.75,4
Young Adult,ACTIVE,Regularly,Garment Upper body,134.46,3
Young Adult,ACTIVE,Regularly,Garment Upper body,144.92,3
Young Adult,ACTIVE,Regularly,Underwear,113.55,3
Young Adult,ACTIVE,NONE,Garment Upper body,82.17,1
Young Adult,ACTIVE,Regularly,Garment Upper body,448.19,3
Adult,ACTIVE,Regularly,Garment Lower body,155.27,0
Adult,ACTIVE,Regularly,Garment Upper body,120.97,0
Adult,ACTIVE,NONE,Garment Lower body,343.61,4
Young Adult,ACTIVE,Regularly,Garment Upper body,132.27,3
Adult,ACTIVE,Regularly,Garment Lower body,239.04,0
Young Adult,ACTIVE,Regularly,Shoes,327.51,3
Adult,ACTIVE,Regularly,Garment Full body,108.32,0
Young Adult,ACTIVE,NONE,Garment Full body,239.04,1
Young Adult,ACTIVE,NONE,Underwear,50.8,1
Adult,ACTIVE,NONE,Garment Upper body,77.89,4
Young Adult,ACTIVE,Regularly,Garment Upper body,56.45,3
Adult,ACTIVE,Regularly,Accessories,95.77,0
Young Adult,ACTIVE,NONE,Underwear,174.2,1
Adult,ACTIVE,NONE,Garment Lower body,291.33,4
Young Adult,ACTIVE,Regularly,Garment Upper body,221.05,3
Adult,ACTIVE,NONE,Underwear,239.04,4
Young Adult,ACTIVE,Regularly,Garment Upper body,218.12,3
Adult,ACTIVE,NONE,Garment Upper body,122.85,4
Young Adult,ACTIVE,NONE,Garment Full body,239.04,1
Adult,ACTIVE,NONE,Garment Upper body,186.75,4
Elderly,ACTIVE,Regularly,Garment Lower body,144.92,0
Young Adult,ACTIVE,Regularly,Garment Lower body,165.83,3
Young Adult,ACTIVE,NONE,Swimwear,218.12,1
Young Adult,ACTIVE,Regularly,Garment Upper body,186.75,3
Young Adult,ACTIVE,Regularly,Shoes,82.7,3
Elderly,ACTIVE,NONE,Garment Upper body,186.75,4
Elderly,ACTIVE,NONE,Garment Upper body,82.17,4
Young Adult,ACTIVE,NONE,Garment Upper body,82.17,1
Young Adult,ACTIVE,NONE,Garment Upper body,249.5,1
Young Adult,ACTIVE,Regularly,Garment Upper body,134.46,3
Young Adult,ACTIVE,NONE,Garment Full body,343.61,1
Young Adult,NO MEMBERSHIP,NONE,Garment Upper body,134.46,2
Young Adult,ACTIVE,NONE,Garment Upper body,186.75,1
Young Adult,ACTIVE,NONE,Garment Full body,113.55,1
Adult,ACTIVE,NONE,Garment Lower body,395.9,4
Adult,ACTIVE,Regularly,Garment Upper body,134.46,0
Young Adult,ACTIVE,NONE,Underwear,82.17,1
Adult,ACTIVE,Regularly,Swimwear,134.46,0
Young Adult,ACTIVE,Regularly,Underwear,82.17,3
Young Adult,ACTIVE,Regularly,Garment Upper body,71.72,3
Young Adult,ACTIVE,NONE,Garment Upper body,343.61,1
Adult,ACTIVE,Regularly,Swimwear,103.09,0
Elderly,ACTIVE,Regularly,Garment Full body,163.22,0
Adult,ACTIVE,NONE,Garment Upper body,170.65,4
Young Adult,ACTIVE,Regularly,Garment Upper body,54.98,3
Adult,ACTIVE,Regularly,Garment Upper body,63.87,0
Young Adult,ACTIVE,NONE,Underwear,71.72,1
Young Adult,ACTIVE,Regularly,Garment Lower body,134.46,3
Young Adult,ACTIVE,NONE,Shoes,239.04,1
Adult,ACTIVE,Regularly,Garment Upper body,296.56,0
Adult,ACTIVE,NONE,Accessories,239.04,4
Adult,ACTIVE,NONE,Garment Upper body,239.04,4
Adult,ACTIVE,NONE,Garment Upper body,186.75,4
Young Adult,ACTIVE,Regularly,Garment Full body,165.83,3
Young Adult,ACTIVE,NONE,Garment Upper body,118.78,1
Young Adult,ACTIVE,Regularly,Swimwear,197.21,3
Young Adult,ACTIVE,Regularly,Garment Full body,144.92,3
Adult,ACTIVE,NONE,Swimwear,186.75,4
Elderly,ACTIVE,NONE,Garment Upper body,76.94,4
Adult,ACTIVE,NONE,Shoes,291.33,4
Young Adult,ACTIVE,NONE,Garment Lower body,113.55,1
Young Adult,ACTIVE,NONE,Accessories,64.71,1
Young Adult,ACTIVE,NONE,Garment Upper body,103.09,1
Adult,ACTIVE,Regularly,Garment Upper body,186.75,0
Young Adult,ACTIVE,NONE,Garment Upper body,406.36,1
Adult,PRE-CREATE,NONE,Garment Lower body,186.75,2
Young Adult,ACTIVE,NONE,Socks & Tights,113.55,1
Young Adult,ACTIVE,NONE,Garment Upper body,866.5,1
Young Adult,ACTIVE,NONE,Garment Upper body,186.75,1
Young Adult,ACTIVE,NONE,Shoes,291.33,1
Young Adult,ACTIVE,Regularly,Garment Lower body,448.19,3
Young Adult,ACTIVE,Regularly,Accessories,197.21,3
Adult,ACTIVE,Regularly,Swimwear,186.75,0
Adult,ACTIVE,NONE,Garment Upper body,321.97,4
Young Adult,ACTIVE,Regularly,Garment Upper body,448.19,3
Adult,ACTIVE,Regularly,Garment Lower body,239.04,0
Adult,ACTIVE,NONE,Underwear,71.72,4
Adult,ACTIVE,NONE,Swimwear,144.92,4
Adult,ACTIVE,NONE,Underwear,165.83,4
Teenager,ACTIVE,Regularly,Garment Upper body,291.33,0
Young Adult,ACTIVE,Regularly,Underwear,71.72,3
Elderly,ACTIVE,Regularly,Shoes,134.46,0
Adult,ACTIVE,NONE,Garment Full body,186.75,4
Adult,ACTIVE,Regularly,Garment Upper body,40.34,0
Young Adult,ACTIVE,NONE,Garment Lower body,335.77,1
Young Adult,ACTIVE,Regularly,Garment Full body,183.3,3
Elderly,ACTIVE,Regularly,Garment Upper body,71.72,0
Young Adult,ACTIVE,NONE,Garment Upper body,134.46,1
Young Adult,ACTIVE,NONE,Garment Upper body,144.92,1
Young Adult,ACTIVE,NONE,Garment Lower body,197.21,1
Adult,ACTIVE,NONE,Garment Full body,113.55,4
Adult,ACTIVE,Regularly,Underwear,186.75,0
Young Adult,ACTIVE,NONE,Swimwear,165.83,1
Adult,ACTIVE,NONE,Accessories,61.26,4
Adult,ACTIVE,NONE,Garment Full body,186.75,4
Young Adult,ACTIVE,Regularly,Garment Upper body,186.75,3
Young Adult,ACTIVE,NONE,Underwear,113.55,1
Young Adult,ACTIVE,Regularly,Garment Full body,552.77,3
Young Adult,ACTIVE,Regularly,Swimwear,123.38,3
Young Adult,ACTIVE,Regularly,Swimwear,218.12,3
Young Adult,ACTIVE,Regularly,Garment Upper body,218.12,3
Young Adult,ACTIVE,NONE,Garment Upper body,134.46,1
Young Adult,ACTIVE,Regularly,Garment Lower body,118.25,3
Adult,ACTIVE,NONE,Garment Upper body,106.85,4
Adult,ACTIVE,Regularly,Garment Upper body,409.71,0
Young Adult,ACTIVE,Regularly,Nightwear,186.75,3
Adult,ACTIVE,Regularly,Garment Full body,239.04,0
Young Adult,ACTIVE,NONE,Shoes,113.55,1
Young Adult,ACTIVE,NONE,Garment Full body,186.75,1
Elderly,ACTIVE,Regularly,Socks & Tights,113.55,0
Young Adult,ACTIVE,NONE,Swimwear,186.75,1
Young Adult,ACTIVE,Regularly,Garment Lower body,105.18,3
Adult,ACTIVE,Regularly,Swimwear,88.45,0
Adult,ACTIVE,NONE,Garment Upper body,113.55,4
Young Adult,ACTIVE,NONE,Garment Upper body,322.7,1
Adult,PRE-CREATE,Regularly,Garment Upper body,134.46,2
Young Adult,ACTIVE,NONE,Garment Full body,186.75,1
Adult,ACTIVE,Regularly,Garment Upper body,239.04,0
Adult,ACTIVE,NONE,Garment Lower body,239.04,4
Young Adult,ACTIVE,NONE,Garment Lower body,184.34,1
Adult,ACTIVE,Regularly,Garment Upper body,186.75,0
Adult,ACTIVE,Regularly,Garment Full body,186.75,0
Young Adult,ACTIVE,NONE,Swimwear,239.04,1
Young Adult,ACTIVE,NONE,Garment Upper body,197.21,1
Young Adult,ACTIVE,NONE,Accessories,134.46,1
Adult,ACTIVE,Regularly,Garment Upper body,82.17,0
Adult,ACTIVE,Regularly,Garment Lower body,186.75,0
Young Adult,ACTIVE,Regularly,Garment Full body,186.75,3
Adult,ACTIVE,Regularly,Garment Lower body,343.61,0
Young Adult,PRE-CREATE,NONE,Garment Upper body,92.63,2
Teenager,PRE-CREATE,NONE,Garment Lower body,134.46,2
Young Adult,ACTIVE,NONE,Garment Upper body,71.72,1
Adult,ACTIVE,NONE,Garment Upper body,291.33,4
Young Adult,ACTIVE,NONE,Garment Full body,178.91,1
Adult,ACTIVE,NONE,Shoes,448.19,4
Elderly,ACTIVE,Regularly,Garment Lower body,343.61,0
Young Adult,ACTIVE,Regularly,Garment Lower body,152.24,3
Young Adult,ACTIVE,NONE,Garment Upper body,111.14,1
Young Adult,ACTIVE,NONE,Swimwear,134.46,1
Young Adult,PRE-CREATE,Regularly,Garment Lower body,239.04,2
Adult,ACTIVE,Regularly,Socks & Tights,82.17,0
Young Adult,ACTIVE,Regularly,Garment Lower body,180.48,3
Adult,ACTIVE,Regularly,Socks & Tights,61.26,0
Adult,ACTIVE,NONE,Garment Lower body,448.19,4
Elderly,ACTIVE,NONE,Swimwear,134.46,4
Young Adult,ACTIVE,NONE,Garment Lower body,218.12,1
Elderly,ACTIVE,NONE,Garment Full body,186.75,4
Young Adult,ACTIVE,Regularly,Garment Upper body,165.83,3
Young Adult,ACTIVE,Regularly,Garment Upper body,186.75,3
Young Adult,ACTIVE,Regularly,Garment Upper body,134.46,3
Young Adult,ACTIVE,NONE,Garment Lower body,239.04,1
Young Adult,ACTIVE,Regularly,Garment Lower body,552.77,3
Young Adult,ACTIVE,Regularly,Garment Upper body,280.87,3
Young Adult,ACTIVE,Regularly,Garment Full body,92.63,3
Young Adult,ACTIVE,Regularly,Garment Upper body,343.61,3
Adult,ACTIVE,NONE,Garment Lower body,83.22,4
Young Adult,ACTIVE,Regularly,Shoes,343.61,3
Young Adult,ACTIVE,Regularly,Garment Upper body,280.87,3
Adult,ACTIVE,NONE,Underwear,113.55,4
Adult,ACTIVE,NONE,Garment Full body,239.04,4
Young Adult,ACTIVE,Regularly,Garment Full body,343.61,3
Young Adult,ACTIVE,NONE,Garment Upper body,82.17,1
Young Adult,ACTIVE,NONE,Garment Full body,552.77,1
Young Adult,ACTIVE,Regularly,Garment Full body,343.61,3
Elderly,ACTIVE,NONE,Garment Full body,381.68,4
Young Adult,ACTIVE,Regularly,Garment Upper body,132.79,3
Young Adult,ACTIVE,NONE,Shoes,239.04,1
Adult,ACTIVE,Regularly,Garment Upper body,239.04,0
Young Adult,ACTIVE,Regularly,Garment Upper body,82.17,3
Young Adult,ACTIVE,NONE,Garment Upper body,165.83,1
Young Adult,ACTIVE,NONE,Garment Upper body,82.17,1
Adult,ACTIVE,NONE,Garment Full body,291.33,4
Young Adult,ACTIVE,NONE,Garment Upper body,291.33,1
Young Adult,ACTIVE,NONE,Garment Upper body,118.04,1
Young Adult,ACTIVE,NONE,Garment Lower body,343.61,1
Adult,ACTIVE,Regularly,Garment Lower body,134.46,0
Young Adult,ACTIVE,NONE,Garment Upper body,239.04,1
Adult,ACTIVE,NONE,Garment Lower body,552.77,4
Young Adult,ACTIVE,NONE,Socks & Tights,61.26,1
Young Adult,ACTIVE,Regularly,Swimwear,218.12,3
Elderly,ACTIVE,NONE,Garment Lower body,291.33,4
Adult,ACTIVE,NONE,Accessories,134.46,4
Young Adult,ACTIVE,NONE,Unknown,291.33,1
Young Adult,ACTIVE,NONE,Garment Full body,291.33,1
Adult,ACTIVE,NONE,Garment Lower body,186.75,4
Young Adult,ACTIVE,NONE,Garment Lower body,186.75,1
Elderly,ACTIVE,Regularly,Garment Upper body,92.63,0
Young Adult,ACTIVE,NONE,Garment Upper body,343.61,1
Young Adult,ACTIVE,NONE,Swimwear,134.46,1
Young Adult,ACTIVE,Regularly,Underwear,165.83,3
Adult,ACTIVE,NONE,Accessories,239.04,4
Young Adult,ACTIVE,Regularly,Garment Upper body,218.12,3
Adult,ACTIVE,Regularly,Garment Lower body,239.04,0
Elderly,ACTIVE,NONE,Garment Lower body,239.04,4
Young Adult,ACTIVE,NONE,Shoes,265.18,1
Young Adult,ACTIVE,NONE,Garment Upper body,113.55,1
Young Adult,ACTIVE,Regularly,Garment Upper body,291.33,3
Young Adult,ACTIVE,Regularly,Garment Upper body,113.55,3
Young Adult,ACTIVE,NONE,Socks & Tights,103.09,1
Young Adult,ACTIVE,NONE,Garment Lower body,232.35,1
Young Adult,ACTIVE,NONE,Garment Lower body,239.04,1
Elderly,PRE-CREATE,NONE,Underwear,186.75,2
Young Adult,ACTIVE,NONE,Garment Upper body,239.04,1
Adult,ACTIVE,Regularly,Garment Upper body,124,0
Young Adult,ACTIVE,Regularly,Garment Lower body,71.72,3
Young Adult,ACTIVE,NONE,Garment Upper body,291.33,1
Elderly,ACTIVE,Regularly,Garment Full body,343.61,0
Young Adult,ACTIVE,Regularly,Swimwear,134.46,3
Young Adult,ACTIVE,NONE,Garment Full body,218.12,1
Young Adult,ACTIVE,NONE,Garment Full body,448.19,1
Young Adult,ACTIVE,NONE,Garment Upper body,162.59,1
Adult,ACTIVE,Regularly,Underwear,115.43,0
Young Adult,ACTIVE,NONE,Garment Upper body,239.04,1
Elderly,ACTIVE,NONE,Garment Lower body,552.77,4
Elderly,ACTIVE,NONE,Garment Upper body,82.17,4
Young Adult,ACTIVE,Regularly,Garment Upper body,113.55,3
Young Adult,ACTIVE,Regularly,Garment Upper body,239.04,3
Adult,ACTIVE,Regularly,Garment Upper body,225.13,0
Adult,ACTIVE,NONE,Garment Lower body,134.46,4
Young Adult,ACTIVE,NONE,Swimwear,291.33,1
Elderly,ACTIVE,NONE,Swimwear,61.26,4
Adult,ACTIVE,NONE,Shoes,291.33,4
Elderly,ACTIVE,Regularly,Garment Upper body,343.61,0
Teenager,ACTIVE,Regularly,Accessories,82.17,0
Elderly,ACTIVE,Regularly,Garment Full body,333.58,0
Young Adult,ACTIVE,NONE,Accessories,71.72,1
Young Adult,ACTIVE,NONE,Garment Lower body,395.9,1
Young Adult,ACTIVE,Regularly,Swimwear,82.17,3
Young Adult,ACTIVE,NONE,Garment Lower body,343.61,1
Adult,ACTIVE,NONE,Garment Upper body,406.36,4
Adult,ACTIVE,NONE,Garment Full body,312.24,4
Young Adult,ACTIVE,NONE,Garment Full body,239.04,1
Young Adult,ACTIVE,Regularly,Garment Lower body,225.97,3
Young Adult,ACTIVE,NONE,Garment Upper body,239.04,1
Young Adult,ACTIVE,NONE,Garment Upper body,134.46,1
Young Adult,ACTIVE,Regularly,Underwear,200.66,3
Elderly,ACTIVE,Regularly,Garment Full body,552.77,0
Young Adult,ACTIVE,NONE,Socks & Tights,111.56,1
Young Adult,ACTIVE,Regularly,Garment Full body,239.04,3
Adult,ACTIVE,Regularly,Garment Upper body,134.46,0
Young Adult,ACTIVE,Regularly,Accessories,113.55,3
Adult,ACTIVE,Regularly,Garment Lower body,124,0
Young Adult,ACTIVE,NONE,Swimwear,189.89,1
Young Adult,ACTIVE,NONE,Garment Full body,197.21,1
Elderly,ACTIVE,NONE,Garment Lower body,239.04,4
Elderly,ACTIVE,Regularly,Garment Full body,103.09,0
Young Adult,ACTIVE,Regularly,Garment Upper body,134.46,3
Young Adult,ACTIVE,NONE,Garment Upper body,343.61,1
Adult,ACTIVE,NONE,Garment Upper body,134.46,4
Adult,ACTIVE,Regularly,Underwear,134.46,0
Young Adult,ACTIVE,NONE,Garment Upper body,448.19,1
Elderly,ACTIVE,Regularly,Garment Lower body,113.55,0
Young Adult,ACTIVE,NONE,Garment Lower body,134.46,1
Adult,ACTIVE,NONE,Accessories,131.64,4
Adult,PRE-CREATE,NONE,Shoes,291.33,2
Young Adult,ACTIVE,Regularly,Garment Full body,230.99,3
Young Adult,ACTIVE,Regularly,Underwear,122.85,3
Young Adult,ACTIVE,NONE,Garment Upper body,124,1
Young Adult,ACTIVE,Regularly,Garment Lower body,165.83,3
Young Adult,ACTIVE,Regularly,Garment Full body,144.92,3
Adult,ACTIVE,NONE,Swimwear,97.65,4
Elderly,ACTIVE,NONE,Underwear,134.46,4
Young Adult,ACTIVE,Regularly,Garment Upper body,74.33,3
Young Adult,ACTIVE,NONE,Garment Lower body,197.21,1
Elderly,ACTIVE,Regularly,Garment Full body,291.33,0
Young Adult,ACTIVE,Regularly,Garment Upper body,92.63,3
Adult,ACTIVE,NONE,Garment Upper body,180.48,4
Young Adult,ACTIVE,NONE,Garment Upper body,100.16,1
Elderly,ACTIVE,Regularly,Accessories,92.63,0
Young Adult,ACTIVE,Regularly,Garment Full body,155.38,3
Adult,ACTIVE,Regularly,Garment Upper body,500.48,0
Young Adult,ACTIVE,Regularly,Garment Upper body,239.04,3
Young Adult,ACTIVE,NONE,Accessories,127.14,1
Adult,ACTIVE,NONE,Garment Full body,186.75,4
Adult,ACTIVE,NONE,Garment Full body,134.46,4
Young Adult,ACTIVE,NONE,Garment Upper body,296.56,1
Young Adult,ACTIVE,NONE,Garment Upper body,153.7,1
Young Adult,ACTIVE,NONE,Shoes,280.87,1
Adult,ACTIVE,NONE,Garment Lower body,332.22,4
Adult,ACTIVE,NONE,Swimwear,129.13,4
Young Adult,ACTIVE,NONE,Garment Lower body,239.04,1
Young Adult,ACTIVE,NONE,Garment Upper body,239.04,1
Adult,ACTIVE,NONE,Garment Lower body,218.12,4
Young Adult,ACTIVE,Regularly,Garment Upper body,281.29,3
Young Adult,ACTIVE,NONE,Nightwear,103.09,1
Young Adult,ACTIVE,NONE,Garment Full body,343.61,1
Young Adult,ACTIVE,NONE,Garment Lower body,134.46,1
Adult,ACTIVE,Regularly,Socks & Tights,113.55,0
Young Adult,ACTIVE,Regularly,Accessories,113.55,3
Adult,ACTIVE,Regularly,Garment Upper body,113.55,0
Adult,ACTIVE,NONE,Underwear,343.61,4
Elderly,ACTIVE,NONE,Underwear,165.83,4
Young Adult,ACTIVE,Regularly,Garment Upper body,134.46,3
Elderly,ACTIVE,Regularly,Garment Full body,322.7,0
Young Adult,ACTIVE,NONE,Garment Full body,197.21,1
Young Adult,ACTIVE,NONE,Garment Upper body,82.17,1
Adult,ACTIVE,Regularly,Swimwear,134.46,0
Adult,ACTIVE,Regularly,Garment Upper body,108.32,0
Young Adult,ACTIVE,NONE,Garment Lower body,197.21,1
Elderly,ACTIVE,NONE,Garment Upper body,186.75,4
Elderly,ACTIVE,Regularly,Garment Upper body,144.92,0
Young Adult,ACTIVE,NONE,Garment Lower body,134.46,1
Young Adult,ACTIVE,NONE,Garment Lower body,552.77,1
Elderly,ACTIVE,Regularly,Swimwear,218.12,0
Young Adult,ACTIVE,NONE,Garment Lower body,134.46,1
Adult,ACTIVE,NONE,Garment Upper body,130.38,4
Young Adult,ACTIVE,NONE,Socks & Tights,134.46,1
Young Adult,ACTIVE,NONE,Garment Full body,296.56,1
Adult,ACTIVE,Regularly,Socks & Tights,46.72,0
Young Adult,ACTIVE,Regularly,Socks & Tights,108.32,3
Young Adult,ACTIVE,NONE,Garment Upper body,126.83,1
Young Adult,ACTIVE,Regularly,Garment Upper body,67.53,3
Adult,ACTIVE,NONE,Garment Upper body,239.04,4
Elderly,ACTIVE,Regularly,Garment Upper body,448.19,0
Adult,ACTIVE,Regularly,Garment Upper body,218.12,0
Young Adult,ACTIVE,NONE,Socks & Tights,113.55,1
Young Adult,ACTIVE,NONE,Garment Upper body,165.83,1
Adult,ACTIVE,Regularly,Garment Full body,165.42,0
Young Adult,ACTIVE,NONE,Garment Upper body,144.92,1
Young Adult,ACTIVE,NONE,Garment Upper body,448.19,1
Young Adult,ACTIVE,NONE,Garment Lower body,312.24,1
Young Adult,ACTIVE,NONE,Garment Upper body,111.04,1
Young Adult,ACTIVE,Regularly,Accessories,61.26,3
Young Adult,ACTIVE,NONE,Garment Upper body,46.62,1
Young Adult,ACTIVE,NONE,Garment Upper body,218.12,1
Young Adult,ACTIVE,Regularly,Garment Upper body,359.3,3
Teenager,ACTIVE,NONE,Garment Lower body,239.04,0
Young Adult,ACTIVE,Regularly,Garment Lower body,291.33,3
Elderly,ACTIVE,Regularly,Garment Upper body,239.04,0
Adult,ACTIVE,Regularly,Garment Upper body,134.46,0
Young Adult,ACTIVE,NONE,Underwear,239.04,1
Adult,ACTIVE,NONE,Garment Upper body,165.83,4
Adult,ACTIVE,Regularly,Garment Lower body,343.61,0
Young Adult,ACTIVE,NONE,Garment Full body,171.06,1
Elderly,PRE-CREATE,NONE,Garment Lower body,218.12,2
Young Adult,ACTIVE,NONE,Garment Upper body,218.12,1
Young Adult,PRE-CREATE,NONE,Accessories,82.17,2
Adult,ACTIVE,NONE,Garment Lower body,218.12,4
Adult,ACTIVE,NONE,Garment Upper body,74.43,4
Young Adult,ACTIVE,NONE,Garment Upper body,239.04,1
Young Adult,ACTIVE,NONE,Underwear,152.24,1
Elderly,ACTIVE,NONE,Garment Upper body,186.75,4
Young Adult,ACTIVE,Regularly,Garment Upper body,119.82,3
Young Adult,ACTIVE,NONE,Garment Upper body,82.17,1
Young Adult,ACTIVE,Regularly,Garment Upper body,291.33,3
Young Adult,ACTIVE,Regularly,Underwear,134.46,3
Teenager,ACTIVE,Regularly,Swimwear,147.53,0
Young Adult,ACTIVE,NONE,Accessories,50.8,1
Adult,ACTIVE,Regularly,Garment Lower body,239.04,0
Young Adult,ACTIVE,NONE,Accessories,36.16,1
Elderly,ACTIVE,NONE,Garment Upper body,239.04,4
Young Adult,ACTIVE,NONE,Garment Lower body,82.17,1
Young Adult,ACTIVE,Regularly,Garment Upper body,82.17,3
Young Adult,ACTIVE,Regularly,Accessories,165.83,3
Young Adult,ACTIVE,Regularly,Accessories,113.55,3
Young Adult,ACTIVE,NONE,Garment Upper body,82.17,1
Adult,ACTIVE,NONE,Garment Lower body,134.46,4
Adult,ACTIVE,NONE,Garment Upper body,106.54,4
Young Adult,ACTIVE,Regularly,Garment Lower body,155.38,3
Young Adult,ACTIVE,NONE,Garment Lower body,133.31,1
Young Adult,ACTIVE,NONE,Garment Lower body,105.18,1
Young Adult,ACTIVE,NONE,Garment Full body,218.12,1
Elderly,ACTIVE,NONE,Garment Full body,186.75,4
Adult,ACTIVE,Regularly,Accessories,82.17,0
Young Adult,ACTIVE,NONE,Garment Upper body,74.12,1
Young Adult,ACTIVE,NONE,Garment Upper body,395.9,1
Adult,ACTIVE,Regularly,Socks & Tights,82.17,0
Young Adult,ACTIVE,Regularly,Garment Lower body,246.36,3
Young Adult,ACTIVE,Regularly,Garment Full body,186.75,3
Young Adult,ACTIVE,Regularly,Garment Full body,274.59,3
Elderly,ACTIVE,Regularly,Garment Full body,343.61,0
Young Adult,ACTIVE,Regularly,Garment Lower body,289.55,3
Young Adult,ACTIVE,NONE,Garment Lower body,155.38,1
Young Adult,ACTIVE,Regularly,Garment Upper body,113.55,3
Adult,ACTIVE,NONE,Swimwear,134.46,4
Adult,ACTIVE,NONE,Garment Upper body,105.29,4
Young Adult,ACTIVE,Regularly,Garment Upper body,113.55,3
Adult,ACTIVE,NONE,Garment Lower body,197.21,4
Elderly,ACTIVE,Regularly,Garment Upper body,124,0
Elderly,ACTIVE,Regularly,Garment Lower body,291.33,0
Young Adult,ACTIVE,NONE,Underwear,186.75,1
Elderly,ACTIVE,Regularly,Garment Lower body,239.04,0
Adult,ACTIVE,Regularly,Swimwear,186.75,0
Adult,ACTIVE,NONE,Garment Upper body,50.8,4
Young Adult,ACTIVE,Regularly,Underwear,252.11,3
Young Adult,ACTIVE,NONE,Garment Upper body,134.46,1
Adult,ACTIVE,NONE,Garment Full body,239.04,4
Elderly,ACTIVE,Regularly,Garment Upper body,186.75,0
Young Adult,ACTIVE,Regularly,Garment Full body,343.61,3
Elderly,ACTIVE,Regularly,Garment Upper body,92.63,0
Adult,ACTIVE,NONE,Garment Upper body,239.04,4
Young Adult,ACTIVE,Regularly,Garment Upper body,332.95,3
Young Adult,ACTIVE,NONE,Garment Upper body,186.75,1
Young Adult,ACTIVE,Regularly,Garment Full body,165.83,3
Young Adult,ACTIVE,NONE,Accessories,103.09,1
Young Adult,ACTIVE,NONE,Garment Lower body,165.83,1
Adult,ACTIVE,NONE,Garment Lower body,113.55,4
Elderly,ACTIVE,Regularly,Garment Lower body,395.9,0
Elderly,ACTIVE,Regularly,Underwear,186.75,0
Adult,ACTIVE,Regularly,Garment Upper body,239.04,0
Adult,ACTIVE,NONE,Garment Lower body,246.36,4
Young Adult,ACTIVE,Regularly,Garment Full body,197.21,3
Young Adult,ACTIVE,Regularly,Garment Lower body,291.33,3
Adult,ACTIVE,Regularly,Garment Lower body,448.19,0
Adult,ACTIVE,NONE,Garment Lower body,343.61,4
Young Adult,ACTIVE,NONE,Garment Full body,343.61,1
Young Adult,ACTIVE,NONE,Garment Upper body,82.17,1
Adult,ACTIVE,NONE,Garment Lower body,239.04,4
Young Adult,ACTIVE,NONE,Garment Full body,391.3,1
Adult,ACTIVE,Regularly,Garment Full body,171.06,0
Elderly,ACTIVE,Regularly,Swimwear,186.75,0
Young Adult,ACTIVE,NONE,Garment Upper body,291.33,1
Young Adult,ACTIVE,NONE,Swimwear,186.75,1
Young Adult,ACTIVE,Regularly,Swimwear,124,3
Young Adult,ACTIVE,Regularly,Garment Lower body,165.83,3
Adult,ACTIVE,NONE,Swimwear,134.46,4
Young Adult,ACTIVE,NONE,Accessories,113.55,1
Young Adult,ACTIVE,Regularly,Garment Upper body,552.77,3
Young Adult,ACTIVE,Regularly,Garment Full body,138.64,3
Adult,ACTIVE,NONE,Garment Full body,186.75,4
Young Adult,ACTIVE,NONE,Garment Upper body,364.53,1
Young Adult,ACTIVE,Regularly,Garment Upper body,448.19,3
Adult,ACTIVE,NONE,Garment Upper body,222.31,4
Young Adult,ACTIVE,NONE,Garment Full body,134.46,1
Young Adult,ACTIVE,NONE,Garment Upper body,186.85,1
Elderly,ACTIVE,Regularly,Garment Lower body,207.67,0
Adult,PRE-CREATE,Regularly,Garment Lower body,134.46,2
Adult,ACTIVE,Regularly,Garment Full body,186.75,0
Young Adult,ACTIVE,Regularly,Swimwear,218.12,3
Young Adult,ACTIVE,NONE,Garment Lower body,124,1
Young Adult,ACTIVE,NONE,Swimwear,186.75,1
Young Adult,ACTIVE,NONE,Accessories,147.53,1
Young Adult,ACTIVE,NONE,Swimwear,134.46,1
Adult,ACTIVE,NONE,Garment Full body,134.46,4
Young Adult,ACTIVE,Regularly,Garment Upper body,239.04,3
Adult,ACTIVE,NONE,Accessories,113.55,4
Adult,ACTIVE,Regularly,Garment Lower body,124,0
Young Adult,ACTIVE,NONE,Garment Upper body,97.96,1
Young Adult,ACTIVE,Regularly,Underwear,186.75,3
Adult,ACTIVE,NONE,Garment Lower body,186.75,4
Young Adult,ACTIVE,NONE,Garment Upper body,103.09,1
Elderly,ACTIVE,Regularly,Garment Full body,239.04,0
Young Adult,ACTIVE,Regularly,Garment Upper body,186.75,3
Young Adult,ACTIVE,NONE,Garment Upper body,186.75,1
Elderly,ACTIVE,NONE,Garment Lower body,552.77,4
Young Adult,ACTIVE,NONE,Garment Upper body,134.46,1
Young Adult,ACTIVE,NONE,Garment Upper body,265.18,1
Young Adult,ACTIVE,NONE,Swimwear,218.12,1
Young Adult,ACTIVE,NONE,Garment Upper body,92.63,1
Young Adult,ACTIVE,Regularly,Garment Upper body,113.55,3
Adult,ACTIVE,NONE,Garment Full body,239.04,4
Adult,ACTIVE,NONE,Underwear,165.83,4
Young Adult,ACTIVE,Regularly,Garment Lower body,239.04,3
Young Adult,ACTIVE,NONE,Underwear,239.04,1
Adult,ACTIVE,Regularly,Garment Upper body,113.55,0
Adult,ACTIVE,Regularly,Garment Lower body,197.21,0
Adult,ACTIVE,Regularly,Garment Full body,171.06,0
Young Adult,ACTIVE,Regularly,Garment Full body,249.5,3
Elderly,ACTIVE,NONE,Underwear,92.63,4
Elderly,ACTIVE,NONE,Garment Upper body,179.33,4
Young Adult,ACTIVE,NONE,Garment Lower body,312.24,1
Young Adult,ACTIVE,Regularly,Swimwear,134.46,3
Young Adult,ACTIVE,NONE,Garment Upper body,50.8,1
Adult,ACTIVE,Regularly,Garment Full body,280.87,0
Elderly,ACTIVE,Regularly,Nightwear,343.61,0
Elderly,ACTIVE,Regularly,Garment Lower body,186.75,0
Elderly,ACTIVE,Regularly,Garment Lower body,343.61,0
Adult,ACTIVE,Regularly,Garment Lower body,239.04,0
Young Adult,ACTIVE,NONE,Garment Lower body,213,1
Young Adult,ACTIVE,Regularly,Garment Upper body,82.17,3
Young Adult,ACTIVE,NONE,Garment Lower body,291.33,1
Adult,ACTIVE,NONE,Garment Lower body,275.43,4
Young Adult,ACTIVE,NONE,Accessories,134.46,1
Young Adult,ACTIVE,NONE,Garment Upper body,366.62,1
Elderly,ACTIVE,Regularly,Garment Upper body,113.55,0
Young Adult,ACTIVE,Regularly,Garment Full body,197.21,3
Young Adult,ACTIVE,Regularly,Garment Lower body,186.75,3
Young Adult,ACTIVE,NONE,Swimwear,134.46,1
Young Adult,ACTIVE,NONE,Garment Lower body,124,1
Young Adult,ACTIVE,Regularly,Accessories,67.53,3
Adult,ACTIVE,NONE,Garment Upper body,368.71,4
Young Adult,ACTIVE,NONE,Garment Full body,395.9,1
Young Adult,ACTIVE,NONE,Garment Lower body,186.75,1
Young Adult,ACTIVE,Regularly,Garment Upper body,165.83,3
Young Adult,ACTIVE,NONE,Garment Upper body,155.38,1
Young Adult,ACTIVE,Regularly,Garment Lower body,113.65,3
Young Adult,ACTIVE,NONE,Underwear,165.83,1
Adult,ACTIVE,NONE,Garment Full body,291.33,4
Adult,ACTIVE,Regularly,Garment Lower body,343.61,0
Adult,ACTIVE,NONE,Garment Upper body,239.04,4
Young Adult,ACTIVE,Regularly,Swimwear,142.83,3
Young Adult,ACTIVE,NONE,Socks & Tights,96.81,1
Young Adult,ACTIVE,Regularly,Underwear,134.46,3
Young Adult,ACTIVE,NONE,Garment Lower body,92.63,1
Young Adult,ACTIVE,NONE,Garment Upper body,334.62,1
Elderly,ACTIVE,Regularly,Underwear,128.71,0
Young Adult,ACTIVE,Regularly,Garment Full body,395.9,3
Elderly,ACTIVE,Regularly,Garment Lower body,239.04,0
Adult,ACTIVE,NONE,Garment Upper body,239.04,4
Young Adult,ACTIVE,NONE,Underwear,113.55,1
Adult,ACTIVE,Regularly,Garment Lower body,343.61,0
Young Adult,ACTIVE,NONE,Garment Upper body,218.12,1
Adult,ACTIVE,NONE,Garment Full body,144.92,4
Young Adult,ACTIVE,Regularly,Garment Upper body,322.7,3
Young Adult,ACTIVE,NONE,Garment Full body,134.46,1
Adult,ACTIVE,Regularly,Underwear,113.55,0
Young Adult,ACTIVE,NONE,Garment Upper body,199.3,1
Young Adult,ACTIVE,Regularly,Garment Upper body,343.61,3
Young Adult,ACTIVE,NONE,Garment Lower body,291.33,1
Young Adult,ACTIVE,NONE,Garment Upper body,291.33,1
Young Adult,ACTIVE,NONE,Shoes,186.75,1
Adult,ACTIVE,Regularly,Garment Upper body,186.75,0
Young Adult,ACTIVE,Regularly,Garment Full body,186.75,3
Young Adult,ACTIVE,Regularly,Swimwear,218.12,3
Young Adult,ACTIVE,NONE,Garment Full body,197.21,1
Young Adult,ACTIVE,NONE,Garment Lower body,113.55,1
Adult,ACTIVE,Regularly,Garment Lower body,239.04,0
Young Adult,ACTIVE,NONE,Garment Upper body,152.24,1
Adult,ACTIVE,Regularly,Garment Lower body,218.12,0
Young Adult,ACTIVE,Regularly,Garment Upper body,82.17,3
Young Adult,ACTIVE,NONE,Garment Lower body,207.46,1
Young Adult,ACTIVE,Regularly,Garment Upper body,239.04,3
Young Adult,ACTIVE,Regularly,Garment Upper body,82.17,3
Young Adult,ACTIVE,NONE,Garment Lower body,239.04,1
Adult,PRE-CREATE,NONE,Underwear,134.46,2
Adult,ACTIVE,NONE,Garment Upper body,165.73,4
Young Adult,ACTIVE,NONE,Socks & Tights,113.55,1
Young Adult,ACTIVE,NONE,Swimwear,134.46,1
Young Adult,ACTIVE,Regularly,Garment Lower body,186.75,3
Adult,ACTIVE,Regularly,Nightwear,239.04,0
Young Adult,ACTIVE,Regularly,Underwear,82.17,3
Young Adult,ACTIVE,NONE,Garment Full body,296.56,1
Young Adult,ACTIVE,NONE,Garment Lower body,113.55,1
Adult,ACTIVE,NONE,Garment Upper body,113.55,4
Young Adult,ACTIVE,Regularly,Garment Upper body,368.71,3
Adult,ACTIVE,Regularly,Garment Upper body,108.32,0
Adult,ACTIVE,NONE,Garment Lower body,296.56,4
Young Adult,ACTIVE,NONE,Socks & Tights,103.09,1
Adult,ACTIVE,Regularly,Swimwear,176.29,0
Young Adult,ACTIVE,NONE,Garment Lower body,134.46,1
Young Adult,ACTIVE,NONE,Garment Upper body,113.55,1
Young Adult,ACTIVE,NONE,Garment Upper body,113.55,1
Young Adult,ACTIVE,Regularly,Garment Upper body,239.04,3
Young Adult,ACTIVE,NONE,Garment Upper body,71.72,1
Young Adult,ACTIVE,NONE,Unknown,186.75,1
Adult,ACTIVE,NONE,Garment Upper body,448.19,4
Young Adult,ACTIVE,NONE,Garment Upper body,657.34,1
Young Adult,ACTIVE,NONE,Garment Full body,338.18,1
Adult,ACTIVE,Regularly,Accessories,61.26,0
Young Adult,ACTIVE,NONE,Garment Lower body,207.67,1
Young Adult,ACTIVE,NONE,Garment Lower body,186.75,1
Young Adult,ACTIVE,NONE,Garment Upper body,563.23,1
Adult,ACTIVE,Regularly,Garment Upper body,134.46,0
Adult,ACTIVE,NONE,Garment Lower body,448.19,4
Young Adult,ACTIVE,Regularly,Garment Upper body,342.99,3
Young Adult,ACTIVE,NONE,Garment Lower body,134.46,1
Young Adult,ACTIVE,NONE,Swimwear,134.46,1
Adult,ACTIVE,Regularly,Garment Upper body,186.75,0
Young Adult,ACTIVE,NONE,Shoes,615.51,1
Young Adult,ACTIVE,NONE,Garment Upper body,61.26,1
Adult,ACTIVE,Regularly,Garment Lower body,291.33,0
Adult,ACTIVE,Regularly,Garment Lower body,134.46,0
Young Adult,ACTIVE,NONE,Garment Lower body,103.09,1
Young Adult,ACTIVE,NONE,Underwear,186.75,1
Teenager,ACTIVE,NONE,Underwear,207.77,0
Young Adult,ACTIVE,Regularly,Underwear,220.63,3
Adult,ACTIVE,NONE,Underwear,113.55,4
Adult,ACTIVE,Regularly,Garment Lower body,158.83,0
Elderly,ACTIVE,NONE,Garment Upper body,239.04,4
Young Adult,ACTIVE,Regularly,Garment Upper body,152.24,3
Adult,ACTIVE,NONE,Garment Full body,385.45,4
Adult,ACTIVE,NONE,Garment Lower body,134.46,4
Adult,ACTIVE,NONE,Accessories,92.63,4
Young Adult,ACTIVE,NONE,Garment Lower body,239.04,1
Young Adult,ACTIVE,Regularly,Underwear,106.12,3
Young Adult,ACTIVE,NONE,Garment Upper body,186.75,1
Young Adult,ACTIVE,Regularly,Underwear,97.65,3
Adult,ACTIVE,NONE,Garment Upper body,239.04,4
Young Adult,ACTIVE,NONE,Garment Full body,280.87,1
Adult,ACTIVE,Regularly,Garment Lower body,239.04,0
Adult,PRE-CREATE,NONE,Garment Full body,134.46,2
Young Adult,ACTIVE,NONE,Garment Full body,280.87,1
Young Adult,ACTIVE,Regularly,Shoes,175.66,3
Young Adult,ACTIVE,NONE,Garment Upper body,186.75,1
Adult,ACTIVE,NONE,Garment Upper body,395.9,4
Adult,ACTIVE,NONE,Garment Full body,230.67,4
Young Adult,ACTIVE,NONE,Garment Full body,312.24,1
Young Adult,ACTIVE,Monthly,Garment Upper body,82.17,3
Young Adult,ACTIVE,NONE,Garment Upper body,155.38,1
Young Adult,ACTIVE,Regularly,Garment Upper body,395.9,3
Elderly,PRE-CREATE,NONE,Garment Upper body,186.75,2
Young Adult,ACTIVE,NONE,Garment Upper body,50.8,1
Adult,ACTIVE,NONE,Swimwear,186.75,4
Young Adult,ACTIVE,NONE,Garment Upper body,101.83,1
Young Adult,PRE-CREATE,NONE,Accessories,80.08,2
Adult,ACTIVE,NONE,Garment Upper body,134.46,4
Young Adult,ACTIVE,NONE,Garment Upper body,71.72,1
Young Adult,ACTIVE,Regularly,Garment Upper body,291.33,3
Young Adult,ACTIVE,Regularly,Swimwear,180.48,3
Young Adult,ACTIVE,Regularly,Garment Upper body,134.46,3
Young Adult,ACTIVE,NONE,Garment Full body,343.61,1
Young Adult,ACTIVE,Regularly,Garment Lower body,239.04,3
Young Adult,ACTIVE,Regularly,Garment Full body,343.61,3
Young Adult,ACTIVE,Regularly,Shoes,113.55,3
Young Adult,ACTIVE,NONE,Garment Full body,189.89,1
Young Adult,ACTIVE,NONE,Garment Upper body,186.75,1
Young Adult,ACTIVE,NONE,Garment Upper body,280.87,1
Adult,ACTIVE,NONE,Garment Full body,291.33,4
Young Adult,ACTIVE,NONE,Garment Lower body,552.77,1
Young Adult,ACTIVE,Regularly,Garment Lower body,213.73,3
Adult,ACTIVE,Regularly,Garment Upper body,615.62,0
Young Adult,ACTIVE,Regularly,Accessories,118.78,3
Adult,ACTIVE,NONE,Garment Upper body,175.66,4
Young Adult,ACTIVE,NONE,Swimwear,82.17,1
Young Adult,ACTIVE,NONE,Garment Full body,186.75,1
Young Adult,ACTIVE,NONE,Garment Full body,134.46,1
Adult,ACTIVE,Regularly,Swimwear,131.85,0
Young Adult,ACTIVE,NONE,Accessories,96.81,1
Young Adult,ACTIVE,NONE,Garment Upper body,113.55,1
Young Adult,ACTIVE,Regularly,Garment Lower body,124,3
Young Adult,ACTIVE,NONE,Accessories,71.72,1
Adult,ACTIVE,Regularly,Garment Full body,510.94,0
Adult,ACTIVE,NONE,Garment Lower body,343.61,4
Adult,ACTIVE,Regularly,Garment Upper body,171.06,0
Adult,ACTIVE,Regularly,Garment Upper body,259.95,0
Young Adult,ACTIVE,NONE,Garment Upper body,134.46,1
Adult,ACTIVE,Regularly,Garment Upper body,291.33,0
Adult,ACTIVE,Regularly,Garment Lower body,155.38,0
Adult,ACTIVE,NONE,Swimwear,186.75,4
Adult,ACTIVE,Regularly,Garment Lower body,126.1,0
Young Adult,ACTIVE,Regularly,Accessories,113.55,3
Elderly,ACTIVE,Regularly,Garment Lower body,239.04,0
Young Adult,ACTIVE,NONE,Garment Lower body,186.75,1
Elderly,ACTIVE,NONE,Garment Upper body,218.12,4
Young Adult,ACTIVE,NONE,Garment Upper body,140,1
Young Adult,ACTIVE,NONE,Underwear,134.46,1
Young Adult,ACTIVE,Regularly,Swimwear,186.75,3
Adult,ACTIVE,NONE,Garment Lower body,239.04,4
Adult,ACTIVE,Regularly,Garment Upper body,165.83,0
Young Adult,ACTIVE,NONE,Underwear,145.34,1
Young Adult,ACTIVE,NONE,Garment Upper body,395.9,1
Adult,ACTIVE,Regularly,Garment Full body,343.61,0
Young Adult,ACTIVE,Regularly,Garment Upper body,343.61,3
Adult,ACTIVE,NONE,Garment Upper body,126.62,4
Adult,ACTIVE,NONE,Garment Upper body,299.69,4
Young Adult,ACTIVE,NONE,Socks & Tights,113.55,1
Young Adult,ACTIVE,NONE,Garment Full body,239.04,1
Adult,ACTIVE,Regularly,Garment Lower body,343.61,0
Young Adult,ACTIVE,NONE,Swimwear,134.46,1
Adult,ACTIVE,Regularly,Underwear,186.75,0
Young Adult,ACTIVE,NONE,Garment Upper body,95.77,1
Young Adult,ACTIVE,Regularly,Garment Upper body,197.21,3
Young Adult,ACTIVE,Regularly,Swimwear,186.75,3
Young Adult,ACTIVE,Regularly,Garment Lower body,165.83,3
Adult,ACTIVE,NONE,Swimwear,165.83,4
Young Adult,ACTIVE,NONE,Swimwear,343.61,1
Young Adult,ACTIVE,Regularly,Accessories,92.63,3
Young Adult,ACTIVE,Regularly,Garment Upper body,134.46,3
Young Adult,ACTIVE,NONE,Socks & Tights,113.55,1
Adult,ACTIVE,Regularly,Garment Upper body,134.46,0
Young Adult,ACTIVE,NONE,Garment Full body,443.17,1
Young Adult,ACTIVE,Regularly,Swimwear,134.46,3
Young Adult,ACTIVE,Regularly,Swimwear,155.38,3
Young Adult,ACTIVE,NONE,Garment Full body,263.4,1
Adult,ACTIVE,NONE,Garment Upper body,239.04,4
Young Adult,ACTIVE,NONE,Underwear,218.12,1
Adult,ACTIVE,Regularly,Garment Upper body,761.92,0
Young Adult,ACTIVE,Regularly,Garment Upper body,239.04,3
Elderly,ACTIVE,NONE,Garment Upper body,82.17,4
Elderly,ACTIVE,Regularly,Garment Upper body,113.55,0
Young Adult,ACTIVE,NONE,Garment Lower body,134.46,1
Elderly,ACTIVE,Regularly,Swimwear,103.09,0
Adult,ACTIVE,Regularly,Garment Lower body,239.04,0
Young Adult,ACTIVE,NONE,Garment Upper body,92.63,1
Young Adult,ACTIVE,NONE,Garment Lower body,134.46,1
Adult,ACTIVE,Regularly,Garment Lower body,239.04,0
Adult,ACTIVE,Regularly,Garment Upper body,239.04,0
Adult,ACTIVE,NONE,Underwear,186.75,4
Adult,ACTIVE,Regularly,Garment Lower body,165.83,0
Young Adult,ACTIVE,NONE,Garment Upper body,312.24,1
Young Adult,ACTIVE,NONE,Shoes,364.53,1
Adult,ACTIVE,Regularly,Garment Lower body,239.04,0
Young Adult,ACTIVE,NONE,Garment Upper body,113.65,1
Young Adult,ACTIVE,NONE,Swimwear,165.83,1
Young Adult,ACTIVE,Regularly,Socks & Tights,134.46,3
Adult,ACTIVE,NONE,Garment Upper body,99.53,4
Elderly,ACTIVE,NONE,Garment Upper body,134.46,4
Young Adult,ACTIVE,NONE,Garment Upper body,186.75,1
Young Adult,ACTIVE,NONE,Garment Upper body,82.17,1
Adult,ACTIVE,NONE,Socks & Tights,134.46,4
Adult,ACTIVE,NONE,Underwear,113.55,4
Adult,ACTIVE,Regularly,Garment Upper body,186.75,0
Adult,ACTIVE,Regularly,Garment Upper body,124,0
Young Adult,ACTIVE,Regularly,Garment Upper body,82.17,3
Adult,ACTIVE,Regularly,Garment Upper body,134.46,0
Young Adult,ACTIVE,Regularly,Garment Lower body,134.46,3
Adult,ACTIVE,Regularly,Garment Upper body,61.26,0
Adult,ACTIVE,Regularly,Socks & Tights,71.72,0
Elderly,ACTIVE,Regularly,Garment Lower body,105.39,0
Young Adult,ACTIVE,NONE,Underwear,103.09,1
Elderly,ACTIVE,Regularly,Garment Lower body,186.75,0
Adult,ACTIVE,NONE,Swimwear,280.87,4
Young Adult,ACTIVE,NONE,Garment Upper body,239.04,1
Young Adult,ACTIVE,Regularly,Garment Upper body,186.75,3
Young Adult,ACTIVE,NONE,Swimwear,113.55,1
Young Adult,ACTIVE,NONE,Garment Upper body,96.61,1
Young Adult,ACTIVE,Regularly,Garment Upper body,92.63,3
Elderly,ACTIVE,Regularly,Garment Lower body,239.04,0
Young Adult,ACTIVE,NONE,Garment Upper body,134.46,1
Young Adult,ACTIVE,Regularly,Garment Lower body,291.33,3
Adult,ACTIVE,Regularly,Garment Upper body,186.75,0
Adult,ACTIVE,NONE,Garment Upper body,134.46,4
Young Adult,ACTIVE,Regularly,Garment Full body,172.11,3
Young Adult,ACTIVE,NONE,Accessories,165.83,1
Young Adult,ACTIVE,NONE,Garment Upper body,364.53,1
Young Adult,ACTIVE,NONE,Garment Lower body,211.01,1
Young Adult,ACTIVE,Regularly,Garment Lower body,145.44,3
Young Adult,ACTIVE,NONE,Swimwear,218.12,1
Adult,ACTIVE,Regularly,Underwear,186.75,0
Young Adult,ACTIVE,NONE,Garment Upper body,657.34,1
Young Adult,ACTIVE,NONE,Swimwear,134.46,1
Adult,ACTIVE,NONE,Garment Upper body,171.06,4
Elderly,ACTIVE,NONE,Garment Full body,129.23,4
Adult,ACTIVE,Regularly,Socks & Tights,113.55,0
Adult,ACTIVE,NONE,Underwear,165.83,4
Young Adult,ACTIVE,Regularly,Garment Upper body,448.19,3
Young Adult,ACTIVE,NONE,Underwear,134.46,1
Adult,ACTIVE,NONE,Garment Upper body,186.75,4
Adult,ACTIVE,NONE,Garment Lower body,113.55,4
Young Adult,ACTIVE,NONE,Garment Upper body,103.09,1
Elderly,ACTIVE,Regularly,Garment Lower body,153.91,0
Young Adult,ACTIVE,NONE,Garment Lower body,124,1
Adult,ACTIVE,Regularly,Garment Lower body,239.04,0
Young Adult,ACTIVE,NONE,Swimwear,218.12,1
Young Adult,ACTIVE,Regularly,Swimwear,117.73,3
Adult,ACTIVE,NONE,Shoes,291.33,4
Young Adult,ACTIVE,NONE,Garment Full body,180.48,1
Adult,ACTIVE,NONE,Accessories,186.75,4
Adult,ACTIVE,NONE,Garment Full body,71.72,4
Young Adult,ACTIVE,NONE,Nightwear,114.59,1
Young Adult,ACTIVE,Regularly,Garment Upper body,133.42,3
Adult,ACTIVE,Regularly,Garment Lower body,113.55,0
Young Adult,ACTIVE,NONE,Garment Upper body,239.04,1
Elderly,ACTIVE,NONE,Garment Lower body,291.33,4
Elderly,ACTIVE,NONE,Garment Upper body,207.67,4
Elderly,ACTIVE,Regularly,Garment Full body,1337.2,0
Young Adult,ACTIVE,Regularly,Accessories,146.38,3
Adult,ACTIVE,NONE,Garment Lower body,197.21,4
Young Adult,ACTIVE,Regularly,Garment Lower body,186.75,3
Adult,ACTIVE,NONE,Accessories,105.18,4
Elderly,ACTIVE,Regularly,Garment Full body,64.71,0
Young Adult,ACTIVE,Regularly,Garment Upper body,186.75,3
Elderly,ACTIVE,Regularly,Swimwear,110.51,0
Elderly,ACTIVE,NONE,Garment Lower body,113.55,4
Young Adult,ACTIVE,Regularly,Socks & Tights,113.55,3
Adult,NO MEMBERSHIP,NONE,Swimwear,50.8,2
Adult,ACTIVE,Regularly,Garment Upper body,134.46,0
Adult,ACTIVE,Regularly,Garment Upper body,124,0
Young Adult,ACTIVE,NONE,Garment Lower body,186.75,1
Young Adult,ACTIVE,NONE,Garment Lower body,134.46,1
Adult,ACTIVE,Regularly,Garment Upper body,134.46,0
Adult,ACTIVE,Regularly,Garment Lower body,186.75,0
Adult,ACTIVE,NONE,Garment Full body,318.52,4
Young Adult,ACTIVE,Regularly,Garment Lower body,134.46,3
Young Adult,ACTIVE,Regularly,Underwear,186.75,3
Elderly,ACTIVE,Regularly,Garment Full body,211.53,0
Adult,ACTIVE,Regularly,Underwear,222.31,0
Adult,ACTIVE,NONE,Garment Upper body,134.46,4
Young Adult,ACTIVE,Regularly,Socks & Tights,55.92,3
Young Adult,ACTIVE,NONE,Underwear,218.12,1
Young Adult,ACTIVE,NONE,Garment Lower body,234.86,1
Young Adult,ACTIVE,Regularly,Garment Lower body,299.69,3
Young Adult,ACTIVE,Regularly,Garment Upper body,406.36,3
Young Adult,ACTIVE,Regularly,Garment Upper body,343.61,3
Young Adult,ACTIVE,NONE,Garment Upper body,113.55,1
Teenager,ACTIVE,Regularly,Socks & Tights,105.18,0
Young Adult,ACTIVE,Regularly,Garment Upper body,103.09,3
Young Adult,ACTIVE,Regularly,Accessories,113.55,3
Young Adult,ACTIVE,NONE,Garment Lower body,186.75,1
Young Adult,ACTIVE,NONE,Swimwear,186.75,1
Young Adult,ACTIVE,NONE,Garment Upper body,186.75,1
Adult,ACTIVE,Regularly,Garment Upper body,113.55,0
Young Adult,ACTIVE,NONE,Garment Upper body,134.46,1
Elderly,ACTIVE,NONE,Garment Full body,448.19,4
Young Adult,ACTIVE,Regularly,Garment Full body,186.75,3
Young Adult,ACTIVE,Regularly,Garment Upper body,382.41,3
Young Adult,ACTIVE,NONE,Garment Full body,239.04,1
Adult,ACTIVE,Regularly,Garment Upper body,134.46,0
Adult,ACTIVE,Regularly,Garment Upper body,239.04,0
Young Adult,ACTIVE,Regularly,Garment Full body,186.75,3
Elderly,ACTIVE,NONE,Garment Full body,395.9,4
Young Adult,ACTIVE,NONE,Garment Upper body,74.75,1
Young Adult,ACTIVE,Regularly,Garment Full body,343.61,3
Young Adult,ACTIVE,NONE,Garment Upper body,165.83,1
Adult,ACTIVE,Regularly,Garment Lower body,218.12,0
Adult,ACTIVE,Regularly,Garment Upper body,239.04,0
Young Adult,ACTIVE,NONE,Swimwear,343.61,1
Adult,ACTIVE,NONE,Garment Lower body,155.38,4
Elderly,ACTIVE,NONE,Socks & Tights,71.72,4
Young Adult,ACTIVE,NONE,Underwear,291.33,1
Young Adult,ACTIVE,Regularly,Garment Lower body,155.48,3
Elderly,ACTIVE,NONE,Garment Full body,186.75,4
Adult,ACTIVE,NONE,Garment Upper body,343.61,4
Elderly,ACTIVE,NONE,Swimwear,86.46,4
Young Adult,ACTIVE,Regularly,Underwear,186.75,3
Adult,ACTIVE,NONE,Garment Upper body,65.44,4
Young Adult,ACTIVE,NONE,Underwear,218.12,1
Elderly,PRE-CREATE,NONE,Accessories,113.55,2
Adult,ACTIVE,NONE,Garment Upper body,181.21,4
Young Adult,ACTIVE,Regularly,Garment Upper body,92.63,3
Adult,ACTIVE,NONE,Underwear,165.83,4
Young Adult,ACTIVE,NONE,Garment Upper body,113.55,1
Young Adult,ACTIVE,Regularly,Garment Full body,343.61,3
Young Adult,ACTIVE,NONE,Garment Lower body,144.92,1
Young Adult,ACTIVE,NONE,Garment Lower body,280.87,1
Young Adult,ACTIVE,Regularly,Garment Lower body,552.77,3
Young Adult,ACTIVE,NONE,Garment Upper body,163.22,1
Adult,ACTIVE,Regularly,Garment Lower body,124,0
Elderly,ACTIVE,NONE,Garment Upper body,127.98,4
Young Adult,ACTIVE,Regularly,Garment Lower body,395.9,3
Elderly,ACTIVE,Regularly,Garment Upper body,86.36,0
Adult,ACTIVE,Regularly,Garment Upper body,76.84,0
Young Adult,ACTIVE,NONE,Garment Upper body,103.09,1
Young Adult,ACTIVE,NONE,Garment Lower body,99.64,1
Young Adult,ACTIVE,NONE,Garment Upper body,448.19,1
Young Adult,ACTIVE,NONE,Garment Upper body,186.75,1
Adult,ACTIVE,NONE,Garment Upper body,165.83,4
Young Adult,ACTIVE,NONE,Underwear,124,1
Adult,ACTIVE,NONE,Garment Lower body,239.04,4
Young Adult,ACTIVE,Regularly,Accessories,50.8,3
Young Adult,ACTIVE,Regularly,Garment Lower body,359.3,3
Adult,PRE-CREATE,NONE,Garment Lower body,291.33,2
Young Adult,ACTIVE,NONE,Garment Upper body,152.24,1
Young Adult,ACTIVE,Regularly,Underwear,134.46,3
Young Adult,ACTIVE,Regularly,Garment Lower body,225.97,3
Young Adult,ACTIVE,Regularly,Shoes,239.04,3
Young Adult,ACTIVE,NONE,Garment Full body,510.94,1
Young Adult,ACTIVE,Regularly,Garment Upper body,291.33,3
Young Adult,ACTIVE,NONE,Garment Upper body,235.48,1
Young Adult,ACTIVE,NONE,Garment Upper body,343.61,1
Young Adult,ACTIVE,Regularly,Underwear,208.71,3
Young Adult,ACTIVE,NONE,Garment Upper body,103.09,1
Young Adult,ACTIVE,Regularly,Swimwear,113.55,3
Adult,ACTIVE,NONE,Garment Lower body,529.76,4
Young Adult,ACTIVE,NONE,Swimwear,286.73,1
Adult,ACTIVE,NONE,Underwear,113.55,4
Adult,ACTIVE,Regularly,Swimwear,134.46,0
Adult,ACTIVE,Regularly,Accessories,82.17,0
Adult,ACTIVE,NONE,Accessories,40.34,4
Adult,ACTIVE,Regularly,Underwear,291.33,0
Young Adult,ACTIVE,NONE,Garment Upper body,239.04,1
Young Adult,ACTIVE,NONE,Garment Upper body,291.33,1
Young Adult,ACTIVE,NONE,Garment Upper body,186.75,1
Adult,ACTIVE,Regularly,Garment Full body,207.67,0
Adult,ACTIVE,NONE,Swimwear,186.75,4
Adult,ACTIVE,Regularly,Garment Lower body,165.83,0
Young Adult,ACTIVE,NONE,Garment Full body,395.9,1
Young Adult,ACTIVE,NONE,Garment Upper body,186.75,1
Young Adult,ACTIVE,NONE,Garment Lower body,448.19,1
Adult,ACTIVE,Regularly,Garment Lower body,283.48,0
Elderly,ACTIVE,Regularly,Garment Upper body,155.38,0
Young Adult,ACTIVE,Regularly,Garment Lower body,218.12,3
Elderly,ACTIVE,NONE,Garment Upper body,385.45,4
Elderly,ACTIVE,Regularly,Garment Full body,186.75,0
Adult,ACTIVE,NONE,Shoes,87.09,4
Adult,ACTIVE,NONE,Garment Upper body,103.09,4
Adult,ACTIVE,Regularly,Garment Lower body,552.77,0
Adult,ACTIVE,Regularly,Garment Upper body,134.46,0
Adult,ACTIVE,Regularly,Garment Upper body,155.38,0
Adult,ACTIVE,Regularly,Garment Upper body,103.09,0
Young Adult,ACTIVE,Regularly,Underwear,92.63,3
Elderly,ACTIVE,NONE,Underwear,134.46,4
Young Adult,ACTIVE,Regularly,Garment Full body,761.92,3
Adult,ACTIVE,Regularly,Swimwear,155.38,0
Young Adult,ACTIVE,Regularly,Garment Upper body,239.04,3
Teenager,ACTIVE,NONE,Garment Lower body,291.33,0
Young Adult,ACTIVE,NONE,Garment Upper body,239.04,1
Adult,ACTIVE,NONE,Accessories,113.55,4
Adult,ACTIVE,NONE,Garment Upper body,152.24,4
Young Adult,ACTIVE,NONE,Garment Upper body,134.46,1
Young Adult,ACTIVE,NONE,Accessories,186.75,1
Young Adult,ACTIVE,Regularly,Garment Upper body,92.63,3
Young Adult,ACTIVE,NONE,Garment Full body,239.04,1
Young Adult,ACTIVE,Regularly,Underwear,92.63,3
Young Adult,ACTIVE,NONE,Garment Lower body,124,1
Young Adult,ACTIVE,NONE,Garment Upper body,82.17,1
Young Adult,ACTIVE,Regularly,Garment Upper body,134.46,3
Young Adult,ACTIVE,Regularly,Garment Lower body,343.61,3
Adult,ACTIVE,NONE,Socks & Tights,97.76,4
Adult,ACTIVE,Regularly,Socks & Tights,61.26,0
Young Adult,ACTIVE,NONE,Garment Full body,186.75,1
Adult,ACTIVE,NONE,Garment Upper body,134.46,4
Young Adult,ACTIVE,Regularly,Garment Lower body,186.75,3
Adult,ACTIVE,NONE,Garment Lower body,239.04,4
Young Adult,ACTIVE,Regularly,Garment Upper body,71.72,3
Adult,ACTIVE,Regularly,Swimwear,186.75,0
Young Adult,ACTIVE,NONE,Garment Lower body,186.75,1
Elderly,ACTIVE,NONE,Garment Upper body,165.83,4
Young Adult,ACTIVE,Regularly,Garment Full body,395.9,3
Young Adult,ACTIVE,NONE,Garment Upper body,134.46,1
Young Adult,ACTIVE,NONE,Underwear,113.55,1
Young Adult,ACTIVE,NONE,Socks & Tights,51.95,1
Young Adult,ACTIVE,Regularly,Garment Lower body,343.61,3
Elderly,ACTIVE,NONE,Garment Upper body,134.46,4
Adult,ACTIVE,NONE,Garment Lower body,291.33,4
Young Adult,ACTIVE,NONE,Garment Upper body,283.69,1
Young Adult,ACTIVE,NONE,Garment Upper body,291.33,1
Young Adult,ACTIVE,NONE,Garment Upper body,134.46,1
Adult,ACTIVE,Regularly,Garment Upper body,113.55,0
Adult,ACTIVE,Regularly,Garment Lower body,296.56,0
Adult,ACTIVE,NONE,Garment Upper body,86.36,4
Adult,ACTIVE,Regularly,Garment Upper body,239.04,0
Young Adult,ACTIVE,NONE,Garment Lower body,218.12,1
Adult,ACTIVE,Regularly,Garment Lower body,155.38,0
Young Adult,ACTIVE,NONE,Garment Upper body,82.17,1
Adult,ACTIVE,NONE,Accessories,86.36,4
Elderly,ACTIVE,Regularly,Garment Lower body,236.95,0
Young Adult,ACTIVE,NONE,Swimwear,186.75,1
Adult,ACTIVE,NONE,Garment Upper body,186.75,4
Young Adult,ACTIVE,Regularly,Garment Lower body,82.17,3
Adult,ACTIVE,NONE,Garment Upper body,186.75,4
Adult,ACTIVE,Regularly,Garment Lower body,124,0
Young Adult,ACTIVE,Regularly,Garment Lower body,343.61,3
Young Adult,ACTIVE,NONE,Accessories,58.33,1
Young Adult,ACTIVE,NONE,Garment Full body,343.61,1
Elderly,ACTIVE,Regularly,Swimwear,186.75,0
Young Adult,ACTIVE,NONE,Shoes,186.75,1
Young Adult,ACTIVE,Regularly,Garment Upper body,124,3
Young Adult,ACTIVE,NONE,Garment Upper body,239.04,1
Young Adult,ACTIVE,Regularly,Garment Full body,199.3,3
Elderly,ACTIVE,NONE,Garment Full body,218.12,4
Adult,ACTIVE,NONE,Accessories,165.83,4
Young Adult,ACTIVE,Regularly,Garment Upper body,186.75,3
Elderly,ACTIVE,Regularly,Accessories,134.46,0
Young Adult,ACTIVE,NONE,Swimwear,124,1
Young Adult,ACTIVE,NONE,Accessories,57.08,1
Young Adult,ACTIVE,Regularly,Garment Lower body,265.18,3
Adult,ACTIVE,NONE,Garment Upper body,183.19,4
Young Adult,ACTIVE,Regularly,Underwear,208.71,3
Adult,ACTIVE,NONE,Underwear,113.55,4
Adult,ACTIVE,NONE,Garment Upper body,239.04,4
Adult,ACTIVE,Regularly,Swimwear,343.61,0
Young Adult,ACTIVE,NONE,Garment Lower body,197.21,1
Adult,ACTIVE,NONE,Garment Upper body,448.19,4
Elderly,ACTIVE,Regularly,Garment Lower body,186.75,0
Young Adult,ACTIVE,NONE,Garment Upper body,134.46,1
Adult,ACTIVE,NONE,Swimwear,50.8,4
Young Adult,ACTIVE,NONE,Garment Full body,270.41,1
Adult,ACTIVE,NONE,Garment Lower body,552.77,4
Young Adult,PRE-CREATE,NONE,Garment Full body,552.77,2
Young Adult,ACTIVE,NONE,Underwear,134.46,1
Young Adult,ACTIVE,NONE,Garment Full body,156.11,1
Young Adult,ACTIVE,NONE,Garment Upper body,239.04,1
Adult,ACTIVE,Regularly,Garment Lower body,239.04,0
Adult,ACTIVE,NONE,Garment Lower body,291.33,4
Young Adult,PRE-CREATE,NONE,Swimwear,134.46,2
Young Adult,ACTIVE,NONE,Garment Lower body,291.33,1
Adult,ACTIVE,NONE,Garment Upper body,322.7,4
Young Adult,ACTIVE,NONE,Garment Upper body,110.62,1
Young Adult,ACTIVE,Regularly,Garment Upper body,105.18,3
Elderly,ACTIVE,Regularly,Garment Full body,186.75,0
Young Adult,ACTIVE,NONE,Garment Lower body,291.33,1
Adult,ACTIVE,Regularly,Garment Lower body,207.67,0
Young Adult,ACTIVE,Regularly,Garment Lower body,113.55,3
Adult,ACTIVE,Regularly,Socks & Tights,36.89,0
Young Adult,ACTIVE,NONE,Underwear,134.46,1
Adult,ACTIVE,Regularly,Garment Upper body,134.46,0
Young Adult,ACTIVE,Regularly,Garment Lower body,239.04,3
Adult,ACTIVE,NONE,Shoes,186.75,4
Young Adult,ACTIVE,Regularly,Underwear,101,3
Young Adult,ACTIVE,Regularly,Garment Upper body,186.75,3
Adult,ACTIVE,Regularly,Garment Lower body,291.33,0
Adult,ACTIVE,NONE,Swimwear,124,4
Young Adult,ACTIVE,NONE,Swimwear,134.46,1
Young Adult,ACTIVE,NONE,Garment Upper body,165.83,1
Young Adult,ACTIVE,Regularly,Garment Full body,385.45,3
Elderly,ACTIVE,Regularly,Garment Lower body,312.24,0
Young Adult,ACTIVE,NONE,Garment Upper body,291.33,1
Young Adult,ACTIVE,NONE,Accessories,50.8,1
Young Adult,ACTIVE,Regularly,Garment Lower body,239.04,3
Young Adult,ACTIVE,NONE,Garment Upper body,165.83,1
Young Adult,ACTIVE,NONE,Shoes,134.46,1
Young Adult,ACTIVE,NONE,Accessories,113.55,1
Young Adult,ACTIVE,NONE,Garment Upper body,239.04,1
Adult,ACTIVE,NONE,Garment Lower body,165.83,4
Elderly,ACTIVE,NONE,Garment Upper body,155.38,4
Young Adult,ACTIVE,NONE,Garment Upper body,155.38,1
Young Adult,ACTIVE,Regularly,Accessories,113.55,3
Young Adult,ACTIVE,Regularly,Garment Lower body,239.04,3
Adult,ACTIVE,Regularly,Garment Upper body,171.06,0
Adult,ACTIVE,NONE,Garment Upper body,82.17,4
Young Adult,ACTIVE,Regularly,Garment Lower body,239.04,3
Adult,ACTIVE,NONE,Garment Upper body,82.17,4
Young Adult,ACTIVE,Regularly,Underwear,291.33,3
Adult,ACTIVE,NONE,Garment Upper body,134.46,4
Adult,ACTIVE,NONE,Garment Lower body,218.12,4
Young Adult,ACTIVE,NONE,Swimwear,131.01,1
Young Adult,ACTIVE,Regularly,Garment Upper body,82.17,3
Young Adult,ACTIVE,NONE,Shoes,239.04,1
Young Adult,ACTIVE,NONE,Garment Lower body,212.89,1
Young Adult,ACTIVE,NONE,Underwear,218.12,1
Young Adult,ACTIVE,NONE,Swimwear,168.87,1
Young Adult,ACTIVE,Regularly,Accessories,82.17,3
Young Adult,ACTIVE,NONE,Garment Upper body,82.17,1
Young Adult,ACTIVE,NONE,Swimwear,71.72,1
Adult,ACTIVE,NONE,Garment Upper body,134.46,4
Young Adult,ACTIVE,NONE,Garment Upper body,239.04,1
Young Adult,ACTIVE,Regularly,Accessories,218.12,3
Young Adult,ACTIVE,Regularly,Garment Upper body,134.46,3
Young Adult,ACTIVE,Regularly,Garment Upper body,50.8,3
Adult,ACTIVE,NONE,Garment Lower body,134.46,4
Elderly,ACTIVE,Regularly,Garment Upper body,134.46,0
Adult,ACTIVE,Regularly,Garment Lower body,395.9,0
Elderly,ACTIVE,NONE,Swimwear,108.32,4
Adult,ACTIVE,Regularly,Underwear,165.83,0
Young Adult,ACTIVE,Regularly,Swimwear,71.72,3
Young Adult,PRE-CREATE,NONE,Unknown,134.46,2
Adult,ACTIVE,NONE,Garment Full body,239.04,4
Adult,ACTIVE,Regularly,Swimwear,113.76,0
Young Adult,ACTIVE,NONE,Garment Upper body,134.46,1
Elderly,ACTIVE,Regularly,Garment Upper body,124,0
Adult,ACTIVE,NONE,Garment Upper body,186.75,4
Elderly,ACTIVE,Regularly,Garment Lower body,239.04,0
Young Adult,ACTIVE,NONE,Garment Lower body,291.33,1
Adult,ACTIVE,Regularly,Garment Upper body,78.62,0
Adult,ACTIVE,NONE,Garment Upper body,186.75,4
Young Adult,ACTIVE,Regularly,Swimwear,218.12,3
Young Adult,ACTIVE,NONE,Swimwear,186.75,1
Young Adult,ACTIVE,NONE,Garment Upper body,165.83,1
Adult,ACTIVE,Regularly,Nightwear,163.74,0
Adult,ACTIVE,Regularly,Garment Upper body,48.71,0
Young Adult,ACTIVE,Regularly,Garment Upper body,218.12,3
Adult,ACTIVE,NONE,Garment Full body,71.72,4
Young Adult,ACTIVE,NONE,Garment Upper body,92.63,1
Adult,ACTIVE,NONE,Garment Full body,239.04,4
Adult,ACTIVE,NONE,Accessories,113.55,4
Adult,ACTIVE,NONE,Garment Full body,336.4,4
Young Adult,ACTIVE,NONE,Garment Full body,239.04,1
Young Adult,ACTIVE,Regularly,Garment Upper body,552.77,3
Elderly,ACTIVE,Regularly,Garment Full body,186.75,0
Young Adult,ACTIVE,NONE,Swimwear,189.16,1
Young Adult,ACTIVE,NONE,Garment Upper body,291.33,1
Elderly,ACTIVE,Regularly,Garment Full body,448.19,0
Young Adult,ACTIVE,Regularly,Garment Full body,134.46,3
Adult,ACTIVE,NONE,Garment Lower body,343.61,4
Adult,ACTIVE,Regularly,Garment Upper body,186.75,0
Young Adult,ACTIVE,Regularly,Shoes,134.46,3
Elderly,ACTIVE,Regularly,Garment Upper body,171.06,0
Adult,ACTIVE,NONE,Garment Upper body,134.46,4
Adult,ACTIVE,NONE,Garment Lower body,343.61,4
Young Adult,ACTIVE,NONE,Garment Lower body,186.75,1
Adult,ACTIVE,Regularly,Garment Lower body,280.87,0
Elderly,ACTIVE,NONE,Garment Upper body,134.46,4
Young Adult,ACTIVE,NONE,Garment Full body,331.69,1
Young Adult,ACTIVE,NONE,Garment Lower body,280.87,1
Adult,ACTIVE,Regularly,Garment Lower body,155.38,0
Adult,PRE-CREATE,NONE,Underwear,186.75,2
Young Adult,ACTIVE,NONE,Garment Lower body,186.75,1
Adult,ACTIVE,NONE,Garment Upper body,134.46,4
Adult,ACTIVE,Regularly,Garment Full body,165.83,0
Young Adult,ACTIVE,Regularly,Garment Upper body,155.38,3
Young Adult,ACTIVE,NONE,Garment Upper body,134.46,1
Young Adult,ACTIVE,Regularly,Shoes,343.61,3
Young Adult,ACTIVE,NONE,Underwear,165.83,1
Young Adult,ACTIVE,NONE,Swimwear,165.83,1
Young Adult,ACTIVE,Regularly,Shoes,113.55,3
Young Adult,ACTIVE,NONE,Swimwear,252.11,1
Young Adult,ACTIVE,NONE,Garment Upper body,218.12,1
Adult,ACTIVE,Regularly,Garment Lower body,448.19,0
Young Adult,ACTIVE,NONE,Garment Upper body,118.78,1
Adult,ACTIVE,Regularly,Garment Lower body,288.71,0
Young Adult,ACTIVE,NONE,Swimwear,76.94,1
Young Adult,ACTIVE,Regularly,Garment Full body,312.24,3
Young Adult,ACTIVE,NONE,Garment Upper body,82.17,1
Adult,ACTIVE,Regularly,Garment Upper body,186.75,0
Young Adult,ACTIVE,Regularly,Garment Upper body,239.04,3
Elderly,ACTIVE,Regularly,Accessories,134.46,0
Teenager,ACTIVE,Regularly,Garment Full body,218.12,0
Young Adult,ACTIVE,Regularly,Nightwear,163.22,3
Adult,ACTIVE,Regularly,Garment Lower body,231.4,0
Young Adult,ACTIVE,NONE,Garment Full body,312.24,1
Adult,ACTIVE,NONE,Garment Lower body,113.55,4
Adult,ACTIVE,NONE,Socks & Tights,113.55,4
Young Adult,ACTIVE,NONE,Garment Lower body,186.75,1
Adult,ACTIVE,NONE,Garment Upper body,113.55,4
Teenager,ACTIVE,NONE,Garment Upper body,171.06,0
Elderly,ACTIVE,Regularly,Garment Lower body,134.46,0
Adult,ACTIVE,Regularly,Garment Lower body,343.61,0
Adult,ACTIVE,Regularly,Garment Upper body,165.83,0
Young Adult,ACTIVE,NONE,Underwear,165.83,1
Adult,ACTIVE,Regularly,Garment Lower body,291.33,0
Adult,ACTIVE,Regularly,Garment Lower body,343.61,0
Young Adult,ACTIVE,NONE,Garment Upper body,165.83,1
Adult,ACTIVE,Regularly,Garment Lower body,186.75,0
Young Adult,ACTIVE,NONE,Garment Full body,103.09,1
Young Adult,ACTIVE,Regularly,Underwear,124,3
Young Adult,ACTIVE,NONE,Garment Lower body,448.19,1
Young Adult,ACTIVE,NONE,Underwear,291.33,1
Young Adult,ACTIVE,Regularly,Garment Upper body,120.55,3
Adult,ACTIVE,Regularly,Garment Full body,186.75,0
Young Adult,ACTIVE,Regularly,Garment Lower body,239.04,3
Elderly,ACTIVE,NONE,Garment Lower body,291.33,4
Young Adult,ACTIVE,NONE,Garment Upper body,448.19,1
Elderly,ACTIVE,NONE,Garment Upper body,104.13,4
Young Adult,ACTIVE,Regularly,Garment Lower body,239.04,3
Elderly,ACTIVE,NONE,Garment Lower body,186.75,4
Elderly,ACTIVE,Regularly,Garment Lower body,296.56,0
Adult,ACTIVE,NONE,Garment Upper body,146.07,4
Young Adult,ACTIVE,NONE,Accessories,61.26,1
Young Adult,ACTIVE,NONE,Garment Upper body,118.78,1
Young Adult,ACTIVE,NONE,Garment Upper body,50.8,1
Young Adult,ACTIVE,NONE,Garment Lower body,239.04,1
Young Adult,ACTIVE,NONE,Garment Full body,390.05,1
Young Adult,ACTIVE,Regularly,Garment Upper body,186.75,3
Adult,ACTIVE,NONE,Garment Upper body,134.46,4
Adult,ACTIVE,Regularly,Swimwear,239.04,0
Adult,ACTIVE,NONE,Garment Upper body,82.17,4
Young Adult,ACTIVE,NONE,Garment Upper body,448.19,1
Young Adult,ACTIVE,NONE,Accessories,448.19,1
Adult,ACTIVE,NONE,Garment Upper body,92.63,4
Elderly,ACTIVE,Regularly,Garment Upper body,364.53,0
Young Adult,ACTIVE,Regularly,Shoes,343.61,3
Young Adult,ACTIVE,NONE,Garment Full body,103.09,1
Adult,ACTIVE,NONE,Garment Full body,510.94,4
Young Adult,ACTIVE,NONE,Garment Upper body,218.12,1
Adult,ACTIVE,NONE,Garment Upper body,186.75,4
Young Adult,ACTIVE,Regularly,Garment Upper body,291.33,3
Adult,ACTIVE,NONE,Garment Full body,186.75,4
Young Adult,ACTIVE,Regularly,Garment Lower body,134.46,3
Young Adult,ACTIVE,Regularly,Garment Lower body,500.48,3
Adult,ACTIVE,NONE,Garment Upper body,339.85,4
Young Adult,ACTIVE,Regularly,Accessories,218.12,3
Adult,ACTIVE,NONE,Swimwear,343.61,4
Young Adult,ACTIVE,NONE,Garment Upper body,1065.3,1
Young Adult,ACTIVE,NONE,Garment Upper body,186.75,1
Young Adult,ACTIVE,Regularly,Garment Upper body,343.61,3
Young Adult,ACTIVE,NONE,Garment Lower body,218.12,1
Young Adult,ACTIVE,NONE,Garment Lower body,134.46,1
Adult,ACTIVE,Regularly,Garment Upper body,171.06,0
Adult,ACTIVE,NONE,Garment Lower body,552.77,4
Young Adult,ACTIVE,Regularly,Underwear,226.18,3
Adult,ACTIVE,NONE,Underwear,343.61,4
Young Adult,ACTIVE,NONE,Garment Upper body,113.55,1
Adult,ACTIVE,Regularly,Garment Lower body,239.04,0
Young Adult,ACTIVE,Regularly,Socks & Tights,113.55,3
Elderly,ACTIVE,Regularly,Garment Upper body,343.61,0
Young Adult,ACTIVE,NONE,Underwear,124,1
Young Adult,ACTIVE,Regularly,Garment Upper body,291.33,3
Young Adult,ACTIVE,Regularly,Accessories,61.26,3
Adult,PRE-CREATE,NONE,Accessories,165.83,2
Young Adult,ACTIVE,NONE,Garment Upper body,448.19,1
Young Adult,ACTIVE,Regularly,Garment Upper body,165.83,3
Adult,ACTIVE,NONE,Garment Lower body,218.12,4
Adult,ACTIVE,Regularly,Garment Upper body,76.63,0
Adult,ACTIVE,NONE,Garment Upper body,134.46,4
Young Adult,ACTIVE,Regularly,Garment Upper body,134.46,3
Young Adult,ACTIVE,Regularly,Garment Lower body,124,3
Adult,ACTIVE,NONE,Underwear,171.06,4
Adult,ACTIVE,NONE,Garment Upper body,265.29,4
Adult,ACTIVE,NONE,Accessories,186.75,4
Young Adult,ACTIVE,Regularly,Garment Upper body,171.17,3
Young Adult,ACTIVE,NONE,Swimwear,134.46,1
Young Adult,ACTIVE,Regularly,Garment Full body,280.87,3
Adult,ACTIVE,NONE,Garment Lower body,92.63,4
Young Adult,ACTIVE,NONE,Garment Upper body,61.26,1
Elderly,ACTIVE,Regularly,Socks & Tights,186.75,0
Young Adult,ACTIVE,Regularly,Underwear,218.12,3
Adult,ACTIVE,NONE,Garment Lower body,113.55,4
Elderly,ACTIVE,NONE,Garment Upper body,99.32,4
Adult,ACTIVE,NONE,Garment Upper body,50.8,4
Adult,ACTIVE,Regularly,Garment Upper body,186.75,0
Young Adult,ACTIVE,Regularly,Swimwear,218.12,3
Young Adult,ACTIVE,NONE,Garment Upper body,134.46,1
Adult,ACTIVE,Regularly,Garment Upper body,134.46,0
Young Adult,ACTIVE,NONE,Underwear,113.55,1
Young Adult,ACTIVE,NONE,Garment Upper body,239.04,1
Young Adult,ACTIVE,Regularly,Garment Lower body,152.24,3
Adult,ACTIVE,NONE,Garment Lower body,280.87,4
Young Adult,ACTIVE,Regularly,Garment Lower body,134.46,3
Young Adult,ACTIVE,Regularly,Garment Upper body,50.8,3
Elderly,ACTIVE,Regularly,Garment Upper body,146.17,0
Young Adult,ACTIVE,Regularly,Garment Lower body,213.94,3
Young Adult,ACTIVE,NONE,Garment Full body,197.21,1
Young Adult,ACTIVE,NONE,Nightwear,134.46,1
Young Adult,ACTIVE,NONE,Garment Upper body,186.75,1
Elderly,ACTIVE,Regularly,Garment Lower body,186.75,0
Adult,ACTIVE,Regularly,Garment Upper body,155.38,0
Adult,ACTIVE,NONE,Shoes,165.83,4
Adult,ACTIVE,NONE,Garment Full body,239.04,4
Adult,ACTIVE,NONE,Items,92.63,4
Young Adult,ACTIVE,Regularly,Garment Lower body,134.46,3
Young Adult,ACTIVE,NONE,Garment Upper body,82.17,1
Young Adult,ACTIVE,Regularly,Garment Lower body,448.19,3
Young Adult,ACTIVE,NONE,Garment Upper body,239.04,1
Young Adult,ACTIVE,NONE,Socks & Tights,69.21,1
Young Adult,ACTIVE,Regularly,Garment Upper body,186.75,3
Young Adult,ACTIVE,NONE,Underwear,92.63,1
Elderly,ACTIVE,Regularly,Garment Upper body,103.09,0
Young Adult,ACTIVE,NONE,Garment Upper body,761.92,1
Young Adult,ACTIVE,NONE,Underwear,218.12,1
Elderly,ACTIVE,NONE,Garment Upper body,134.46,4
Adult,ACTIVE,NONE,Garment Full body,239.04,4
Adult,ACTIVE,NONE,Garment Upper body,124,4
Young Adult,ACTIVE,NONE,Garment Lower body,280.87,1
Adult,ACTIVE,NONE,Garment Lower body,186.75,4
Adult,ACTIVE,Regularly,Garment Lower body,113.55,0
Adult,ACTIVE,Regularly,Garment Lower body,291.33,0
Adult,ACTIVE,Regularly,Accessories,134.46,0
Young Adult,ACTIVE,Regularly,Garment Upper body,134.46,3
Adult,ACTIVE,NONE,Garment Upper body,239.04,4
Young Adult,ACTIVE,NONE,Garment Upper body,239.04,1
Young Adult,ACTIVE,NONE,Garment Lower body,239.04,1
Young Adult,ACTIVE,NONE,Garment Upper body,186.75,1
Young Adult,ACTIVE,NONE,Garment Lower body,239.04,1
Young Adult,ACTIVE,Regularly,Garment Lower body,165.83,3
Adult,ACTIVE,NONE,Garment Upper body,186.75,4
Adult,ACTIVE,NONE,Garment Upper body,239.04,4
Adult,ACTIVE,Regularly,Socks & Tights,172.95,0
Adult,ACTIVE,NONE,Garment Upper body,218.12,4
Adult,ACTIVE,NONE,Swimwear,343.61,4
Young Adult,ACTIVE,Regularly,Garment Full body,218.12,3
Adult,ACTIVE,NONE,Socks & Tights,80.08,4
Young Adult,ACTIVE,Regularly,Garment Upper body,448.19,3
Young Adult,ACTIVE,Regularly,Garment Full body,552.77,3
Young Adult,ACTIVE,Regularly,Swimwear,216.76,3
Young Adult,ACTIVE,NONE,Garment Full body,291.33,1
Adult,ACTIVE,Regularly,Garment Lower body,291.33,0
Young Adult,ACTIVE,NONE,Garment Upper body,77.78,1
Young Adult,ACTIVE,NONE,Garment Lower body,186.75,1
Young Adult,ACTIVE,NONE,Socks & Tights,55.72,1
Elderly,ACTIVE,Regularly,Accessories,122.54,0
Adult,ACTIVE,NONE,Garment Upper body,82.17,4
Young Adult,ACTIVE,NONE,Garment Upper body,291.33,1
Young Adult,ACTIVE,Regularly,Garment Upper body,180.89,3
Adult,ACTIVE,NONE,Garment Upper body,92.63,4
Adult,ACTIVE,NONE,Garment Upper body,395.9,4
Adult,ACTIVE,NONE,Garment Lower body,134.46,4
Adult,ACTIVE,NONE,Garment Full body,239.04,4
Adult,PRE-CREATE,Regularly,Garment Upper body,186.75,2
Young Adult,ACTIVE,NONE,Underwear,133.94,1
Adult,ACTIVE,NONE,Garment Upper body,239.04,4
Adult,ACTIVE,NONE,Garment Upper body,134.46,4
Adult,ACTIVE,Regularly,Garment Lower body,239.04,0
Adult,ACTIVE,NONE,Nightwear,165.83,4
Adult,ACTIVE,Regularly,Garment Upper body,239.04,0
Young Adult,ACTIVE,Regularly,Garment Full body,336.5,3
Adult,ACTIVE,NONE,Garment Upper body,563.23,4
Young Adult,ACTIVE,Regularly,Accessories,82.17,3
Young Adult,ACTIVE,NONE,Swimwear,124,1
Adult,ACTIVE,NONE,Garment Lower body,186.75,4
Young Adult,ACTIVE,NONE,Garment Lower body,134.46,1
Teenager,ACTIVE,NONE,Garment Upper body,448.19,0
Adult,ACTIVE,NONE,Garment Lower body,343.61,4
Adult,ACTIVE,Regularly,Garment Lower body,186.75,0
Adult,ACTIVE,NONE,Garment Upper body,186.75,4
Young Adult,ACTIVE,Regularly,Garment Full body,173.68,3
Elderly,ACTIVE,NONE,Garment Upper body,134.46,4
Adult,ACTIVE,NONE,Garment Upper body,134.46,4
Adult,ACTIVE,NONE,Garment Lower body,239.04,4
Young Adult,ACTIVE,NONE,Garment Lower body,343.61,1
Adult,ACTIVE,NONE,Garment Lower body,552.77,4
Adult,ACTIVE,Regularly,Garment Upper body,82.17,0
Adult,ACTIVE,Regularly,Garment Upper body,239.04,0
Adult,ACTIVE,Regularly,Garment Lower body,354.07,0
Young Adult,ACTIVE,Regularly,Garment Lower body,239.04,3
Young Adult,ACTIVE,NONE,Garment Full body,186.75,1
Adult,ACTIVE,Regularly,Garment Upper body,71.72,0
Elderly,ACTIVE,NONE,Garment Upper body,186.75,4
Adult,ACTIVE,NONE,Garment Lower body,343.61,4
Adult,ACTIVE,NONE,Garment Upper body,186.75,4
Young Adult,ACTIVE,NONE,Garment Upper body,186.75,1
Young Adult,ACTIVE,Regularly,Garment Upper body,82.17,3
Elderly,ACTIVE,NONE,Garment Full body,169.49,4
Adult,ACTIVE,Regularly,Garment Lower body,124,0
Young Adult,ACTIVE,NONE,Garment Lower body,333.37,1
Adult,ACTIVE,Regularly,Swimwear,153.7,0
Young Adult,ACTIVE,NONE,Garment Lower body,239.04,1
Young Adult,ACTIVE,NONE,Garment Upper body,107.69,1
Young Adult,ACTIVE,Regularly,Garment Upper body,239.04,3
Young Adult,ACTIVE,NONE,Garment Upper body,82.17,1
Adult,ACTIVE,NONE,Garment Upper body,239.04,4
Young Adult,ACTIVE,NONE,Garment Lower body,213.73,1
Young Adult,ACTIVE,Regularly,Swimwear,186.75,3
Young Adult,ACTIVE,Regularly,Garment Upper body,165.83,3
Adult,ACTIVE,Regularly,Garment Lower body,301.78,0
Adult,ACTIVE,NONE,Accessories,216.87,4
Adult,ACTIVE,NONE,Garment Full body,124,4
Adult,ACTIVE,Regularly,Garment Lower body,46.62,0
Elderly,ACTIVE,NONE,Garment Upper body,218.12,4
Young Adult,ACTIVE,NONE,Garment Upper body,186.75,1
Young Adult,ACTIVE,NONE,Garment Full body,291.33,1
Young Adult,ACTIVE,Regularly,Garment Upper body,395.9,3
Adult,ACTIVE,Regularly,Garment Upper body,134.46,0
Young Adult,ACTIVE,NONE,Garment Upper body,312.24,1
Young Adult,ACTIVE,Regularly,Garment Lower body,152.24,3
Young Adult,ACTIVE,Regularly,Accessories,124,3
Young Adult,ACTIVE,NONE,Garment Full body,114.59,1
Young Adult,ACTIVE,NONE,Garment Full body,395.9,1
Young Adult,ACTIVE,Regularly,Garment Full body,134.46,3
Adult,ACTIVE,NONE,Swimwear,186.75,4
Young Adult,ACTIVE,NONE,Garment Full body,265.18,1
Elderly,ACTIVE,Regularly,Garment Lower body,155.38,0
Young Adult,ACTIVE,Regularly,Garment Lower body,239.04,3
Adult,ACTIVE,Regularly,Garment Full body,113.55,0
Young Adult,PRE-CREATE,NONE,Garment Upper body,134.46,2
Adult,ACTIVE,Regularly,Garment Lower body,134.46,0
Young Adult,ACTIVE,Regularly,Garment Upper body,186.75,3
Young Adult,ACTIVE,NONE,Garment Upper body,239.04,1
Young Adult,ACTIVE,Regularly,Garment Full body,291.33,3
Young Adult,ACTIVE,Regularly,Garment Upper body,86.78,3
Adult,ACTIVE,NONE,Garment Lower body,395.9,4
Young Adult,PRE-CREATE,NONE,Shoes,239.04,2
Young Adult,ACTIVE,NONE,Garment Full body,328.87,1
Young Adult,ACTIVE,NONE,Garment Full body,134.46,1
Young Adult,ACTIVE,Regularly,Accessories,190.2,3
Young Adult,ACTIVE,NONE,Garment Upper body,761.92,1
Young Adult,ACTIVE,NONE,Accessories,71.72,1
Young Adult,ACTIVE,NONE,Garment Lower body,343.61,1
Young Adult,ACTIVE,Regularly,Shoes,291.33,3
Adult,ACTIVE,NONE,Garment Upper body,186.75,4
Young Adult,ACTIVE,Regularly,Accessories,186.75,3
Young Adult,ACTIVE,Regularly,Garment Upper body,155.48,3
Young Adult,ACTIVE,Regularly,Garment Upper body,186.75,3
Young Adult,ACTIVE,NONE,Garment Full body,197.21,1
Young Adult,ACTIVE,Regularly,Garment Lower body,115.01,3
Adult,ACTIVE,NONE,Garment Lower body,171.06,4
Adult,ACTIVE,NONE,Garment Lower body,145.23,4
Adult,ACTIVE,NONE,Garment Upper body,103.09,4
Adult,ACTIVE,NONE,Swimwear,180.37,4
Young Adult,ACTIVE,NONE,Garment Upper body,171.06,1
Young Adult,ACTIVE,Regularly,Garment Lower body,186.75,3
Elderly,ACTIVE,Regularly,Garment Full body,448.19,0
Elderly,ACTIVE,Regularly,Garment Upper body,82.17,0
Young Adult,ACTIVE,Regularly,Garment Lower body,343.61,3
Adult,ACTIVE,Regularly,Garment Upper body,82.17,0
Young Adult,ACTIVE,NONE,Swimwear,124,1
Young Adult,ACTIVE,NONE,Shoes,239.04,1
Young Adult,ACTIVE,NONE,Garment Upper body,118.78,1
Young Adult,ACTIVE,NONE,Swimwear,343.61,1
Young Adult,ACTIVE,NONE,Garment Upper body,197.21,1
Young Adult,ACTIVE,NONE,Garment Upper body,239.04,1
Young Adult,ACTIVE,NONE,Accessories,71.72,1
Young Adult,ACTIVE,NONE,Garment Lower body,113.55,1
Young Adult,ACTIVE,Regularly,Garment Upper body,124,3
Adult,ACTIVE,NONE,Garment Upper body,113.55,4
Young Adult,ACTIVE,NONE,Garment Lower body,156.32,1
Adult,ACTIVE,NONE,Garment Full body,312.24,4
Young Adult,ACTIVE,NONE,Garment Upper body,165.83,1
Adult,ACTIVE,Regularly,Garment Lower body,160.61,0
Young Adult,ACTIVE,NONE,Swimwear,186.75,1
Young Adult,ACTIVE,Regularly,Garment Lower body,291.33,3
Adult,ACTIVE,Regularly,Garment Upper body,312.24,0
Young Adult,ACTIVE,NONE,Underwear,186.75,1
Young Adult,ACTIVE,NONE,Garment Upper body,92.63,1
Adult,ACTIVE,Regularly,Garment Upper body,186.75,0
Adult,ACTIVE,NONE,Garment Lower body,291.33,4
Adult,ACTIVE,NONE,Garment Upper body,280.97,4
Young Adult,ACTIVE,NONE,Garment Lower body,239.04,1
Young Adult,ACTIVE,NONE,Swimwear,165.83,1
Young Adult,ACTIVE,NONE,Garment Lower body,265.18,1
Young Adult,ACTIVE,Regularly,Garment Upper body,113.55,3
Young Adult,ACTIVE,Regularly,Garment Upper body,108.32,3
Adult,ACTIVE,NONE,Garment Lower body,552.77,4
Adult,ACTIVE,Regularly,Garment Upper body,165.83,0
Young Adult,ACTIVE,NONE,Garment Lower body,291.33,1
Young Adult,ACTIVE,NONE,Garment Full body,343.61,1
Adult,ACTIVE,Regularly,Garment Lower body,395.9,0
Young Adult,ACTIVE,Regularly,Garment Full body,171.06,3
Young Adult,ACTIVE,NONE,Swimwear,218.12,1
Adult,ACTIVE,NONE,Garment Upper body,186.75,4
Young Adult,ACTIVE,NONE,Accessories,239.04,1
Elderly,ACTIVE,NONE,Garment Upper body,82.17,4
Young Adult,ACTIVE,NONE,Shoes,291.33,1
Young Adult,ACTIVE,NONE,Garment Lower body,448.19,1
Adult,ACTIVE,NONE,Garment Upper body,239.04,4
Young Adult,ACTIVE,NONE,Garment Upper body,134.46,1
Young Adult,ACTIVE,Regularly,Underwear,186.75,3
Young Adult,ACTIVE,NONE,Swimwear,186.75,1
Adult,ACTIVE,Regularly,Garment Upper body,233.18,0
Young Adult,ACTIVE,NONE,Garment Upper body,124,1
Young Adult,ACTIVE,Regularly,Garment Lower body,280.87,3
Adult,ACTIVE,NONE,Garment Lower body,239.04,4
Young Adult,ACTIVE,NONE,Underwear,134.46,1
Adult,ACTIVE,Regularly,Garment Upper body,134.46,0
Adult,ACTIVE,Regularly,Swimwear,134.46,0
Young Adult,ACTIVE,NONE,Garment Upper body,186.75,1
Elderly,ACTIVE,Regularly,Garment Lower body,343.61,0
Young Adult,ACTIVE,Regularly,Swimwear,218.12,3
Young Adult,ACTIVE,NONE,Garment Upper body,291.33,1
Young Adult,ACTIVE,Regularly,Swimwear,186.75,3
Elderly,ACTIVE,NONE,Garment Full body,165.83,4
Young Adult,ACTIVE,NONE,Underwear,186.75,1
Young Adult,ACTIVE,NONE,Garment Lower body,239.04,1
Elderly,ACTIVE,NONE,Swimwear,155.38,4
Young Adult,ACTIVE,NONE,Swimwear,186.75,1
Young Adult,ACTIVE,Regularly,Garment Upper body,113.55,3
Young Adult,ACTIVE,NONE,Garment Lower body,280.87,1
Adult,ACTIVE,Regularly,Garment Upper body,134.46,0
Young Adult,ACTIVE,Regularly,Garment Upper body,197.21,3
Young Adult,ACTIVE,Regularly,Garment Full body,239.04,3
Young Adult,ACTIVE,Regularly,Garment Lower body,225.55,3
Adult,ACTIVE,Regularly,Underwear,71.72,0
Young Adult,ACTIVE,Regularly,Garment Upper body,109.15,3
Young Adult,ACTIVE,Regularly,Garment Lower body,186.75,3
Young Adult,ACTIVE,NONE,Garment Upper body,40.34,1
Adult,ACTIVE,NONE,Garment Upper body,239.04,4
Adult,ACTIVE,NONE,Garment Lower body,189.47,4
Adult,ACTIVE,NONE,Garment Upper body,103.09,4
Young Adult,ACTIVE,Regularly,Swimwear,343.61,3
Adult,ACTIVE,NONE,Garment Lower body,291.33,4
Adult,ACTIVE,Regularly,Garment Lower body,117.73,0
Young Adult,ACTIVE,NONE,Garment Lower body,343.61,1
Young Adult,ACTIVE,Regularly,Underwear,186.75,3
Adult,ACTIVE,NONE,Garment Full body,255.77,4
Young Adult,ACTIVE,NONE,Garment Lower body,124,1
Young Adult,ACTIVE,Regularly,Garment Upper body,165.83,3
Young Adult,ACTIVE,NONE,Swimwear,92.63,1
Elderly,ACTIVE,NONE,Garment Lower body,134.46,4
Elderly,ACTIVE,NONE,Garment Lower body,124,4
Elderly,ACTIVE,Regularly,Garment Upper body,186.75,0
Young Adult,ACTIVE,Regularly,Garment Upper body,113.55,3
Young Adult,ACTIVE,NONE,Garment Upper body,113.55,1
Young Adult,ACTIVE,NONE,Accessories,142.2,1
Young Adult,ACTIVE,NONE,Nightwear,291.33,1
Teenager,ACTIVE,Regularly,Garment Upper body,186.75,0
Young Adult,ACTIVE,Regularly,Garment Upper body,265.29,3
Young Adult,ACTIVE,NONE,Shoes,165.83,1
Elderly,ACTIVE,Regularly,Shoes,152.24,0
Adult,ACTIVE,NONE,Garment Lower body,265.18,4
Young Adult,ACTIVE,NONE,Shoes,395.9,1
Elderly,ACTIVE,NONE,Garment Lower body,134.46,4
Adult,ACTIVE,Regularly,Garment Upper body,134.46,0
Young Adult,ACTIVE,NONE,Accessories,57.08,1
Young Adult,ACTIVE,Regularly,Garment Lower body,291.33,3
Young Adult,ACTIVE,NONE,Swimwear,186.75,1
Elderly,ACTIVE,Regularly,Garment Full body,218.12,0
Adult,ACTIVE,NONE,Garment Lower body,343.61,4
Adult,ACTIVE,NONE,Garment Upper body,291.33,4
Young Adult,ACTIVE,NONE,Garment Upper body,189.89,1
Young Adult,ACTIVE,NONE,Garment Upper body,130.28,1
Adult,ACTIVE,NONE,Garment Upper body,113.55,4
Young Adult,ACTIVE,NONE,Garment Upper body,155.38,1
Adult,PRE-CREATE,NONE,Garment Full body,186.75,2
Adult,ACTIVE,Regularly,Garment Upper body,155.38,0
Young Adult,ACTIVE,NONE,Underwear,88.13,1
Young Adult,ACTIVE,NONE,Garment Full body,239.04,1
Young Adult,ACTIVE,Regularly,Garment Upper body,113.76,3
Young Adult,ACTIVE,Regularly,Garment Lower body,338.6,3
Elderly,ACTIVE,NONE,Garment Upper body,343.61,4
Young Adult,ACTIVE,Regularly,Garment Lower body,395.9,3
Young Adult,ACTIVE,NONE,Garment Lower body,239.04,1
Young Adult,PRE-CREATE,NONE,Garment Upper body,395.9,2
Elderly,ACTIVE,Regularly,Underwear,186.75,0
Adult,ACTIVE,Regularly,Nightwear,134.46,0
Elderly,ACTIVE,NONE,Garment Upper body,343.61,4
Adult,ACTIVE,NONE,Garment Lower body,252.11,4
Young Adult,ACTIVE,Regularly,Garment Full body,312.35,3
Young Adult,ACTIVE,NONE,Garment Upper body,124,1
Adult,ACTIVE,NONE,Garment Lower body,343.61,4
Elderly,PRE-CREATE,Regularly,Garment Lower body,186.75,2
Adult,ACTIVE,NONE,Garment Lower body,239.04,4
Young Adult,ACTIVE,Regularly,Shoes,448.19,3
Young Adult,ACTIVE,NONE,Swimwear,171.06,1
Young Adult,ACTIVE,NONE,Garment Upper body,288.61,1
Young Adult,ACTIVE,Regularly,Garment Lower body,165.83,3
Adult,ACTIVE,Regularly,Swimwear,165.83,0
Young Adult,ACTIVE,NONE,Garment Upper body,239.04,1
Young Adult,ACTIVE,NONE,Garment Lower body,92.63,1
Young Adult,ACTIVE,NONE,Garment Lower body,448.19,1
Young Adult,ACTIVE,NONE,Garment Upper body,71.72,1
Adult,ACTIVE,NONE,Garment Upper body,113.55,4
Elderly,ACTIVE,NONE,Accessories,36.89,4
Young Adult,ACTIVE,NONE,Underwear,60,1
Young Adult,ACTIVE,Regularly,Garment Upper body,239.04,3
Young Adult,ACTIVE,NONE,Swimwear,133.42,1
Young Adult,ACTIVE,NONE,Swimwear,119.51,1
Young Adult,ACTIVE,Regularly,Swimwear,186.75,3
Young Adult,ACTIVE,Regularly,Garment Upper body,186.75,3
Adult,ACTIVE,NONE,Garment Lower body,239.04,4
Adult,ACTIVE,Regularly,Nightwear,186.75,0
Adult,ACTIVE,NONE,Socks & Tights,130.28,4
Elderly,ACTIVE,NONE,Garment Upper body,134.46,4
Young Adult,ACTIVE,Regularly,Garment Lower body,239.04,3
Elderly,ACTIVE,Regularly,Garment Upper body,657.34,0
Young Adult,ACTIVE,NONE,Garment Full body,239.04,1
Adult,ACTIVE,Regularly,Swimwear,210.38,0
Elderly,ACTIVE,Regularly,Shoes,291.33,0
Adult,ACTIVE,NONE,Garment Lower body,92.63,4
Adult,ACTIVE,Regularly,Garment Upper body,88.45,0
Elderly,ACTIVE,Regularly,Garment Lower body,239.04,0
Young Adult,ACTIVE,NONE,Garment Lower body,239.04,1
Young Adult,ACTIVE,Regularly,Garment Upper body,165.83,3
Adult,ACTIVE,Regularly,Garment Lower body,359.3,0
Adult,ACTIVE,NONE,Garment Upper body,239.04,4
Elderly,ACTIVE,NONE,Unknown,124,4
Young Adult,ACTIVE,NONE,Garment Lower body,268.11,1
Adult,ACTIVE,NONE,Swimwear,186.75,4
Young Adult,ACTIVE,Regularly,Garment Upper body,104.97,3
Young Adult,ACTIVE,Regularly,Garment Lower body,395.9,3
Adult,ACTIVE,Regularly,Garment Upper body,186.75,0
Young Adult,ACTIVE,Regularly,Garment Upper body,82.17,3
Young Adult,ACTIVE,NONE,Garment Upper body,113.55,1
Young Adult,ACTIVE,NONE,Garment Lower body,239.04,1
Elderly,ACTIVE,Regularly,Garment Upper body,165.83,0
Young Adult,ACTIVE,Regularly,Garment Lower body,343.61,3
Young Adult,ACTIVE,NONE,Garment Full body,239.04,1
Young Adult,ACTIVE,NONE,Garment Lower body,165.83,1
Adult,ACTIVE,Regularly,Garment Upper body,225.13,0
Young Adult,ACTIVE,NONE,Garment Lower body,165.83,1
Young Adult,ACTIVE,NONE,Garment Upper body,74.33,1
Adult,ACTIVE,NONE,Accessories,92.11,4
Young Adult,ACTIVE,NONE,Garment Full body,211.12,1
Young Adult,ACTIVE,Regularly,Garment Upper body,113.55,3
Young Adult,ACTIVE,NONE,Garment Upper body,301.78,1
Young Adult,ACTIVE,NONE,Garment Upper body,395.9,1
Young Adult,ACTIVE,NONE,Garment Upper body,239.04,1
Young Adult,ACTIVE,NONE,Accessories,186.75,1
Adult,ACTIVE,Regularly,Garment Lower body,291.33,0
Adult,ACTIVE,Regularly,Garment Upper body,165.83,0
Young Adult,ACTIVE,NONE,Garment Lower body,186.75,1
Elderly,PRE-CREATE,NONE,Socks & Tights,113.55,2
Young Adult,ACTIVE,Regularly,Shoes,395.9,3
Elderly,ACTIVE,NONE,Garment Lower body,239.04,4
Young Adult,ACTIVE,Regularly,Swimwear,165.83,3
Adult,ACTIVE,Regularly,Garment Lower body,134.46,0
Young Adult,ACTIVE,NONE,Garment Upper body,58.12,1
Adult,ACTIVE,NONE,Underwear,165.83,4
Adult,ACTIVE,NONE,Garment Upper body,113.55,4
Adult,ACTIVE,NONE,Accessories,82.17,4
Young Adult,ACTIVE,Regularly,Swimwear,186.75,3
Adult,ACTIVE,NONE,Garment Upper body,35.22,4
Young Adult,ACTIVE,NONE,Shoes,291.33,1
Young Adult,ACTIVE,NONE,Garment Upper body,97.65,1
Teenager,ACTIVE,NONE,Garment Upper body,186.75,0
Adult,ACTIVE,Regularly,Garment Upper body,113.55,0
Adult,ACTIVE,Regularly,Shoes,364.53,0
Elderly,ACTIVE,Regularly,Garment Upper body,186.75,0
Adult,ACTIVE,Regularly,Swimwear,134.46,0
Adult,ACTIVE,Regularly,Garment Full body,186.75,0
Young Adult,ACTIVE,NONE,Garment Lower body,343.61,1
Young Adult,ACTIVE,NONE,Socks & Tights,49.96,1
Adult,ACTIVE,Regularly,Shoes,223.77,0
Adult,ACTIVE,NONE,Garment Upper body,165.83,4
Elderly,ACTIVE,Regularly,Garment Upper body,71.72,0
Adult,ACTIVE,NONE,Garment Full body,343.61,4
Adult,ACTIVE,Regularly,Swimwear,186.75,0
Young Adult,ACTIVE,Regularly,Garment Lower body,159.56,3
Young Adult,ACTIVE,NONE,Accessories,113.55,1
Young Adult,ACTIVE,NONE,Accessories,82.17,1
Young Adult,ACTIVE,NONE,Garment Upper body,186.75,1
Adult,ACTIVE,NONE,Garment Upper body,239.04,4
Adult,ACTIVE,NONE,Garment Upper body,186.75,4
Young Adult,ACTIVE,NONE,Swimwear,291.33,1
Young Adult,ACTIVE,Regularly,Underwear,197.21,3
Young Adult,ACTIVE,NONE,Garment Upper body,186.75,1
Adult,ACTIVE,NONE,Garment Upper body,81.13,4
Young Adult,ACTIVE,NONE,Socks & Tights,171.06,1
Young Adult,ACTIVE,NONE,Garment Upper body,163.95,1
Young Adult,ACTIVE,NONE,Garment Upper body,134.46,1
Adult,ACTIVE,NONE,Garment Upper body,364.53,4
Elderly,ACTIVE,NONE,Underwear,186.75,4
Young Adult,ACTIVE,NONE,Garment Upper body,272.19,1
Elderly,ACTIVE,Regularly,Garment Lower body,194.59,0
Young Adult,ACTIVE,Regularly,Garment Upper body,134.46,3
Elderly,ACTIVE,Regularly,Garment Upper body,364.53,0
Young Adult,ACTIVE,Regularly,Garment Upper body,82.17,3
Elderly,ACTIVE,NONE,Garment Upper body,280.87,4
Young Adult,ACTIVE,NONE,Garment Upper body,134.46,1
Young Adult,ACTIVE,NONE,Garment Upper body,134.46,1
Young Adult,ACTIVE,Regularly,Garment Lower body,291.33,3
Elderly,ACTIVE,Regularly,Garment Upper body,82.17,0
Adult,ACTIVE,NONE,Socks & Tights,82.17,4
Young Adult,ACTIVE,NONE,Garment Lower body,278.25,1
Adult,PRE-CREATE,NONE,Swimwear,291.33,2
Young Adult,NO MEMBERSHIP,NONE,Garment Lower body,186.75,2
Young Adult,ACTIVE,Regularly,Garment Lower body,448.19,3
Adult,ACTIVE,Regularly,Garment Upper body,186.75,0
Young Adult,ACTIVE,NONE,Accessories,61.26,1
Adult,ACTIVE,NONE,Garment Upper body,218.12,4
Adult,ACTIVE,NONE,Underwear,106.12,4
Adult,ACTIVE,NONE,Garment Upper body,118.36,4
Young Adult,PRE-CREATE,NONE,Garment Lower body,186.75,2
Adult,ACTIVE,NONE,Garment Upper body,113.55,4
Adult,ACTIVE,NONE,Garment Upper body,448.19,4
Adult,ACTIVE,Regularly,Shoes,343.61,0
Elderly,ACTIVE,Regularly,Accessories,165.83,0
Adult,ACTIVE,NONE,Garment Upper body,239.04,4
Young Adult,ACTIVE,NONE,Garment Upper body,113.55,1
Young Adult,ACTIVE,Regularly,Garment Full body,186.75,3
Adult,ACTIVE,Regularly,Socks & Tights,134.46,0
Adult,ACTIVE,NONE,Socks & Tights,113.55,4
Adult,ACTIVE,NONE,Garment Full body,186.75,4
Adult,ACTIVE,NONE,Garment Upper body,186.75,4
Young Adult,ACTIVE,NONE,Underwear,134.46,1
Young Adult,ACTIVE,NONE,Garment Upper body,113.55,1
Young Adult,ACTIVE,NONE,Garment Upper body,1065.3,1
Young Adult,ACTIVE,NONE,Garment Upper body,113.55,1
Young Adult,ACTIVE,Regularly,Garment Lower body,71.72,3
Adult,ACTIVE,NONE,Underwear,134.46,4
Elderly,ACTIVE,Regularly,Garment Upper body,134.46,0
Adult,ACTIVE,Regularly,Garment Upper body,204.53,0
Young Adult,ACTIVE,Regularly,Accessories,134.46,3
Young Adult,ACTIVE,NONE,Garment Lower body,291.33,1
Young Adult,ACTIVE,NONE,Garment Lower body,343.61,1
Adult,ACTIVE,Regularly,Garment Upper body,134.46,0
Young Adult,ACTIVE,NONE,Underwear,218.12,1
Young Adult,ACTIVE,NONE,Garment Upper body,186.75,1
Young Adult,ACTIVE,Regularly,Garment Full body,239.04,3
Adult,PRE-CREATE,NONE,Garment Upper body,239.04,2
Adult,ACTIVE,Regularly,Garment Lower body,308.79,0
Young Adult,ACTIVE,Regularly,Garment Lower body,218.12,3
Adult,ACTIVE,NONE,Garment Upper body,113.55,4
Adult,ACTIVE,NONE,Garment Lower body,134.46,4
Young Adult,ACTIVE,Regularly,Garment Upper body,239.04,3
Elderly,ACTIVE,Regularly,Garment Full body,113.55,0
Young Adult,ACTIVE,NONE,Garment Full body,186.75,1
Young Adult,ACTIVE,NONE,Shoes,395.9,1
Young Adult,ACTIVE,Regularly,Garment Upper body,50.38,3
Young Adult,ACTIVE,Regularly,Garment Upper body,124,3
Young Adult,ACTIVE,Regularly,Garment Upper body,111.98,3
Young Adult,ACTIVE,NONE,Shoes,115.64,1
Adult,ACTIVE,Regularly,Garment Upper body,163.85,0
Adult,ACTIVE,Regularly,Garment Upper body,239.04,0
Young Adult,ACTIVE,NONE,Garment Full body,239.04,1
Young Adult,ACTIVE,NONE,Garment Full body,191.35,1
Adult,ACTIVE,Regularly,Garment Upper body,163.22,0
Adult,ACTIVE,Regularly,Garment Upper body,113.55,0
Adult,ACTIVE,Regularly,Underwear,160.4,0
Young Adult,ACTIVE,NONE,Garment Upper body,103.09,1
Adult,ACTIVE,NONE,Accessories,186.75,4
Young Adult,ACTIVE,NONE,Garment Upper body,134.46,1
Young Adult,ACTIVE,NONE,Garment Upper body,186.75,1
Adult,ACTIVE,Regularly,Garment Upper body,134.46,0
Young Adult,ACTIVE,Regularly,Garment Upper body,71.72,3
Young Adult,ACTIVE,NONE,Underwear,103.09,1
Adult,ACTIVE,Regularly,Accessories,165.83,0
Young Adult,NO MEMBERSHIP,NONE,Garment Upper body,134.46,2
Adult,ACTIVE,Regularly,Garment Full body,594.7,0
Young Adult,ACTIVE,Regularly,Underwear,134.46,3
Elderly,ACTIVE,NONE,Garment Upper body,406.36,4
Young Adult,ACTIVE,NONE,Swimwear,165.83,1
Young Adult,ACTIVE,Regularly,Garment Upper body,343.61,3
Young Adult,ACTIVE,Regularly,Garment Lower body,448.19,3
Elderly,ACTIVE,Regularly,Accessories,114.59,0
Adult,PRE-CREATE,NONE,Garment Upper body,448.19,2
Adult,ACTIVE,NONE,Garment Lower body,239.04,4
Young Adult,ACTIVE,Regularly,Underwear,199.3,3
Adult,ACTIVE,Regularly,Garment Upper body,134.46,0
Elderly,ACTIVE,Regularly,Swimwear,113.55,0
Adult,ACTIVE,NONE,Underwear,206.83,4
Adult,ACTIVE,NONE,Underwear,218.12,4
Young Adult,ACTIVE,Regularly,Garment Lower body,206.31,3
Elderly,ACTIVE,Regularly,Garment Upper body,134.46,0
Young Adult,ACTIVE,Regularly,Garment Lower body,186.75,3
Adult,ACTIVE,Regularly,Garment Lower body,291.33,0
Young Adult,ACTIVE,NONE,Garment Upper body,364.53,1
Young Adult,ACTIVE,NONE,Garment Lower body,186.75,1
Young Adult,ACTIVE,Regularly,Garment Full body,291.33,3
Young Adult,ACTIVE,NONE,Garment Lower body,112.92,1
Young Adult,ACTIVE,Regularly,Underwear,218.12,3
Young Adult,ACTIVE,Regularly,Garment Upper body,186.75,3
Elderly,ACTIVE,Regularly,Accessories,71.72,0
Adult,ACTIVE,Regularly,Garment Upper body,134.46,0
Elderly,ACTIVE,Regularly,Underwear,121.39,0
Young Adult,ACTIVE,Regularly,Garment Lower body,134.46,3
Adult,ACTIVE,Regularly,Garment Upper body,82.17,0
Elderly,ACTIVE,Regularly,Garment Upper body,71.72,0
Elderly,ACTIVE,Regularly,Garment Upper body,163.22,0
Young Adult,ACTIVE,Regularly,Garment Upper body,67.11,3
Young Adult,ACTIVE,Regularly,Garment Full body,97.86,3
Young Adult,ACTIVE,Regularly,Garment Lower body,152.24,3
Adult,ACTIVE,NONE,Garment Upper body,71.72,4
Young Adult,ACTIVE,Regularly,Underwear,186.75,3
Adult,ACTIVE,Regularly,Garment Full body,343.61,0
Adult,ACTIVE,NONE,Garment Upper body,239.04,4
Young Adult,ACTIVE,NONE,Swimwear,218.12,1
Young Adult,ACTIVE,NONE,Socks & Tights,71.72,1
Adult,ACTIVE,Regularly,Garment Full body,343.61,0
Young Adult,ACTIVE,Regularly,Garment Full body,239.04,3
Young Adult,ACTIVE,Regularly,Garment Upper body,343.61,3
Young Adult,ACTIVE,NONE,Garment Full body,239.04,1
Young Adult,ACTIVE,NONE,Garment Lower body,343.61,1
Young Adult,ACTIVE,Regularly,Garment Upper body,239.04,3
Adult,ACTIVE,NONE,Garment Lower body,290.18,4
Adult,ACTIVE,Regularly,Garment Upper body,82.17,0
Young Adult,ACTIVE,Regularly,Garment Upper body,134.46,3
Young Adult,ACTIVE,NONE,Garment Upper body,186.75,1
Adult,ACTIVE,Regularly,Garment Lower body,280.87,0
Young Adult,ACTIVE,NONE,Garment Lower body,218.12,1
Young Adult,ACTIVE,NONE,Garment Upper body,69.1,1
Young Adult,ACTIVE,NONE,Garment Full body,283.9,1
Adult,ACTIVE,NONE,Underwear,71.72,4
Young Adult,ACTIVE,NONE,Garment Upper body,343.61,1
Young Adult,ACTIVE,Regularly,Garment Lower body,197.21,3
Young Adult,ACTIVE,NONE,Garment Full body,239.04,1
Young Adult,ACTIVE,Regularly,Garment Lower body,229.42,3
Elderly,ACTIVE,NONE,Garment Lower body,291.33,4
Adult,ACTIVE,NONE,Garment Upper body,406.36,4
Young Adult,ACTIVE,Regularly,Garment Upper body,82.17,3
Young Adult,ACTIVE,NONE,Garment Upper body,92.63,1
Adult,ACTIVE,NONE,Underwear,124,4
Adult,ACTIVE,NONE,Accessories,184.87,4
Young Adult,ACTIVE,Regularly,Garment Upper body,113.55,3
Adult,ACTIVE,NONE,Garment Full body,134.46,4
Adult,ACTIVE,Regularly,Garment Upper body,86.36,0
Young Adult,ACTIVE,Regularly,Garment Upper body,82.17,3
Adult,ACTIVE,Regularly,Garment Upper body,134.46,0
Adult,ACTIVE,Regularly,Garment Lower body,280.87,0
Young Adult,ACTIVE,Regularly,Garment Upper body,113.55,3
Elderly,ACTIVE,Regularly,Accessories,61.26,0
Young Adult,ACTIVE,NONE,Garment Upper body,113.55,1
Adult,ACTIVE,NONE,Accessories,134.46,4
Adult,ACTIVE,Regularly,Underwear,186.75,0
Young Adult,ACTIVE,Regularly,Garment Upper body,186.75,3
Young Adult,ACTIVE,Regularly,Underwear,92.63,3
Adult,ACTIVE,NONE,Garment Upper body,239.04,4
Adult,ACTIVE,Regularly,Underwear,218.12,0
Elderly,ACTIVE,Regularly,Garment Lower body,196.68,0
Young Adult,ACTIVE,Regularly,Garment Upper body,171.06,3
Adult,ACTIVE,NONE,Swimwear,105.18,4
Young Adult,ACTIVE,Regularly,Garment Upper body,96.81,3
Adult,ACTIVE,NONE,Garment Upper body,92.63,4
Adult,ACTIVE,NONE,Garment Upper body,165.83,4
Adult,ACTIVE,NONE,Underwear,113.55,4
Young Adult,ACTIVE,NONE,Underwear,291.64,1
Young Adult,ACTIVE,NONE,Garment Upper body,186.75,1
Young Adult,ACTIVE,NONE,Socks & Tights,113.55,1
Young Adult,ACTIVE,Regularly,Garment Upper body,448.19,3
Adult,ACTIVE,NONE,Garment Upper body,130.28,4
Young Adult,ACTIVE,NONE,Garment Full body,440.14,1
Young Adult,ACTIVE,Regularly,Garment Lower body,82.17,3
Young Adult,ACTIVE,Regularly,Garment Lower body,278.25,3
Young Adult,ACTIVE,Regularly,Garment Upper body,134.46,3
Young Adult,ACTIVE,NONE,Garment Upper body,186.75,1
Young Adult,ACTIVE,Regularly,Garment Full body,393.39,3
Adult,ACTIVE,NONE,Shoes,165.83,4
Young Adult,ACTIVE,Regularly,Garment Upper body,105.7,3
Adult,ACTIVE,NONE,Garment Upper body,128.92,4
Adult,ACTIVE,NONE,Garment Upper body,182.78,4
Young Adult,ACTIVE,NONE,Garment Full body,165.83,1
Young Adult,ACTIVE,NONE,Garment Upper body,98.59,1
Elderly,ACTIVE,Regularly,Garment Upper body,113.55,0
Young Adult,ACTIVE,NONE,Garment Full body,113.55,1
Young Adult,ACTIVE,NONE,Garment Full body,395.9,1
Adult,ACTIVE,NONE,Garment Full body,291.33,4
Elderly,ACTIVE,Regularly,Garment Upper body,207.67,0
Adult,ACTIVE,NONE,Garment Lower body,134.46,4
Young Adult,ACTIVE,Regularly,Swimwear,129.86,3
Adult,ACTIVE,Regularly,Garment Upper body,129.02,0
Elderly,ACTIVE,Regularly,Accessories,111.56,0
Young Adult,ACTIVE,NONE,Accessories,134.46,1
Young Adult,ACTIVE,Regularly,Garment Upper body,50.8,3
Elderly,ACTIVE,NONE,Garment Lower body,448.19,4
Adult,ACTIVE,NONE,Underwear,218.12,4
Young Adult,ACTIVE,NONE,Garment Upper body,152.24,1
Young Adult,ACTIVE,NONE,Swimwear,186.75,1
Young Adult,ACTIVE,NONE,Garment Upper body,171.06,1
Adult,ACTIVE,Regularly,Socks & Tights,113.55,0
Adult,ACTIVE,NONE,Garment Lower body,343.61,4
Young Adult,ACTIVE,Regularly,Swimwear,124,3
Adult,ACTIVE,Regularly,Accessories,343.61,0
Adult,ACTIVE,NONE,Swimwear,134.46,4
Young Adult,ACTIVE,Regularly,Swimwear,239.04,3
Young Adult,ACTIVE,Regularly,Garment Upper body,144.92,3
Young Adult,ACTIVE,NONE,Garment Full body,239.04,1
Adult,ACTIVE,NONE,Garment Full body,186.75,4
Adult,ACTIVE,NONE,Garment Upper body,134.46,4
Elderly,ACTIVE,Regularly,Garment Lower body,239.04,0
Adult,ACTIVE,NONE,Garment Upper body,186.75,4
Young Adult,ACTIVE,Regularly,Swimwear,71.72,3
Young Adult,ACTIVE,NONE,Garment Upper body,92.63,1
Young Adult,ACTIVE,Regularly,Garment Upper body,186.75,3
Adult,ACTIVE,Regularly,Garment Upper body,291.33,0
Young Adult,ACTIVE,NONE,Garment Upper body,176.29,1
Adult,ACTIVE,Regularly,Accessories,134.46,0
Young Adult,ACTIVE,Regularly,Garment Upper body,218.12,3
Young Adult,ACTIVE,NONE,Swimwear,131.01,1
Young Adult,ACTIVE,NONE,Garment Full body,186.75,1
Adult,ACTIVE,NONE,Garment Upper body,239.04,4
Young Adult,ACTIVE,NONE,Shoes,236.63,1
Young Adult,ACTIVE,Regularly,Swimwear,165.83,3
Adult,ACTIVE,Regularly,Garment Upper body,364.53,0
Young Adult,ACTIVE,Regularly,Garment Lower body,239.04,3
Adult,ACTIVE,NONE,Garment Upper body,218.12,4
Young Adult,ACTIVE,Regularly,Garment Upper body,124,3
Adult,ACTIVE,Regularly,Garment Full body,186.75,0
Elderly,ACTIVE,NONE,Garment Upper body,189.89,4
Elderly,ACTIVE,Regularly,Garment Upper body,101.73,0
Young Adult,ACTIVE,NONE,Garment Lower body,118.78,1
Young Adult,ACTIVE,Regularly,Garment Upper body,218.12,3
Adult,ACTIVE,Regularly,Accessories,155.38,0
Adult,ACTIVE,NONE,Garment Full body,239.04,4
Young Adult,ACTIVE,NONE,Garment Lower body,761.92,1
Adult,ACTIVE,Regularly,Garment Full body,113.55,0
Adult,ACTIVE,NONE,Garment Lower body,124,4
Young Adult,ACTIVE,NONE,Garment Upper body,186.75,1
Adult,ACTIVE,NONE,Swimwear,134.46,4
Young Adult,ACTIVE,Regularly,Garment Upper body,1244.12,3
Adult,ACTIVE,NONE,Garment Upper body,239.04,4
Adult,ACTIVE,Regularly,Garment Upper body,171.06,0
Elderly,ACTIVE,Regularly,Garment Upper body,89.81,0
Young Adult,ACTIVE,Regularly,Swimwear,343.61,3
Young Adult,ACTIVE,Regularly,Garment Upper body,134.46,3
Adult,ACTIVE,Regularly,Garment Upper body,113.55,0
Adult,ACTIVE,Regularly,Garment Upper body,134.46,0
Young Adult,ACTIVE,Regularly,Underwear,134.46,3
Adult,ACTIVE,NONE,Garment Upper body,343.61,4
Adult,ACTIVE,Regularly,Garment Upper body,113.55,0
Young Adult,ACTIVE,Regularly,Swimwear,82.17,3
Young Adult,ACTIVE,NONE,Garment Upper body,112.71,1
Young Adult,ACTIVE,NONE,Garment Full body,165.83,1
Adult,ACTIVE,NONE,Garment Upper body,144.92,4
Adult,ACTIVE,NONE,Garment Upper body,639.78,4
Adult,ACTIVE,NONE,Garment Upper body,165.83,4
Young Adult,ACTIVE,NONE,Garment Lower body,343.61,1
Young Adult,ACTIVE,NONE,Garment Lower body,233.08,1
Young Adult,ACTIVE,Regularly,Garment Lower body,113.55,3
Young Adult,ACTIVE,NONE,Garment Upper body,239.04,1
Adult,ACTIVE,NONE,Garment Full body,236.21,4
Elderly,ACTIVE,NONE,Garment Lower body,315.38,4
Young Adult,ACTIVE,NONE,Shoes,157.99,1
Adult,ACTIVE,NONE,Garment Upper body,186.75,4
Elderly,ACTIVE,Regularly,Underwear,86.36,0
Adult,ACTIVE,NONE,Socks & Tights,61.26,4
Adult,ACTIVE,NONE,Underwear,218.12,4
Young Adult,ACTIVE,Regularly,Garment Full body,71.72,3
Adult,ACTIVE,Regularly,Accessories,82.17,0
Young Adult,ACTIVE,NONE,Garment Upper body,71.72,1
Adult,ACTIVE,Regularly,Garment Upper body,130.7,0
Adult,ACTIVE,Regularly,Swimwear,186.75,0
Young Adult,PRE-CREATE,NONE,Garment Upper body,291.33,2
Young Adult,ACTIVE,NONE,Swimwear,186.75,1
Young Adult,ACTIVE,NONE,Socks & Tights,47.66,1
Young Adult,ACTIVE,Regularly,Garment Upper body,165.83,3
Adult,ACTIVE,Regularly,Garment Upper body,70.98,0
Adult,ACTIVE,NONE,Socks & Tights,111.56,4
Young Adult,ACTIVE,Regularly,Garment Upper body,134.46,3
Adult,ACTIVE,NONE,Swimwear,165.83,4
Young Adult,ACTIVE,NONE,Garment Full body,186.75,1
Adult,ACTIVE,NONE,Garment Lower body,552.77,4
Elderly,ACTIVE,NONE,Garment Full body,239.04,4
Adult,ACTIVE,NONE,Nightwear,171.06,4
Young Adult,ACTIVE,NONE,Garment Lower body,343.61,1
Adult,ACTIVE,NONE,Garment Upper body,186.75,4
Young Adult,ACTIVE,Regularly,Garment Upper body,186.75,3
Young Adult,ACTIVE,NONE,Garment Upper body,82.17,1
Young Adult,ACTIVE,NONE,Garment Lower body,130.28,1
Young Adult,ACTIVE,NONE,Garment Full body,218.12,1
Young Adult,ACTIVE,Regularly,Garment Upper body,134.46,3
Adult,ACTIVE,NONE,Garment Upper body,165.83,4
Adult,ACTIVE,NONE,Swimwear,165.83,4
Young Adult,ACTIVE,NONE,Garment Upper body,82.17,1
Elderly,ACTIVE,NONE,Underwear,239.04,4
Adult,NO MEMBERSHIP,NONE,Shoes,186.75,2
Adult,ACTIVE,Regularly,Garment Lower body,291.33,0
Young Adult,ACTIVE,Regularly,Garment Upper body,61.26,3
Young Adult,ACTIVE,NONE,Garment Lower body,239.04,1
Adult,ACTIVE,NONE,Socks & Tights,113.55,4
Young Adult,ACTIVE,NONE,Garment Upper body,102.36,1
Young Adult,ACTIVE,NONE,Garment Upper body,82.17,1
Young Adult,ACTIVE,Regularly,Garment Upper body,343.61,3
Young Adult,ACTIVE,NONE,Socks & Tights,90.12,1
Young Adult,ACTIVE,NONE,Garment Upper body,186.75,1
Adult,ACTIVE,NONE,Garment Full body,165.83,4
Young Adult,ACTIVE,NONE,Nightwear,118.78,1
Young Adult,ACTIVE,NONE,Garment Upper body,406.36,1
Young Adult,ACTIVE,NONE,Garment Upper body,82.17,1
Young Adult,ACTIVE,NONE,Garment Lower body,186.75,1
Adult,ACTIVE,NONE,Accessories,218.12,4
Young Adult,ACTIVE,NONE,Garment Upper body,448.19,1
Adult,ACTIVE,Regularly,Swimwear,265.18,0
Young Adult,ACTIVE,NONE,Underwear,343.61,1
Young Adult,PRE-CREATE,NONE,Garment Upper body,448.19,2
Elderly,ACTIVE,Regularly,Garment Upper body,50.8,0
Young Adult,ACTIVE,NONE,Garment Upper body,104.76,1
Adult,ACTIVE,Regularly,Underwear,186.75,0
Adult,ACTIVE,NONE,Garment Upper body,186.75,4
Adult,ACTIVE,NONE,Garment Lower body,186.75,4
Adult,ACTIVE,Regularly,Garment Upper body,165.83,0
Young Adult,ACTIVE,Regularly,Swimwear,186.75,3
Adult,ACTIVE,NONE,Accessories,134.46,4
Elderly,ACTIVE,NONE,Garment Full body,448.19,4
Adult,ACTIVE,NONE,Garment Upper body,239.04,4
Young Adult,ACTIVE,NONE,Garment Upper body,203.59,1
Young Adult,ACTIVE,Regularly,Garment Upper body,239.04,3
Young Adult,ACTIVE,NONE,Swimwear,186.75,1
Young Adult,ACTIVE,Regularly,Garment Full body,165.83,3
Young Adult,ACTIVE,Regularly,Garment Upper body,82.17,3
Young Adult,ACTIVE,Regularly,Garment Upper body,134.46,3
Young Adult,ACTIVE,NONE,Garment Lower body,552.77,1
Young Adult,ACTIVE,NONE,Underwear,61.26,1
Elderly,ACTIVE,NONE,Garment Upper body,291.33,4
Young Adult,ACTIVE,NONE,Garment Full body,76.21,1
Adult,ACTIVE,NONE,Garment Upper body,239.04,4
Young Adult,ACTIVE,Regularly,Nightwear,218.12,3
Adult,ACTIVE,NONE,Garment Full body,103.09,4
Adult,ACTIVE,Regularly,Garment Upper body,224.08,0
Young Adult,ACTIVE,NONE,Swimwear,186.75,1
Young Adult,ACTIVE,NONE,Swimwear,218.12,1
Young Adult,ACTIVE,Regularly,Garment Lower body,197.21,3
Adult,ACTIVE,NONE,Garment Upper body,235.9,4
Adult,ACTIVE,NONE,Garment Lower body,291.33,4
Adult,ACTIVE,Regularly,Garment Upper body,134.46,0
Young Adult,ACTIVE,Regularly,Underwear,239.04,3
Young Adult,ACTIVE,Regularly,Garment Full body,164.58,3
Adult,ACTIVE,NONE,Garment Upper body,134.46,4
Young Adult,ACTIVE,NONE,Garment Full body,134.46,1
Young Adult,ACTIVE,NONE,Underwear,113.55,1
Young Adult,ACTIVE,NONE,Garment Lower body,124,1
Adult,ACTIVE,Regularly,Garment Upper body,197.21,0
Adult,ACTIVE,Regularly,Garment Upper body,92.63,0
Young Adult,ACTIVE,Regularly,Underwear,86.36,3
Adult,ACTIVE,Regularly,Garment Upper body,163.22,0
Young Adult,ACTIVE,NONE,Garment Lower body,239.04,1
Adult,ACTIVE,NONE,Garment Upper body,92.63,4
Adult,ACTIVE,NONE,Garment Upper body,155.38,4
Elderly,ACTIVE,NONE,Garment Upper body,82.17,4
Elderly,ACTIVE,NONE,Garment Full body,155.38,4
Elderly,ACTIVE,NONE,Nightwear,171.06,4
Adult,ACTIVE,NONE,Garment Lower body,171.06,4
Elderly,PRE-CREATE,NONE,Garment Full body,239.04,2
Adult,ACTIVE,NONE,Garment Upper body,657.34,4
Young Adult,ACTIVE,Regularly,Garment Lower body,417.76,3
Adult,ACTIVE,NONE,Garment Upper body,186.75,4
Young Adult,ACTIVE,NONE,Underwear,92.63,1
Young Adult,ACTIVE,Regularly,Garment Lower body,186.75,3
Young Adult,ACTIVE,NONE,Garment Full body,186.75,1
Young Adult,ACTIVE,NONE,Garment Upper body,265.18,1
Young Adult,ACTIVE,NONE,Garment Lower body,436.27,1
Adult,ACTIVE,NONE,Garment Lower body,64.81,4
Adult,ACTIVE,Regularly,Garment Upper body,343.61,0
Young Adult,ACTIVE,NONE,Socks & Tights,113.55,1
Young Adult,ACTIVE,Regularly,Underwear,82.17,3
Adult,ACTIVE,Regularly,Garment Lower body,228.58,0
Young Adult,ACTIVE,Regularly,Garment Lower body,171.06,3
Elderly,ACTIVE,Regularly,Garment Lower body,197.21,0
Adult,ACTIVE,NONE,Garment Lower body,175.77,4
Young Adult,ACTIVE,NONE,Garment Upper body,197.21,1
Young Adult,ACTIVE,NONE,Swimwear,395.9,1
Young Adult,ACTIVE,NONE,Shoes,343.61,1
Young Adult,ACTIVE,NONE,Underwear,113.55,1
Adult,ACTIVE,NONE,Garment Lower body,177.76,4
Young Adult,ACTIVE,Regularly,Garment Upper body,176.29,3
Adult,ACTIVE,NONE,Garment Lower body,265.18,4
Adult,ACTIVE,NONE,Swimwear,82.17,4
Adult,ACTIVE,NONE,Garment Upper body,186.75,4
Young Adult,ACTIVE,NONE,Garment Full body,291.33,1
Adult,ACTIVE,Regularly,Accessories,82.17,0
Young Adult,ACTIVE,NONE,Swimwear,218.12,1
Young Adult,ACTIVE,NONE,Garment Upper body,197.21,1
Elderly,ACTIVE,NONE,Garment Upper body,239.04,4
Young Adult,ACTIVE,NONE,Garment Full body,239.04,1
Young Adult,ACTIVE,Regularly,Garment Lower body,186.75,3
Adult,ACTIVE,NONE,Garment Upper body,134.46,4
Young Adult,ACTIVE,Regularly,Garment Lower body,280.87,3
Young Adult,ACTIVE,NONE,Garment Lower body,71.72,1
Young Adult,ACTIVE,Regularly,Accessories,76.94,3
Young Adult,ACTIVE,NONE,Underwear,186.75,1
Adult,ACTIVE,Regularly,Garment Lower body,134.46,0
Adult,ACTIVE,Regularly,Garment Upper body,303.35,0
Adult,ACTIVE,NONE,Garment Full body,165.83,4
Adult,ACTIVE,NONE,Underwear,113.55,4
Young Adult,ACTIVE,Regularly,Garment Lower body,239.04,3
Adult,ACTIVE,Regularly,Garment Lower body,134.46,0
Adult,ACTIVE,Regularly,Garment Upper body,134.46,0
Teenager,ACTIVE,NONE,Garment Upper body,111.35,0
Adult,ACTIVE,NONE,Garment Upper body,100.89,4
Young Adult,ACTIVE,NONE,Garment Upper body,82.17,1
Young Adult,ACTIVE,NONE,Garment Full body,124,1
Young Adult,ACTIVE,Regularly,Garment Upper body,103.09,3
Young Adult,ACTIVE,NONE,Accessories,82.17,1
Young Adult,ACTIVE,NONE,Garment Lower body,327.93,1
Young Adult,ACTIVE,Regularly,Garment Full body,397.37,3
Young Adult,ACTIVE,Regularly,Shoes,500.48,3
Young Adult,ACTIVE,NONE,Swimwear,343.61,1
Adult,ACTIVE,Regularly,Swimwear,264.14,0
Young Adult,ACTIVE,NONE,Garment Lower body,239.04,1
Young Adult,ACTIVE,NONE,Garment Lower body,197.21,1
Adult,ACTIVE,NONE,Garment Full body,265.18,4
Adult,ACTIVE,Regularly,Garment Full body,343.61,0
Adult,ACTIVE,NONE,Garment Upper body,262.57,4
Adult,ACTIVE,Regularly,Nightwear,134.46,0
Young Adult,ACTIVE,Regularly,Garment Upper body,82.17,3
Adult,ACTIVE,Regularly,Unknown,218.12,0
Young Adult,ACTIVE,Regularly,Garment Lower body,155.38,3
Elderly,ACTIVE,Regularly,Garment Upper body,138.64,0
Young Adult,ACTIVE,NONE,Garment Full body,218.12,1
Adult,ACTIVE,NONE,Nightwear,239.04,4
Young Adult,ACTIVE,NONE,Garment Full body,134.46,1
Adult,ACTIVE,NONE,Garment Lower body,395.9,4
Young Adult,ACTIVE,NONE,Garment Lower body,265.18,1
Young Adult,ACTIVE,Regularly,Garment Lower body,442.75,3
Adult,PRE-CREATE,NONE,Garment Upper body,186.75,2
Young Adult,ACTIVE,NONE,Garment Lower body,218.12,1
Adult,ACTIVE,NONE,Garment Upper body,255.77,4
Young Adult,ACTIVE,Regularly,Garment Upper body,343.61,3
Young Adult,ACTIVE,NONE,Garment Lower body,239.04,1
Young Adult,ACTIVE,Regularly,Garment Upper body,343.61,3
Adult,ACTIVE,Regularly,Garment Lower body,57.08,0
Young Adult,ACTIVE,NONE,Garment Lower body,218.12,1
Young Adult,ACTIVE,NONE,Garment Lower body,343.61,1
Young Adult,ACTIVE,Regularly,Garment Upper body,113.55,3
Adult,ACTIVE,Regularly,Garment Upper body,343.61,0
Adult,ACTIVE,Regularly,Swimwear,127.87,0
Adult,ACTIVE,NONE,Underwear,291.33,4
Adult,ACTIVE,NONE,Garment Full body,291.33,4
Adult,ACTIVE,Regularly,Garment Lower body,343.61,0
Adult,ACTIVE,NONE,Garment Upper body,186.75,4
Young Adult,ACTIVE,NONE,Garment Upper body,103.09,1
Elderly,ACTIVE,NONE,Shoes,239.04,4
Young Adult,ACTIVE,NONE,Garment Upper body,218.12,1
Young Adult,ACTIVE,NONE,Garment Lower body,239.04,1
Young Adult,ACTIVE,NONE,Garment Lower body,197.21,1
Adult,ACTIVE,NONE,Garment Upper body,165.83,4
Young Adult,ACTIVE,Regularly,Swimwear,165.83,3
Elderly,ACTIVE,NONE,Garment Lower body,124,4
Young Adult,ACTIVE,Regularly,Garment Upper body,291.33,3
Adult,ACTIVE,NONE,Accessories,111.14,4
Adult,ACTIVE,NONE,Garment Upper body,134.46,4
Young Adult,ACTIVE,NONE,Garment Full body,134.46,1
Adult,ACTIVE,NONE,Garment Upper body,343.61,4
Young Adult,ACTIVE,Regularly,Garment Upper body,134.46,3
Young Adult,NO MEMBERSHIP,NONE,Garment Upper body,186.75,2
Young Adult,ACTIVE,NONE,Garment Upper body,82.17,1
Young Adult,ACTIVE,NONE,Socks & Tights,99.64,1
Young Adult,ACTIVE,NONE,Garment Lower body,291.33,1
Adult,ACTIVE,NONE,Garment Upper body,186.75,4
Young Adult,ACTIVE,Regularly,Swimwear,134.46,3
Adult,ACTIVE,Regularly,Garment Upper body,165.83,0
Young Adult,ACTIVE,Regularly,Garment Upper body,866.5,3